0.0000000000000000 0.2679082349544584 9.0000000000000000 6.0000000000000000 3.1497415378452231 -2.3311565941712313 1.8903786803021596 1.9931402487323315 5.5471784278673422 0.7568914587005485 1.0030816516506662 1.1734183657167543 3.4911676840467218 2.8696755309407576 -0.1695925165927870 2.2389970769216223 -1.9773100678001971 1.0593049124106442 3.8376395644572110 0.3772914911600276 -0.5525604946180785 2.0080143679884142 5.8013342723485648 0.9387861397912575 2.5920421349962197 1.3800016648978251 1.8333472844312189 -0.8015157513747988 3.0347538564272605 1.2395254825273130 3.4942813152821959 -0.5505799659365449 0.4308883750948292 1.9223166084564849 -2.8076171485697103 1.4012461587431899 0.7782041579334533 4.0648552425056739 -2.4267874829254805 0.4616239154674587 1.0836519695112150 -0.7965141472122834 1.5532687163387657 -5.1741593810125908 0.4058471307527238 2.3759045640394705 1.0847008374402967 -1.6097692770719516 -2.1089856592400578 0.7659251681221624 1.7559693890512023 -0.4730322934377167 3.3129076150021048 3.8497563736115961 1.0314981809014556 0.5819875817482404 1.4388105246866991 1.3723204137461056 1.1191438829699760 -4.5144960767758295 3.3739709230165520 2.4148017129292905 0.0372179699571219 1.3106533705222860 0.1224424915242932 -1.3843839759234762 -5.5803493343419150 2.5358382872198693 2.3345138569913906 3.4309557051318955 2.5515295418908908
1.0000000000000000 0.2595130525016665 9.0000000000000000 6.0000000000000000 0.1850587270733206 1.2788872376400093 -0.0821759991950758 -2.4049651211197967 0.9389364889463258 0.6375475404018228 0.5117356783273832 1.9749599870053074 1.0060887451257012 -1.9518001655863066 1.4072986389466187 -2.1498540290241039 0.6841328212149184 -0.5897200674692096 0.4266863234633954 0.3252087454645661 -3.2961828667235764 -1.5816624232414487 -0.6226606321824057 0.6601451648815628 -1.3855081957002355 -0.2632663499918451 4.4617565514695787 0.6661029099734326 -0.7360588418043579 1.6450408859096226 0.3704265894931510 -0.3727144471762327 1.3268904501559968 -3.9587764004885821 -0.8098676494608208 2.7944492566958337 0.5037159406733351 -1.1166875072863243 1.4354524917052509 -3.0656346648314008 3.8445106496663839 -2.2016979076639012 0.3095703625617940 -2.8983800448266006 -3.9247394694886633 -1.8421271852919814 0.9617039632926258 1.4831435509952988 1.4342568890455356 5.4688335540279738 2.5591878114141347 2.5875984877627092 3.2353125514872358 -2.6657278666420647 2.5608906112183787 1.3018681029766448 0.1430856243874147 -5.5066086165838684 -0.1305214414359875 0.3344712469289935 -2.6482028189236662 -2.4576548698870262 1.6808655581705993 1.1143063659148056 -0.6263544751102786 -1.8690963653567716 -2.7052195221318409 1.6116935766884748 -4.0691420122154485 2.2459111204931861 2.3757600409033683
2.0000000000000000 0.2683492649456787 9.0000000000000000 6.0000000000000000 2.1180320437880642 -3.9732862328865308 -4.0342525463874521 -3.2538676966907811 2.1193922960492282 -4.9899335196729755 -1.0963185439302345 -0.3471527367229665 0.1654832510243137 1.2842907586394845 3.7585433665163839 -1.0784358112258228 0.9390136596228134 3.5784742933847085 -2.0686075902495702 1.8785661924812973 -4.6309450734136517 -1.7961097554807426 2.8198035370823362 1.6012193931611485 0.1636644526667634 -3.1359432369999496 2.0408239878503420 -1.7004195077032158 -5.0758675133110733 -1.0957277706208115 -1.0649699259332421 3.3003948063381277 -3.4968973545094042 -3.8328537638008400 1.0029492843272712 -0.8823300299658822 3.7438952926250986 -2.2670291057385641 -0.1559543939331309 3.2251316343619862 -1.5028799652948654 -4.4478749131574959 0.6797958126973318 -5.6479825975042681 1.1575898072695372 -0.9528140690991955 1.5267148554596135 2.4224357556910618 -4.1300592965311447 0.6161953459864952 1.7168983171426104 -2.2605183842620118 3.7704947907107655 -0.8016794328489578 0.0837031779986870 0.5234668336407634 -1.0255760311050901 -4.4056700878930402 4.8099415339456977 -1.1635435602060378 -4.8183976106273780 -2.1986925841399807 -0.5386411053904917 -3.9941019305907055 1.6370726653088477 -0.1659291347516447 -2.4847608238532537 0.3749637188855230 4.9108403476501703 1.7112248759130324 4.8611013495254163
3.0000000000000000 0.2391415391362288 9.0000000000000000 6.0000000000000000 5.4698006528579786 2.3703879789682922 -3.7341832370870836 1.7432605615003367 3.8789089946527007 1.4673966890980545 3.6974344662008494 4.8350982414033137 1.5685976523203209 -3.5288210466170753 2.2589138887478812 -2.1301056737172162 -3.4559069081616975 8.7075232063661048 -1.9664371784195254 -0.2894024033203437 -5.9883513292936765 6.3043949074972874 3.5584021649976227 -2.7771970956795782 -0.5478949554967547 -1.4268272078280058 3.3339102082417007 -1.7109862760366190 -2.7935397824284562 -0.4096224763251143 1.9634531040303589 1.5588094927856604 -2.1429535670210171 -3.5551435848463178 -0.7433038311453967 0.2977865423775742 1.1281097112590213 -0.7035016597141543 1.0624929241350995 -0.4256363458961177 0.3593409949553186 -4.6017317923601491 1.8231747457979290 -1.9333875637482116 -0.5327733561407293 -1.3346043065561359 2.1926936458552588 6.2472159459468717 -1.3631388203407648 -1.0694356294829954 -3.6653981188007316 -3.3970265604373435 5.4786904778042906 3.6649539949245011 -0.1004350737859041 -2.2313715816091864 -3.0111992693752523 -6.4586024619091820 1.3984053379270320 2.0153036275500957 -2.3707836553642241 -5.1205574591442113 -2.9745785368641586 -0.7721516283441132 -2.4980298926695848 0.1140288053422789 -2.1880113337052913 1.9770919634609108 4.0622741060389274 4.7639552661030091 6.8797121654856888
4.0000000000000000 0.2531710167587284 9.0000000000000000 6.0000000000000000 3.2699363409494349 -1.1972196917353444 -2.9960918518410500 -0.7035457637135534 1.6871838619512383 -2.6515729083316701 4.5749078756706822 0.7529735568030667 3.3104499627749027 -3.1484470083340246 3.8071052333405442 -0.8959896255956673 0.5868536651866602 4.3398136406024053 0.3423074057781933 1.1597343811925069 -2.0552134297572335 4.7174901393394979 5.2554683912204743 -5.0281250625046043 0.0599683940824758 1.6794698885614756 6.1257053684977176 -0.6105147071362486 -1.9725057040762257 -2.6344364080046332 0.1744923110058837 1.7611845771877324 -4.3785552699019972 -2.2241851530544001 -0.7684450882582601 -1.1630542242458750 1.7701948535400831 5.1756926069028077 2.3852913922769892 4.3317564287927866 2.4749499789239207 3.3573194255644014 1.6830013358172031 -4.7225211767738688 -0.5228767575940311 -1.0888085036548405 1.7407922190487159 4.7403859956557248 -5.8911957242484743 0.6410983003448135 -3.0874306056302578 -1.1267903355700841 0.0836991296263783 -1.5472484428774678 -0.5924695873786665 2.9847556894804006 -3.8390776446019195 -4.7086565932646165 4.8130859323469650 3.2191509754831751 -1.9378116580876354 -0.1250166386468252 -1.2510280128619584 1.2314201986377800 1.4195686544205999 -0.0859470499448489 -5.3212759791987061 -1.7113648173582952 1.9431776484692462 2.6747291326426286 7.0190073743432162
5.0000000000000000 0.2551807781786400 9.0000000000000000 6.0000000000000000 1.4356296803729773 2.2235459900738430 -1.0218562674656082 -0.3429144951937418 -1.7100592156366532 4.3934874167792843 2.4288632953427163 4.7666720276948631 4.2814705767841996 -5.9136109138253401 1.3861314212083324 -2.6396982148367840 1.0403707544068017 3.1976087848154466 1.0461588551749121 2.5716651652035818 -5.6830637422799537 0.4070435187426269 -2.5590609471852810 -0.5709760766736480 0.2297670280852626 0.3467280762393893 5.6873017487747948 -2.3765936499606917 0.6426378079180000 0.6166861646407089 1.7907326912158936 0.9507378858453808 -2.6006318440436789 -3.6861724855704678 0.1806863469903632 2.6084687013836785 -1.9780002318954129 -1.0542843370163912 -0.4082027883510237 -0.0879200142921406 1.4558103018485025 -3.2331947610070584 1.7127948554909427 -3.3654365857376471 1.5486971502089180 -3.5997794789677817 2.5593911650950778 6.5310251955228367 -0.3005967402402776 -1.3562574370673728 -1.2513351756503679 -1.6573613834539553 4.6211066476321303 0.0865409663475164 -5.0782191063014812 1.9239224715337286 -1.4820933127099749 -1.8050310971393859 3.6512174565134350 -2.6250208778158148 -2.4677103361066064 -1.1452970353098362 -2.5749838084519143 1.8181569527769921 1.8321978172591658 1.6172720038738182 0.2377747637401737 1.6662184288453272 5.3746609698305647 2.1701101394837505 6.0054872404430126
6.0000000000000000 0.2270374293245360 9.0000000000000000 6.0000000000000000 0.1740677646756681 2.1033523665240388 -5.0600813797678725 1.9900998218473029 2.1252314114996107 -1.7920543519341716 4.2658734345801248 1.2493566806419989 2.9174396615998295 0.2352451013724854 0.2001403639973351 -2.1460706910263778 5.5798687013655215 3.9765350975240459 -1.6737029392258314 0.1686053005273072 -6.7411602566733571 -1.7745958638926020 4.8646459934352482 0.5699456398378658 -0.6441390187511935 -1.0981301579520728 3.9309457281339064 -1.3475855693707708 -2.2437176544278721 -0.4446806654666651 2.5092272971894691 -0.5162448421756953 -2.8876247861369730 -4.9562755339984221 -0.5293275373446222 0.0184039394726076 3.4684063272563206 -2.9167515543167872 -0.5195616673309162 6.4715040112154378 1.1744628605921725 2.1043938016392958 3.3881859948544770 -1.0833077235459441 -2.4382956555555029 -1.0975066327673717 0.6450155727425761 6.3227494290900079 -0.3943363156595983 -0.3393691968683497 -4.5433131676750289 -4.8767900606226497 4.4887636143866834 2.2931029120540920 -1.7033760106948175 2.6418037702020563 -1.4867536243342900 -5.7253083125129791 5.3997887487043759 0.4358316968035543 -3.9102873439159147 -3.2814681482536745 -1.2391458735174758 -1.6822913716566763 2.0948347462419346 0.9130810378841311 -4.8152049021115353 2.8492816513863319 7.2280264617023189 2.9447169984257693 9.4451398437862562
7.0000000000000000 0.2244236648763850 9.0000000000000000 6.0000000000000000 2.2221347471624728 -0.7036842216026167 -2.1035405729141483 -2.3672725698675539 0.9469391152962254 0.8380749896099957 1.5585236393700348 -0.4388013469241034 1.7175331654931458 0.2453101031374896 -1.9094568703941361 -5.1108546958404606 -0.4775237571537378 5.0870915127029877 -2.6441734282731644 2.3904083926973567 -4.0720712396419900 3.0757744858797005 6.2213985253240338 5.7902257524291416 -4.5183429992317956 -4.0446836025921362 6.2596907741184395 -1.2877081316624732 0.7969386432957796 -0.6604515233787909 6.2236830845768907 2.6839954810578757 -4.7639506967731249 -4.8293521803367128 2.9388440626797001 3.9503979886460048 2.3269645201921807 -6.5339911026346496 2.7855811437722764 -2.4469786821187718 2.7292570547441621 -0.1657107394356121 -4.9976166359444285 -2.6861064506250676 1.3209337092635045 -3.5950640069954076 2.3830342505296036 2.5683788090771040 0.1598473472574219 0.4645640618285684 3.9011895046801364 -6.2796263978261191 4.1037288175789701 4.5721009419333773 -0.6429695316824207 -1.6211255671386202 -3.8687121876869908 -6.9394064477616215 2.1147689171673596 1.5484623837980829 -0.0415105789921442 -4.8145572892202004 0.1481838607398488 0.9887682907833533 1.2592090477754507 1.6152070766405622 -4.3877623445867098 -0.9239645020166065 3.8606498298338918 5.0055733272238241 6.2561566100306987
8.0000000000000000 0.2400450866428927 9.0000000000000000 6.0000000000000000 2.2267956777345015 -3.9261983886102136 2.3504585838630501 -0.8948444468662388 -1.5441473219677966 -1.1005943658603410 1.2101512830355889 6.0811121163002380 6.1263745536332666 -1.9477454996914789 -1.4619154692779861 -6.7613688398857175 1.6850808835590294 1.3654330079906312 -0.2396077968373286 -0.0282901114629736 -6.5248963902416524 4.8847399765830239 7.2216817075669297 2.3548813392779451 -9.8269411430611981 -6.4327201762231372 8.3946491459595833 2.8790281009976599 1.3325765260131970 -2.6174669357371916 4.4358367718043290 -1.3238823681248051 -5.7065295058627994 -9.9049979450318926 1.6043780000917549 1.6324052294226667 5.4842892537544525 -1.3224321411964173 3.8987350902012539 -0.9772440212773401 -1.1643159945928279 3.4221802464783933 0.9948029830827418 -0.1551643519050194 -2.8635930527385600 -3.5970183236399258 1.5715431752047768 3.0409212902242766 -2.1896069021927671 -0.8683043240857794 0.3203054168748667 -2.3581028775255319 6.1931495458581924 6.9478241338073552 -4.1371483338433830 -0.1864582796972445 -3.7715951490065365 -1.8095342683513089 4.7096894535804763 1.3832571772467521 -4.8648672162577649 -4.0248352542525518 -0.3530186997680791 1.0901430778222245 4.1571685927086985 1.7902467938584792 -3.0324659370863314 -0.2039445729885827 4.5315728411412399 7.9460807246796605 3.9332346981994375
9.0000000000000000 0.0853700391271955 9.0000000000000000 6.0000000000000000 -0.2490850005772618 -0.4726516899155799 -1.7017331182823667 -0.5005812579395673 -1.2116680837902383 2.4468979885242561 1.3145681358167454 2.5097807244829609 6.4182707072528675 -6.2670581809016674 -1.2229896660438935 -6.6560818156848756 3.0687891222757431 4.4151428183862258 -0.4232701249766339 4.9297214954791011 -5.2472434656259210 2.7896612678138402 3.1962531369206437 -2.4800386008434421 -4.9523888885994376 -4.2211597501639400 5.1773911641034234 0.6022136505369675 0.4380232901549492 -2.5770890257339887 3.3259323445780025 -0.8844254900788369 -4.0555143678973220 -4.2771393272769016 3.3027788415750203 3.0801071876662243 2.1989189301581771 -3.6485113445495907 2.4389469820517840 -0.4299272379866942 -0.1278566312666843 -4.4555199219736590 -0.3873250983806178 -1.0451077218534253 5.0983269265035105 -5.2842503908627556 -0.4244537953380008 6.9141812001161362 0.2333606143801350 0.3060034596454326 3.5301461867627140 -3.7800505488284313 7.5896127454260096 3.5598788464491982 -11.1945863657149616 0.9923023593060787 -3.6408015501941549 -6.0687390952580040 1.8263192751434172 0.2813845330686940 -3.0390037446671534 -6.9671578382141295 -0.9709597467655321 -2.9799976955707663 6.6787506135261614 -0.7573929024586902 -1.1746751226897945 3.8937407597756764 5.0985895619751203 6.8621442145171914 5.8951753320818794
10.0000000000000000 0.1407619763725252 9.0000000000000000 6.0000000000000000 1.4951860634571859 -1.2312240303823487 -4.9195811760797152 0.0632894314822512 -2.3315787063780751 -1.4193737046032009 -0.6148051183128536 3.5768413766831317 10.1249225899862783 -2.1353588570388946 -0.8848362079372525 -4.8931384024315303 3.4894685964808048 1.9717832553586161 1.2535363606317689 4.3646489287052992 -7.3042594444555107 7.4739425209262720 1.9467283803738740 4.4988629567244534 -6.7480102468438954 -2.6730593174686894 5.3966534706349458 2.5761404641223695 -2.0772464020125394 -4.2420769664020233 7.6123803449683614 1.5401289561344889 -11.2499810124964128 -7.6411171078781424 4.4062083502000586 -3.9806517205283498 4.0683114391192268 -4.5900019371528371 3.7557010789073280 -0.4470693709084224 -6.2077663744637297 -3.8686565390298657 0.3178474532225677 -4.7782919663003884 1.1802610807230820 -0.9051463379507521 7.7150459700521630 6.4694473206110414 0.8593455812232638 0.4155603358883052 1.5097698648809594 -2.5827777628682540 5.0439636552842035 3.0048359199896191 -2.3608519629394773 0.3669889741981331 -3.9621786565225099 -4.6745936639987731 7.8539368091639670 -1.2345190803144377 -0.9958748000103785 -6.0145659251860160 -2.2895323626279516 -2.3729562261990709 1.6900352226795767 3.6243518952771998 -3.3285210138574945 -3.7763183958218920 4.4558334028696196 7.7826039122940731 6.0120284138923132
11.0000000000000000 0.1155158121131699 9.0000000000000000 6.0000000000000000 0.9642233709704162 5.1542119489135709 -3.1489008920387427 -1.8041979793868625 -0.3519660720208148 -0.1788288908886965 -0.6431682977634068 4.5267435285820792 12.0606298133399292 -2.4447143007697241 -0.9055749655812386 -5.9069407388983937 1.0154137098154523 6.7912805286984259 -2.3496682904389328 2.7861553330318580 -7.8462740062292218 3.6790368180003217 1.1674886223521055 6.4221672258490221 -8.6995250508126460 -0.5077713574807028 6.6733779090572289 0.4659842711378903 0.8582558511106693 -2.7185828146990278 2.4314557394458927 0.7701589142226892 -5.5191173387701227 -8.8319317613696651 3.2988513373674970 2.2273677500803091 1.3710084295380680 -1.8723396293388372 -0.7261620119878556 -1.6551929782743042 -1.6419692224887730 -3.4535160415132360 2.7828335859838340 -8.4180465050740434 -3.1261364783431826 -3.5215526515021911 2.4997185166209146 5.5285712886475462 -1.3585673475664977 -3.0236688588759160 -0.8225576725390207 -2.1324366455605164 2.7940604575062391 8.4045273915935184 -6.8746159729389156 0.8894459645688173 -2.2301053182011414 -3.4870798456678846 2.5781402580460608 1.0576142170372469 -1.3359254694078038 -2.2097220444776418 2.2080497891074287 -3.5924502928147053 4.9090974487564418 2.4403781928112900 -6.5884663516264812 3.7254780609888698 6.7792834985282342 7.9655503707378239 4.4993298937380111
12.0000000000000000 0.1473470436609401 9.0000000000000000 6.0000000000000000 3.0932181350363042 -4.4337876702488179 -4.4358323615023627 0.4854015527727946 -3.7756766785112323 1.0370137063790001 -0.4263184347067057 6.8234110988865320 11.5447719075873216 -5.4230796047250225 -0.2614059959141890 -2.2279508026273618 3.4778529845574901 1.6373625225049520 2.2161389777646971 2.7279219907682029 -5.3625397966127277 6.3302669417598558 5.3683977026564156 1.4957428992089854 -6.4241175687877057 -4.8892081995543650 5.0138804640752817 -4.5897097151564745 -4.7501633817601014 -3.2347561956557014 4.6340434987758572 -0.6361383907862017 -1.9876905773297695 -7.2218661890646239 4.5479817277589838 2.2245285557956795 4.6661129308194731 0.1573092490754369 -0.2245095166579612 2.0287119583007938 -2.2321330981709018 -2.8097092422662873 3.7005584956874422 -3.7506790277864299 -0.9223348355260095 -1.9709469168004932 4.3980660133008929 3.0680791370608222 1.0948359147179099 -6.1829251780811969 -1.6841060563469790 -2.1227069883691989 3.1205357406454395 1.6869850433721441 -1.9091649216761089 -1.6179778081580456 -0.1266935899916177 -2.1298182060538444 5.9636105949917724 4.0752020697541758 -8.2197699912948572 -7.1770910918509880 -0.8612972785877009 0.6112599102087923 3.4581723764441588 0.7304472747664992 -5.8252364639755498 -1.0085644886540754 9.3583550569516731 6.1395501950435385 2.1169478015927550
13.0000000000000000 0.1396166579521972 9.0000000000000000 6.0000000000000000 3.2954183319246146 -1.1143380814832797 -6.5921428841487080 0.2793971550944654 -1.6652118010360317 -1.0321838270658086 0.5852950720066796 1.4479008990164952 7.0084945047394678 -1.5935238301002017 0.9646656554516457 -1.9163390008799879 4.6026989125249163 0.2566304515443711 0.3325437122721167 -2.1705558770741185 -9.4101105381185590 4.4352431086180308 4.8648693898249125 -0.5805366282087925 -4.7336859920440748 -5.6474275602099127 6.5421595786892022 -0.6285143226283082 -1.1056594282106853 -4.4368663536191493 0.6379535976342559 -0.4076604558717564 -8.2614117740115596 -6.9711838542482747 2.2802837258041713 4.8421893661802580 5.0694645018024733 2.9922090480083732 2.9963124620934165 -0.3593452372289990 -4.6024162797781054 -5.7938042120358810 7.2732668827328570 -3.8694014213846200 -0.3999186064863856 -0.0764826342578353 2.9206428837021385 5.3326180310136735 0.4670727628874729 1.3053799707527354 4.1988759407137906 -5.7000602803774534 1.9328952070549756 1.2582423229369022 -4.5519194080692058 -1.6205670361110591 0.2487620523645191 -2.4608215959513062 2.7817516877108499 -3.6725097413714440 -3.0318073259762301 -4.8105701695486589 -3.9880357646603621 1.1404938810832812 7.8367020337228803 3.1397042865913405 -8.1593599012008386 4.7998081613202004 7.9542184216603466 4.3920964247405685 4.1701700273492390
14.0000000000000000 0.1435497135519617 9.0000000000000000 6.0000000000000000 5.4056872077815719 -0.2819922777399568 -5.0156484404313844 0.2482519183495993 1.9395898245474075 1.0031184698171274 -0.8091563093712411 6.6529252154521794 13.9508597499874369 -7.3458002863598022 -0.4384567805810735 -2.3418342077663574 3.3749120509149955 -1.9978018759252834 1.7337841813778292 -1.5213828563050686 -10.1755939319677076 5.5975865555154973 5.8031084810529006 0.2411844835924663 -9.3132527928413644 -6.1243020100595764 9.4062024101893442 -0.9932539811361520 2.9459384839342766 -1.6692392733648740 1.0123870112000222 1.6746662845388720 -9.4632084335060682 -6.6910426746316602 1.0885295873030356 4.1680685202337244 4.7272998606316623 -1.2929080172255976 3.1214356118710569 3.6676923405540363 -1.5944220831638534 -5.4061940337197250 8.8450034412461438 -2.2953408866767457 -1.3933846899553182 -1.5245040191511712 2.4482113898442668 11.0036905832482681 1.5715687926753947 0.1593761927117272 1.2679458542472988 -4.0313506819158000 -1.3932814113845859 6.7376272095275365 -2.9828900119154547 4.2578692334956081 -0.2862060495011449 -5.7189224456905743 5.3278172838285567 -1.2190434501701011 -1.0673943963469537 0.0964949999768248 -1.4184024016025076 -3.0767729960921937 4.4953379355974334 0.9773487953813498 -7.7611269528635338 1.0348323188144992 6.8160745287053324 5.5435176910531263 0.9230989137337304
15.0000000000000000 0.0919141442388089 9.0000000000000000 6.0000000000000000 4.1670700807417411 1.3524019890938368 -2.5763414074383317 1.3528361959180837 1.6164527728715232 1.2736496042528327 0.9709166341841045 2.4609076834236081 14.1810545347427475 -5.0342299095622032 -4.2527409385333153 -6.3273965671215562 2.2042427274151377 0.8603218620495150 4.3712501010475417 4.4490572549367666 -6.8301667459790316 3.6693876958734140 8.0450243093321436 0.4316867699814152 -5.6293476045471342 -6.9940223892632201 10.9007137061307144 -2.0033284982225563 4.0255598750292529 -3.8914506966493296 4.9563399033783977 -4.0271996024426935 -10.0568252049879625 -8.4620750272669572 3.6329094904262429 7.0923194996257806 3.5033237426118493 -0.6952126076697215 3.8712078325603474 4.8942456655432043 1.2670387064383251 -5.7747170654695106 2.1170370715968003 -7.3616135356346950 0.1911264992890364 -4.7385226331299970 1.6902698290814739 12.1647976224827072 1.6904301465512193 0.1268839344241206 -2.4686192050215485 -3.7726632749623192 1.5040883304357107 1.2041691412345772 -5.1158131369353894 2.7227081721862483 -2.8972523949500490 -5.6809397784465903 2.9636598957267255 5.7901695709184509 -5.0127805953407627 -4.1954110493156040 -0.1037190391173648 -2.6153705419669246 7.2029310586223740 4.6748869551983647 -9.5290365155982784 -1.0755682399340420 6.8970886703402190 4.6115109825660037 1.8678216064503201
16.0000000000000000 0.1432864773043025 9.0000000000000000 6.0000000000000000 3.5728527799482563 -3.0260512514817499 -2.2430191633830190 -2.3480862234798350 -0.4945557351702108 -2.7136017544281321 -1.1558450713494617 1.6752054731887172 14.1880410168160704 -4.9164208576778883 -1.1324035564548220 -6.8879498998225568 -2.2844923810134938 -1.9721130259605832 -1.1442864327508580 -6.7118937998984638 -4.2234263871420845 7.1170093712861586 4.8662933689801271 -2.9096507427052152 -11.0597261802808688 -6.0019399216870326 13.4902869725197334 0.8699458933613751 -0.4794920014217507 -1.9753148117730654 -3.6479158486157184 -4.2789639532998098 -10.2940142911311980 -4.3413472316932458 7.7921272172921832 7.2255822821245719 1.9960030861755054 -0.2196970850890170 2.9089875631581590 2.3699799684936407 -5.1927716207772265 -1.7440328195131647 4.1784841192987274 -3.0400967143871571 -2.5223247213369535 -5.4177759804227268 -0.6671756730518463 8.2244772869447491 2.2108001325073428 -2.6953792289797045 3.8197091456400094 -0.4308958192510195 2.0033800426989776 0.5862893583740392 -3.7431203726488498 1.6877783175441050 2.4303116823740551 -7.5885424107114670 8.7296385119152475 3.1926718245582006 -7.1347257989810036 -7.1229139979404739 -2.8683093682845424 -0.9251806145109814 0.9696622637148682 3.8788202051924379 -6.9968406834386787 4.9694589022167541 9.1676691943277380 5.4002164884252082 5.7605209351945721
17.0000000000000000 0.0979216782969805 9.0000000000000000 6.0000000000000000 4.1505642054442404 -3.2483564412784087 -1.9863443646933341 -0.9489237440149509 -3.1493108818411386 0.0371663174269936 -2.3114970711946063 1.8710884342907914 12.7926422084130849 -4.0007416781782679 -1.7981801187305086 -7.8965995718690687 3.6337912816980009 3.7236908074294179 7.5561188155502013 -0.1452002529820947 -4.8782539064401638 11.0814895839062331 7.6203311591449836 0.5777746509041757 -9.6008607699701312 -0.8158184508918502 19.0613416976851084 1.6496495182638624 1.8474746026536246 -1.6882588731792303 2.9780952182975744 -1.7718529906847094 -10.3948326998512357 -5.5499164632716065 7.3635663293706362 6.3660855847116373 5.5490039453425837 1.9033420643731254 1.9977146074260710 2.6571134906410081 -5.7113739233258434 -3.7232473706010243 5.7492820502869177 -7.0104303108413832 0.0495183826714436 -1.7093119415169622 6.5893283154423017 8.6894227563761071 3.9930193685766420 -4.5842727087712181 3.3914819248345824 -6.7491444649789623 0.7369051547546350 0.7319112913692121 -3.3421836092551374 -1.6382005472019299 2.2804505577690763 -3.0606681540525922 5.0544484383030301 2.0601335185908196 -4.5104079625699782 -5.2018275941484013 -3.7984066576327340 -0.4821542574531312 3.5870152038874830 5.1087231758055820 -7.2060603667795835 0.5726265592443418 11.6454819757334374 -1.4279560604055037 4.5929402163375803
18.0000000000000000 0.0887581222135456 9.0000000000000000 6.0000000000000000 7.9791868991435315 2.8273282204806298 -1.2158119400094114 -1.3729249598861302 -1.3950609243197913 -1.4502850063488943 -0.9342084822303742 -0.6078640222019343 13.0716785848438608 -3.6432744388002236 -0.3982875635257624 -5.9554493206929244 5.4849950216591381 0.5926767151367026 -0.8738119983157748 1.2304020803195765 -7.0912997238561601 5.4189004876627607 5.4398282670127394 0.7045339941440729 -5.7126514647147602 -0.2406181975023527 5.2473635150397726 -2.6761639462593525 2.6170105246905520 -2.9133727616412051 8.7994129950545030 -0.8413949251573555 -8.7688733055755534 -5.0105821126461425 4.1564429287498958 4.5575297329062465 3.5681152130534155 3.8760289278596867 1.4119298325529157 7.4910771782534304 -6.5213187469345861 -3.6727642140800816 2.8390152195737461 -6.2845174650690208 -0.7944464258969569 -7.3209497493423585 2.1385090598997554 7.1168094223434517 8.1083812039378174 -4.0063311354640030 3.7620996034879890 -7.1080060512603787 5.9077533729763498 0.9310696934026534 -7.4965438294606610 1.8619142382887897 2.7212239315765592 -1.0683896683625584 5.4713800767305063 -3.1401186192209929 -4.3991855905298465 -3.2367573803715417 -5.1140715713595970 1.5564123792560900 2.9180373884747164 4.9435465532129053 -7.3465405400294035 2.1312466785534974 10.7324056037539268 4.2316768082603362 6.5572783499948759
19.0000000000000000 0.2032054666302189 9.0000000000000000 6.0000000000000000 9.1437116824268383 -0.2479329935776358 2.5175182888533105 -5.6583125175013400 1.0440042774651892 -0.4404186337242372 -1.2719282615744185 0.6521315959975754 14.7881276240947876 -2.8348645423723124 1.8457458215729203 -10.1204347092531268 -1.8642901848804194 6.3407488741904379 1.5522641335155387 6.7826875327685592 -3.0987144603361885 5.6575917819192432 5.3560362803846999 1.9444578256148144 -10.1842661670453616 -1.4875499703457393 9.8399935149994331 -0.8878656299200710 4.3087555864589584 -3.0527533337954753 3.6723290528577293 -2.7052568593777946 -9.4294845074922176 -9.2150544890440003 3.9644036425382643 6.5552483333976852 6.0355140039722794 1.5983925451820837 -4.6256694804599618 -0.6706995637680198 -6.6563831080578675 -0.6529672560986008 4.3455975281624974 -4.7408289745271848 -2.3986689832815173 -4.9149502486588865 3.9718487036439027 4.9195276742207241 3.4039040509246101 -5.2122252445896375 -6.0321920834525278 -10.8106417442394385 8.3968407514897834 3.4797839272886768 -8.4587910367896395 -0.4838408535854586 -5.3812224886681594 0.4566218415288041 7.7958869988874442 0.3826076325419295 -3.3757088358440006 2.2502285108262985 2.4528253476470048 3.1585416778378277 2.7637622861344293 6.7173310663203409 -1.2876995202992605 0.0232548871872499 11.5641508242593236 6.8549773745272198 6.9478522882690115
20.0000000000000000 0.1426319433201227 9.0000000000000000 6.0000000000000000 6.0803040723730248 2.8596586026712556 -4.5853398758644364 -2.1844810473090290 -2.9688240655401490 1.0199776613569085 -0.5566092245327795 -0.9421779882921021 23.0454272443502077 -0.2168959770171641 0.1841443070721247 -7.8769611464292995 2.0865651733114907 3.8031142262633999 -1.8465251459970444 -0.3319594737003084 -9.6287273539251430 8.3016601836019213 3.2028169162679743 3.7805109385985798 -12.2751616808269617 0.1914666009861126 11.8448190343788760 3.8157481135886271 3.6248514007879100 -3.2854504383017940 2.3902456932548430 -3.0379367788179761 -8.8527030681935983 -1.1605905900950111 -0.9315244232531628 4.9700634757422746 0.5641741814098404 -0.7441324952435796 0.3551752973246147 2.4868349513447745 -8.3378043493065483 -3.4676388002756053 3.2028925801305155 -3.4981506645514591 -1.9180390367786411 -8.5927869850106298 6.9232615498396939 10.4452973664095232 3.3896275402911775 -7.6762740956163773 -1.6740613072762520 -7.1354126728678864 13.8746178709421670 2.3169549645530361 -10.1340857930446475 1.0305756178466150 0.9283718662894533 -4.5576298198044913 7.5920056630985009 -4.0455883731817153 -6.1930332689564089 2.5202666591016234 -2.6850263771122735 0.9694608391021303 -1.9551307805122482 4.6122955924202662 -5.2468238747341740 2.2717292792453287 9.8860633047371422 5.2393978614956076 5.1511812893588829
21.0000000000000000 0.1655058681235419 9.0000000000000000 6.0000000000000000 11.2188822901963086 3.8648821579853943 -3.9036888545080819 -5.7968281052930095 2.5220258103485653 -3.9454169939412411 -2.7957999556081550 -0.7632682967393036 20.0111735366458383 -7.0300680027129472 3.1180233283169296 -11.3323892121562917 9.1007799982733051 4.7123235362522538 2.1396903990532330 3.0637779453020144 -9.2178400947145462 7.6081033406787988 2.3416826091864413 1.1204068794083095 -8.4655468005062033 4.0280436566225939 11.6839382394805824 0.4414359296612269 -1.3908285682469672 -5.8365510708832424 0.3476306112132428 -0.4526947085009054 -8.7508536338743017 -6.6151112057475885 3.0931913499899948 9.3077746339543008 7.0412671727044049 -1.7324067535273078 -2.4748749776768086 1.4289571770203477 -3.0009959033286036 0.4758995609479113 0.2989071791301230 -5.6131272275329049 2.2191804537736712 -3.5868308964023496 4.4627306962485864 8.8773326283693965 5.7477095749501004 -3.0323557402986134 -1.7662735824240623 -4.0251431697578548 5.0428711428090498 4.1509516579401726 -9.8899839833070882 9.1130142611025509 0.4647025993677734 0.1312755991305776 9.5006264312533428 -4.2855578240001728 -10.4445612476594629 -1.8401238104982203 -3.0515300226311783 12.9431379014172876 3.4068010344602397 1.0794359707005130 -8.9516035713220869 -0.5291560789984127 8.7008783242934378 5.5946707432428555 4.6268719852449305
22.0000000000000000 0.1401706632224816 9.0000000000000000 6.0000000000000000 5.2740439622249049 2.5314244235792227 -4.3451973967556086 -0.2576116273829774 -1.0232403727942301 -4.1016382515060750 -2.6597680873338678 -3.3577559525478695 21.2544152416127545 -4.9605576354165315 1.5031345663352833 -11.8282103811350865 7.1537420470010726 3.4192085818916063 7.2339217922761163 0.4783995215266335 -6.1329764422234367 12.6927434400289449 7.5903708810281225 4.3071744155621783 -14.1886084291007624 8.3659497875405631 12.2546917139582217 7.3091997568503100 6.0080591370936736 -6.5610921003296117 5.3260595842528708 -4.9802642740836482 -10.2216412398779148 -6.2448544262696908 5.5514040128653468 10.0240554802577400 5.9017571228824268 -2.4147846364550283 -5.8951221700318781 -0.0629638961983736 -5.4336346790533057 -1.7901166731503837 8.0628175065544507 -7.9580912065926945 2.8972646469472663 -6.3244188809971620 5.5352883530887427 9.9768597120639981 4.0066511568729126 -10.2856315610120461 3.8011055496525730 -4.0155929760708613 10.8099854595842775 5.4844816102709917 -4.6985614194010470 0.4226555920853112 1.6919294016396416 -3.7516989278400965 8.6147808876323388 -4.6803464592953476 -8.6064354308614330 -0.9718005212468268 2.9302777262661612 0.0794845032571359 10.5129371754229428 -5.1651849450097860 -11.6256655535541480 0.4034651194088247 13.4196452809874920 5.2998985524651747 4.7646490271947144
23.0000000000000000 0.0733565451552069 9.0000000000000000 6.0000000000000000 11.8606046052546450 4.8475057927816705 -3.7087150681749526 -4.5954379890945951 0.6279823691348835 -5.7167181688621849 -2.0876750166216427 -0.9669944644168573 23.2037161504419274 -0.8628551561547142 -0.9992327976021480 -13.8169420389944584 0.7223454261136570 3.7433570974885733 7.0355182440450612 -2.2033325751164274 -1.1993442362893836 10.5839363232725763 5.4016135595404116 -2.3367508057455568 -11.1083985181541358 5.5847277412591332 10.0435207820368184 2.0324469651412400 0.3241518654411197 2.8964646691555589 1.0761928167604000 -1.7945394739731038 -9.2806957917244297 -4.3654132585181671 1.1281981932863736 5.3237967585318211 -2.3027236751988758 0.0387091078543726 0.5440190246911158 0.1379961877442698 -5.0099601419462196 -4.5358429410916550 7.1133710993224426 -14.0721925657117914 4.9931912510872118 -1.9094793250258011 6.1407232204227133 11.9504696817547433 4.7071974984698137 -11.1553053007479956 -3.9926476824753188 -6.9491918659839174 7.5508799275883494 4.5662056174395449 -7.1418917918720561 5.0178998240918755 0.5433125807022817 0.2557772396470601 4.4159613737134986 -1.6702615703605876 -6.9330816338403798 -3.2459207519367004 0.5042912090241192 4.4663897924436426 4.2575444194611096 1.1705464584696939 -13.7351868042620922 0.4008730856742878 17.5945411509200866 5.3396649952824777 -0.5761109764264774
24.0000000000000000 0.1407344455609812 9.0000000000000000 6.0000000000000000 11.0746142780117438 4.5865558083273363 -2.5910814688722992 -0.7651186073905906 -4.2043927416748090 0.2401062240712952 -0.4629399400725394 -2.5500189045864858 20.2964025069208027 -5.5667512924187150 -0.4999020394043698 -9.9284080036774451 7.1303131987135053 -1.3500006841878820 3.5431307028415304 -0.5633475980412744 -7.0771564868616004 5.3877586432735782 8.0913245456135900 0.6317260413440992 -17.2744132949250222 2.2185928505321115 11.6194928707360372 -0.4244635204550020 0.8324997256715760 -1.0882569178651682 11.8366117370213111 -3.5743571345117608 -12.9889155859935439 -7.0328801736117779 2.6977293905798776 13.5833764032066036 3.3013692757891011 -3.5658555785212678 -4.4330467700513978 10.3611180286375717 -2.3745115967373942 -3.6799810249148082 5.9617550526307141 -4.1746271070764642 1.5383717848921323 -4.2324108242284151 12.4021218826256643 6.1063202374086627 0.4518066527663325 -4.0956568602471970 0.2869313875648414 -9.7835544530601197 13.3881508504839921 6.2685941484696315 -4.4815410488472018 3.3126638501093968 5.4039642354627500 -0.6623997829109174 4.9673923759019623 -5.9476215079516273 -4.5837430998261199 -0.7003328566439326 0.3238930643122286 6.2446235099919765 4.8346060013041798 3.9033237785924655 -12.4949544755847750 -5.4359746790903563 19.9090108116672049 8.5690149053882951 5.6283099767422176
25.0000000000000000 0.1645131642229577 9.0000000000000000 6.0000000000000000 16.5249101848116275 7.2853412426839013 0.3918761844438357 2.0016852834148029 -7.1560840327564659 -3.6527049854623184 -2.3426710845501559 -1.8841978416242682 23.8471139351948196 -7.5243428557197465 -2.6498444208965939 -12.4613381798037732 5.4128828115679255 3.2451743525166736 8.3768046729004162 2.6882182738529345 -5.0758663378406261 8.5087827960712303 0.8006456540023041 1.0370425617564045 -13.4070268172501041 3.0175175593936032 6.5979061245441919 -0.1636162305774951 8.6145376309372104 -3.0139837375418836 4.9227404540470605 -3.7544659918416703 -14.8874643757347211 -8.8796148312999357 -2.5957598421647115 5.1455001356880103 3.5913590512696572 -3.5677529200960554 -1.5263430086613767 4.7545844724069735 -1.9407018277110835 2.5568891132953642 10.2109687092996690 -6.9000303582357612 -1.0903940470969111 -2.8786633114190350 11.0917648236756463 3.5265120750453898 7.0113834446143706 -2.5798864433533049 -0.9986939996484496 -5.8165735572166790 8.4736045591323457 5.7764479329664402 -6.4357868469460424 -1.3833271580101196 -1.2028315228042519 -2.7519709883058754 2.5122605367983346 -3.8841319162349262 -7.9675588619338651 -0.0598675264225195 3.9711320864052095 -3.1601613959412003 4.0405300829742146 -1.4732402537418805 -3.7988545760748691 2.3703894086932329 19.4783060275520299 6.3293536866867566 9.8409341024176218
26.0000000000000000 0.0800284392173440 9.0000000000000000 6.0000000000000000 16.5993047988426525 9.1443940041759220 -4.8934738166506300 -5.8335632441782792 -5.1832299232509760 -5.9625666492032696 -5.1505857952507110 -0.7047700452730283 23.4956964449362680 -3.6219639047501313 -1.0523579461885406 -12.3561059463738729 1.1698568142752963 4.6700387391910620 -1.5684905178887805 -5.7662005327543167 -5.7188688240687933 8.0693003230800997 5.3375413800325617 5.3333341186331857 -19.3723104773492736 2.3520139398497699 17.4472611862639084 3.0311925875349544 9.0107941056630114 1.5185821320291444 9.6769885881839528 0.7763807934414824 -17.9669543834068008 -12.2029312252512003 2.0879667898796197 4.5618225869842757 4.8344594924788522 0.1679499735856382 -1.5182633502590162 4.3961807156130943 -3.2672314147560408 -0.2847835689274734 7.1251349887662947 -8.2800050665025218 4.9607526630418324 1.6309514068401163 4.8968728668617700 9.3665032976778626 -0.1783344544013532 -1.2662573673437452 2.4732105291636337 -0.7602761179090249 12.1465069815886295 11.3405696725625518 -11.8369267625809389 0.0183831050675081 -1.0526269207182022 4.0390388187417123 7.7204198483615976 -3.2970210933292941 -7.1970147900217301 -7.1941733397974836 2.1251099907061062 -1.3906114407750882 8.8257984197809130 -1.0139388234174893 -2.6275663467183250 1.5804980517329215 22.9315799377876637 6.8447315653065406 8.3118149191753261
27.0000000000000000 0.1668941027309553 9.0000000000000000 6.0000000000000000 16.7254223801765072 7.5186084695276669 1.5335026720671552 -3.6735978382811414 5.1724964833155544 -4.3790345377834043 -7.2855988289266467 -5.3649887099279123 22.4133353189154541 -7.2410019083985411 2.6072621228067048 -13.0660074449449457 8.7196043367051566 0.6885797956961697 2.9010609103966685 -0.0927669228147470 -6.1563942496452260 8.7040731188073739 10.5198288197801961 7.0226663477264237 -13.6922361716743506 1.5420166399424968 9.8801798376528094 6.0505548478325579 2.0498625551376364 -5.8535668107181822 5.3288292513053523 -5.0308582624884588 -15.3540317111218165 -13.4361408848088164 1.9497926086095350 3.8898839239576457 6.0379415412366013 -5.0858947635415213 -2.7599850597564379 2.6831794815584291 1.9762398432709993 -0.3810217599226746 10.7101632504978745 -7.2516027187116059 1.6439071228780429 -5.7417260350984467 7.5558372699716791 7.5821676418722666 2.2870574243061705 -6.8409501711315803 9.8055143071928299 -5.2861712501712441 11.7253272898276464 3.7283974531253863 -12.7273160417810018 4.8740808177407544 -3.9943872696509768 -3.2542951312624946 3.2050814937264449 -4.4426233916133206 -2.9990742258390828 -7.7226439447686746 -1.0666525421399773 -6.1630305978642035 8.0259701300605464 0.1465537619952721 -5.7135250140114096 -1.0268542610751212 22.1451861376446821 7.4918764197857559 4.6054826902063599
28.0000000000000000 0.0803777031609560 9.0000000000000000 6.0000000000000000 14.3577788903340160 5.9790414881578995 -6.7096472635130002 -3.2116446659943096 -3.5438697348098995 6.5303634073264520 -4.6874199114375825 6.4686879568449047 28.5131991472455901 -7.0630101117791870 1.1887916831331351 -15.6398260563047025 0.7847559803024340 1.2756387722899083 2.0678671291046604 -8.3256281979969557 -0.2443280416188314 6.7064824596327544 8.8552023993478528 5.3547530809623520 -9.1286274252332937 -2.2482899660280502 4.6643365895991362 4.2843408056105350 10.1497819166149483 -7.2453350362744935 7.9269478512469984 1.8467833574056098 -9.6075999245223009 -14.4964047125005351 -1.1719912960388024 6.1436750218324230 2.4769899737760652 -0.0942513058103178 0.5904184635040730 1.1220975021606989 5.6331811069198734 -0.5616015411686033 10.7905494334827559 -6.4494296086688365 3.7949423653889900 -12.2750100617466948 7.2589492627712433 8.5360065669945566 2.9929309541710900 -10.2729548941635720 1.6128675633179839 -10.5646146971256343 11.3826569213493016 9.0502099459568903 -12.9337912794862433 -3.9071081660236802 1.1907220289381084 -1.0602879608304332 5.8871325157817687 -5.1201674466030349 -7.7985556683183175 -3.2825125068221008 -2.3198146976375069 -3.9523466918610821 3.5782171202250419 -1.7595540006752985 -14.5243528774471748 2.2438963697964978 18.5824599601419642 4.0663797841609792 9.5141355313761053
29.0000000000000000 0.1528750157611438 9.0000000000000000 6.0000000000000000 15.7679333107631354 7.4915935228467925 -2.4858541829990823 -5.0610608529880947 -1.4403687378090606 3.2639743069839020 -3.2138463256569270 0.0067667600856391 28.7470295411489367 -5.1016896844489921 5.4249310132455397 -7.7094245848663174 7.7236024359709932 0.2125162776301860 2.4450621866552837 -1.5833258499669807 -3.7376212687057029 7.0926512003117548 10.7119792257296584 -1.1226871847520825 -13.8893095985953945 -1.0491601563295356 12.2517347717340073 -0.8304907963149901 9.6287329335438692 -3.5545584587888803 10.9124685758828495 2.5688335101571029 -17.5902955161713486 -8.4234034314500690 5.6430512836688189 8.1181703311046434 7.1838575231495509 1.9802599247873955 -6.3652640134461489 7.2029256032901436 3.9050277647706899 -4.5855694103740934 11.3195743556130903 -9.5309406024020937 2.3520912314692888 -5.5983088225148210 8.6476580759463904 11.0169067024364740 2.8934829114475140 2.0167854157755238 9.4078869400334142 -10.3251553268400222 4.6709980857803677 4.1260501435278982 -12.3669888133131813 0.8556080458507402 -3.9150434012106725 -0.5205852166289278 4.0793901256797795 -0.6290641630802751 -7.3399762043533539 -5.4798572157329737 -0.3803165270235593 -2.0432810947825741 10.7271024421848615 5.0336702300218903 -10.8388720215234891 -1.3761858143049661 24.0414273363471480 9.8486558156688719 5.0369944217304550
30.0000000000000000 0.1403063362227958 9.0000000000000000 6.0000000000000000 12.1690547991945301 2.1823246661961075 2.7793074522786849 -0.9803690687165183 -7.6733751509137438 -5.5273117213426906 -0.5021100086723269 -5.9872216919788972 23.2045345684964346 -8.3726506068180928 2.0170258934015100 -14.3483221231884670 3.5293293926797604 -5.1856020328541215 9.9255787113704201 -1.6209671523443823 -3.9558392306327788 6.6175959446143882 12.8182278894183703 0.0903152642975669 -11.2355443984807515 12.4920887041318363 17.9305937931521271 3.1589840706017251 10.8868301137922803 -1.7876875317103664 11.6071863789015364 -2.2755942266111195 -12.0115776430105825 -7.1885558381198607 3.7751169791492170 4.4303363877038464 5.3090442392717447 -3.9579429922744369 0.6558430856864144 11.2966181655336886 3.8639487032897435 -3.1612522761122772 15.8836259710500389 -10.7829368141699788 -5.3466035103367417 -7.3490308363641361 10.5057766026095898 11.5624199332524462 2.6603216110590262 -4.8668700735682346 6.6810108488497395 -6.2517898674793377 18.6104760860440912 1.4502087034473481 -16.7205477770838300 3.8602977587034335 -1.2488896035422095 2.9118946338569369 4.9660779152675802 1.2001660246864967 -7.5174285225023452 -7.8751234094604552 -3.7874589134213710 -4.9990958279057827 13.0765346619941365 -1.2592278722576793 -6.1745202694064503 -2.3410882386906215 22.6995364767128436 7.4974224955590536 8.8421326381402707
31.0000000000000000 0.1411969241508384 9.0000000000000000 6.0000000000000000 18.7034187822902993 8.0391410616910939 -5.5406370284664730 -1.5817339624926707 -0.4885889176040439 -1.0521001306567321 -4.6268730565863612 -1.1029742240531348 36.7082823319740612 -8.9377289203857035 0.0152492981826318 -11.8865119755884656 10.5314126940198101 1.9178957378744470 4.6839580447553573 -3.7977317389018141 -10.7626296957540166 11.1569426644234255 12.7738532090445744 8.0655696875249081 -11.8375294561904276 2.9528874989145972 13.6254589603461724 10.3506604202218888 7.7995078983546939 -4.2162533779337483 13.9788297618526016 -9.9349498210226344 -12.6096280857241094 -11.0944212642143274 7.6980852357507477 7.1535434874197925 7.5179287816833149 -2.2872860063417875 -0.9679489424429213 8.3514034117340579 0.2631673273263554 3.3049549859410083 14.7917285776399563 -9.9069191933180125 -1.3528958090445742 -5.6435739312139139 6.8489090735410478 8.8184363880896228 3.0297720976888209 -2.3543836174366604 8.8764731973631950 -7.5994503997698448 8.9482214468771168 7.2460586206149298 -10.8473152583359642 0.0745728102035583 1.7830997535489108 -3.0559610362028247 4.4481001113144867 -1.9058093277113028 -1.5385599451536089 -4.2776458806342896 -1.0707972681803533 0.3980498225857273 9.0127463915982418 3.6507751742592331 -11.5899531599690899 -1.1276017019961273 17.9110513786006464 10.9870300439692201 4.2867536970202469
32.0000000000000000 0.0880465138101433 9.0000000000000000 6.0000000000000000 19.8775477044444528 2.7114371136986803 0.6214642129071652 -1.7460143762606486 -7.0442999292769510 -0.2751489341978917 -4.3845691333515147 3.8729872842773814 24.8412791377183169 -4.4469550189495139 6.0991367933667870 -13.5304852327139606 9.1746643126401111 -1.1431958042412882 -2.4300823173633592 2.5644196132391697 -2.7790233687293182 13.8351685552933521 13.5370305237345860 -0.9660781675959571 -13.7979665396513873 2.0074262291802878 12.4813365880170473 11.3502214955498744 4.5915160496284573 -1.8343534984996441 6.0334684997344361 -5.9942469544082666 -10.0272909646359309 -4.8305271898933553 12.2968885612074423 0.3725550564361511 4.6056997640760864 5.5198472813225381 0.5301733625223531 1.2740599099962129 -4.6095714789592463 -0.4664722633232331 12.6854937161264427 -5.8801922811046294 -0.8726185180862321 -13.8509162072802461 4.3232242793739459 4.4835842313877308 -0.9159568348515172 -2.3313338634259440 8.6671369021431683 -6.0159969453670055 4.0486442977340014 3.7324432622112860 -1.2707416246362691 1.9762825926688590 1.0420892868515830 4.2316184338946963 3.2535453419699838 0.4264679645925067 -3.9757110954755306 -4.3752291522904194 -8.3718624022380617 -4.2338505126793118 8.2654314201261485 3.7801526729197463 -9.5059664581271583 -0.0426448644414834 11.5832709450959719 9.0118465513974257 5.2591683657522630
33.0000000000000000 0.0923892381097029 9.0000000000000000 6.0000000000000000 15.2699674290464582 1.8126295005053212 -6.2051752919355074 -5.5453494130213237 -5.5410742600147378 7.1263251964090371 1.9644128553997442 5.9133168297888723 29.6622628829601567 -1.0594819611852277 -0.6037661264119225 -9.8117088364329810 4.4459007478646857 0.3579343675488389 8.3458815886588393 3.4843731912481291 -4.8090133038190483 9.8072992544938913 9.0188405061061818 4.2826211303832764 -12.3071652991886040 -3.1870595577006560 15.3231364768282372 6.9801984752626876 13.2023203488217025 -6.1534106587553401 10.3502745133866068 -4.3698404064191125 -13.3298067727521961 -12.5981372068588389 4.9272524628781129 1.5759563582840719 5.8546100679941251 5.4650732543838725 3.8255906369736223 8.1516766351418593 -7.6856734572494796 4.8003098346093367 18.3381523196928420 -8.8891514441886343 3.0632985893793068 -16.7015517804857154 9.1754369536984939 2.1890470215095936 -2.9992945001933355 -4.8767414143713310 0.7571842256504793 -8.3582788151933141 12.9465929833667950 -4.2154055998046864 -3.7618735207576384 1.4805707087577853 -4.8562164030324340 -2.9150475698461702 2.9433841216853693 0.4411527839842693 0.0309186337806016 -6.8042498689692028 -2.7168283043252801 2.4048310852779089 9.3341659847855425 1.7336471485726901 -13.7993553119774983 5.5685323251076655 19.5375828385175936 8.9736270742028363 -0.9021656119742323
34.0000000000000000 0.1399730217746510 9.0000000000000000 6.0000000000000000 16.6418407100167656 6.0970305601487809 1.6095542821930930 -5.9444226084617284 -4.2186756903279958 -0.6821929386972474 2.0349000520681901 5.0309545090248635 30.0052177699080893 -5.9845739570698822 -1.0455675221221599 -13.5784426533214280 6.6015784216583331 2.7362206944573577 3.0714364104438516 3.2869848291127712 0.1119390196916101 12.0706760814747867 2.6904431780673370 1.9943686167141996 -4.8590125863698486 3.8703092993120078 14.6367296292641154 12.2037723088693451 8.9740051184978711 2.4547986614214516 12.4110120480268655 -2.5617829999448953 -17.5925895569025528 -12.8175521505587682 6.3269503404901757 1.0756614735860641 0.5890592930965006 3.9906928280001401 -0.4489874011880561 8.4149400092193769 -1.7562119087071992 1.0099093124221985 16.4329470597404779 -9.2050391421452709 5.8752193317285926 -11.4770683778102267 13.7305395368013379 5.9442771629228233 -1.1037381907793458 -11.1460961359000201 6.2022746323379092 -3.7688193011361477 7.5523893153781669 4.7630538343794555 -13.8117137269683994 8.7322763191368917 -0.2136336022107174 3.3736432372581353 5.3069589885113899 -1.6375725181605749 -1.4694614221866440 1.3123872141088508 -0.0874660958226570 0.8814053673021426 19.3920683002490506 1.4821870876087289 -6.6332294238244209 -3.1630956781016639 22.5918235950470141 10.8424536333066239 -1.9924018273014932
35.0000000000000000 0.1707342589280125 9.0000000000000000 6.0000000000000000 16.4944497662101135 -1.4475282495292721 -2.6340055804416922 -1.0727616308371624 -6.9410627962623881 0.0397725429749138 -2.7163195305473806 3.4263184034503409 25.2977890227630056 -4.1243397955543912 6.2828182901513543 -12.8029806178807508 10.2456166099225925 -4.3233364545023258 6.1326237501420735 -7.8443938418556645 -0.3925683147228523 6.6035843069386155 12.0031194663061775 4.3910513191441272 -13.6921506199336740 0.9981068377908702 19.1892963085232395 10.4065902814253981 6.8827485202264080 -3.1555261125061271 14.1865597056092181 1.6085451648778610 -15.2623258909461779 -15.9764207133156830 5.2134314525683365 8.4398701173676383 4.4121086188746350 14.8620147230913702 -4.3167816213434804 8.9648204335003197 -6.9584272329893331 -2.6271388976711769 15.9743862157700818 -12.4413328504405314 8.8294655353929148 -16.1195637405560319 9.4242523306144435 6.4927205842458058 -0.1104023033520544 -8.1032065455094102 1.9034852743986579 -2.7602710806726902 7.4568679417117778 7.1209986883151073 -13.1422234337047783 4.5422035449536402 -3.2311387255932322 8.0288923760901536 7.7031607362049987 4.2886770196293238 0.5679683220638014 -4.9817592537570041 -5.9127610205641101 2.6961774305557054 7.8170846057047365 -3.3228735545830284 -9.3552762172081234 -0.0801411175666253 16.4694703707838777 11.1201466385531873 5.2013389408163526
36.0000000000000000 0.0810334434439687 9.0000000000000000 6.0000000000000000 13.5002293936228899 1.0765792286072087 7.6395607614494505 -7.8153509199256606 -10.1349508823422916 8.8003082315473122 -2.6496866170830264 -1.0055839366294284 33.5099804775213244 -3.3333506538550912 6.5198152360830370 -11.4854728475246102 6.5640548401805088 -8.3222468362288868 9.3331938708778086 -6.3188526652657977 -5.8765030619356970 10.9694834485302231 2.3768343942268499 -1.0220091350136826 -10.9194006899110434 -4.1075505353785662 21.1050183859557805 16.6473770794582805 12.4658112644106680 3.4841805469230009 11.3054562095329789 -6.2039689766166211 -16.9745518808429416 -14.8654295236526881 4.7400078482311905 -0.9046737577333808 2.6873366395163263 3.4557602904377669 -1.1177180983608426 10.9841250317263750 -4.0897446855309241 -3.0990344084929062 15.3322673607864228 -6.0442893628553289 6.6619163609053142 -14.4362630366716154 15.4150252132738377 8.9033499068626885 6.0080860124573414 -7.3508969866598077 5.0060704572868220 -5.4686809374677834 -0.0612570379201349 1.8735761689386399 -11.4030114125140258 1.6675243764516359 -4.3707246089936680 5.8473714201089555 9.2473490000852312 -2.1083749432820076 -0.8957773801844474 -2.1480330425673237 -4.2127028415178982 -2.5050889113449970 11.2002615863400870 -2.9408312494544249 -11.1388929809077357 1.6145519404719311 25.0926178450902952 9.3207010041639382 1.0562723304495152
37.0000000000000000 0.1660396655335080 9.0000000000000000 6.0000000000000000 12.5184697081278582 4.2180807973112753 5.4650506857644983 -4.8347001376033703 -4.3580785789339540 7.0205740518968103 1.2436854025157498 6.2033450124599678 27.9159003138203552 -7.7660515249860236 9.7859188649529685 -19.0888335015434940 12.2702680747120176 -4.1175781302338805 7.9747946127521718 -9.3992156637003728 -3.0017809765570886 4.0284231326419961 10.7203082302448696 1.8591515699122656 -6.9003178896220625 -3.5421427528715830 16.7104565727004442 11.7615087446203788 14.1630200037282510 -3.4625337599064760 11.9076435913785623 -5.5314334883195473 -21.7342948432717087 -12.6581446639740456 3.5721410478912108 3.4972698313746911 13.0273887351483779 -0.4774645799392001 0.9212927234505603 4.7979110024961349 -2.2636540191617924 -2.1954031730105479 20.5197008599906816 -11.1028296269012170 12.4668317852948256 -12.0240788554336717 9.5271259812336524 7.3107142860860135 6.4610755151391235 -10.9253207311391609 4.6794646869811185 -11.9562504982514035 12.1233247280797833 0.7490240157498347 -11.5332150850131985 9.8426594423261982 -5.2692124505851137 3.3956133250489553 7.2949586498736236 0.3150553058702946 0.5985320945307926 1.9761139098293146 -10.7022171732861704 -5.6689641324259856 16.4067454190118163 0.3588897008105402 -12.0026162431890544 -5.7255897731971617 20.4490873566574436 16.1701419236579511 8.1979473314782076
38.0000000000000000 0.1819064836992202 9.0000000000000000 6.0000000000000000 17.8345393408245627 1.0771891984599047 -4.2611466878969733 -7.5773712777215625 -9.5357261861148999 -1.5923687964437869 -6.1474053152177097 -2.3069027124383927 35.8696322587823886 -11.0343718091010263 11.8415356749202161 -18.0477885540945557 6.2003381946779790 -7.3303629057265560 7.0064989815758647 -6.2724391589280692 3.1856948257430124 3.5294249334899348 12.2625961257244764 0.5538319022480631 -10.9343625897197860 -3.0367297739069850 20.2713196351519684 6.6563868504305024 8.7441385715619031 -6.0120035006962160 14.4564888855219333 -1.7432590186812433 -19.5898044698443208 -18.5848536364701538 4.1540181949093746 5.5515025733430541 3.0498652596764182 -2.6441241257560542 -0.1111427514430419 8.0236340390899663 -11.1487757384904747 -3.7551615663576854 16.8662296699274812 -16.0705145126992157 14.6805666581501626 -11.0724550663448049 14.3640116133127300 6.6776884435855690 3.7200842525789941 -16.6346793134450337 5.4314830727412984 3.0832351841538710 5.1912052596609177 2.6034200743167770 -3.2190346207992029 0.3589017522257620 -6.5013718276379837 1.8248728900735995 7.4250122764313122 -1.8807219099937875 -9.9427068589056056 2.3963928927148963 -11.5948427570703547 -3.8563425730840719 17.3303550567161970 4.4554499334100717 -14.4455294946526909 -6.0274239045879714 24.7784600935324661 9.1148807606916176 9.6030399887182760
39.0000000000000000 0.1390226911009490 9.0000000000000000 6.0000000000000000 14.0304806727795732 7.2654421529034847 -1.5464168072141631 1.7591876330472216 -10.2780422955047879 2.8706065589425238 3.6271566131686117 6.2463590040392223 34.3199175843404660 -5.4151672511892199 3.3551975871424360 -16.3872080784137815 4.4455274265917488 -6.0982646172777351 12.8253468201574101 -9.2476007688216413 -1.3529740720637564 9.8700607620291869 7.6444778069628443 4.0863507052526620 -8.4111501924723200 0.3301411216033412 21.0480303416198495 11.7390327815302182 19.3526017290865084 1.9829597091763436 19.6402097768044612 -5.8214904430635901 -15.1850954419221154 -8.7506336776871638 7.9134999028490389 3.9544728777770342 3.6616445053448876 9.3024693171991668 2.3084484418776743 11.9762432059951625 4.9424604650470645 -5.0087591436313819 16.8021644753905832 -13.2497362892787294 10.7950327809552196 -13.0582015850573860 11.0380065155909950 7.0963979846259324 3.8815140269694735 -18.0180693548482971 7.4475118336507276 -5.2061436541967350 1.2553122380375417 2.0690896003000940 -8.2471356611314235 2.0089763017395819 -2.9302059718766729 3.1272140355279552 5.9649080814310258 -8.7362557695688352 -6.4259559373809854 -2.1441418121521911 -5.6535514419612793 -4.7798282755580193 12.8842496357892049 3.1902802572860023 -10.7275610864983939 5.8007218767594662 25.4718535160980686 16.3395154262751490 3.1577251321968314
40.0000000000000000 0.1715635453133806 9.0000000000000000 6.0000000000000000 17.1955019774921105 5.5704593680733927 -10.3649786237388124 -4.7598652604238447 -1.5377960545275178 7.3147377644378961 -1.2326745019253846 -1.1320489693393605 30.5292954762451672 -8.8707464268685108 7.8780458773066595 -18.9710083446884425 3.0750193571601350 -3.3223294372425434 10.0791055401993344 -4.1953197413969860 -6.1238691790761726 6.1437748164776647 1.5463584494047025 6.3345162595400692 -7.9517020929705993 -1.9272210423965317 9.7701434566927361 5.5846249690587442 5.8242565649107103 0.7528921664429505 13.0130401778463156 -8.4666474003219925 -13.0275062881511943 -14.7943163449849546 11.1304867928521549 3.2268091122223650 2.1504122111826840 2.7678880689823417 -4.8412093417266311 15.3304605295343475 -3.9041490978112177 -3.5796360641474871 10.7749055843583328 -13.8285861417395939 9.3805139484287992 -12.5010815258444143 11.6573163475364616 9.5962087390956796 6.0112692516563566 -13.3221408236087040 2.1981192036320101 -5.9602996361379210 5.1564590209253431 2.1243578674159234 -6.7796371344686595 8.6625143400235558 -5.3175856633901724 7.7872935266118501 8.3526349072027202 -7.8641603267991176 -5.3389840934028081 1.7953513830036949 -2.1671387815530361 -3.5190603282743074 14.3798510661870083 1.6690273706090266 -9.0798366172919707 -0.3267848021278321 22.2567575730055687 22.6624436641190563 2.8434101943473946
41.0000000000000000 0.1576918927011957 9.0000000000000000 6.0000000000000000 13.3392556340396080 4.7957162144329324 0.0451841681972085 -4.8037310160114188 -2.4917741793613319 2.8423645711359731 -4.9578057907726905 0.1425376186583882 26.0546427605928130 -10.2510898726359230 3.7364056364278619 -19.0889361636652879 7.3405635843662669 -3.9587161795889898 8.3777066193287659 -1.5618787455231407 -5.1814365083805578 5.1206744969802251 8.5036173090890674 12.9503222814603109 -4.4916132612158712 0.5869611129332997 15.3476948410546044 1.7617143148437586 9.1276454408655727 -2.8375253424484574 11.8145006328719298 -4.9855203047482526 -22.0121283639773324 -9.6522001788463765 3.8838911350966452 1.6133942183963295 0.9878971088025146 -1.9131082845415601 -0.6377400199928899 7.4450011458600605 -3.0919354118131515 -3.2412134341215433 11.5017550470355552 -17.5381880185305938 8.1742334068743592 -11.4123350726004151 12.1080967287240533 11.4238943886888578 5.2416277005287268 -15.5925213102411462 -2.2307184543078935 0.6041366323344350 2.0593809625727233 2.9141170664069547 -6.9740444411614124 3.1758345791074740 -0.1401600811726569 -1.0767659403591043 2.5236942580360520 1.6282322281819335 -7.8101670007972093 -0.6570581642904525 -3.7935068912638323 -5.2258445163307590 4.9262210259299106 9.1033428146607154 -10.5436981651609365 -8.3175226044016188 24.1182621696608201 14.6601080954527596 6.0223246990793680
42.0000000000000000 0.0900920349855714 9.0000000000000000 6.0000000000000000 10.4429404085023592 6.8058688808969743 2.0216669140928709 -7.3542648881556829 -8.3058099336210081 3.1057698003949681 -6.8088135151399136 6.9770217694689070 37.1941676207429381 -12.4325248071141523 11.4288438497749372 -19.7334390909970381 -1.4840609587148954 -3.3892959646489165 8.0559004808994512 -9.1538096636437079 -4.1543256341592336 8.5553412825090085 8.0128443327387497 5.8449290984800033 -6.5053933783361497 -10.8412092385352601 12.7824538664716076 11.6003969370507001 9.4207328153799494 -7.9939370578004967 11.2608781111421781 -16.6861079466565947 -21.5227616515736848 -19.0430507150583814 4.1632657107477176 8.4322154966199214 4.8664123066255183 -0.4394182638421102 -3.6751817344447244 15.7828842002444407 -6.8063233006160058 -2.7208036090426795 23.9848194933115089 -12.4594237767732245 11.5515737139560741 -14.9081292865965374 9.3138969994621394 2.4009609117412607 0.0135057850508815 -16.8814864682693724 6.4853413099931281 -7.6443085908832709 2.4016580163276067 1.4056128381848292 -4.1788470774629358 5.0513169515401213 -5.5718299784707437 -2.2491471784766155 7.7166118632104128 0.0427200643170460 -14.9010063059520181 -4.6594158750760020 -7.7365307824357146 -9.4240200102670109 10.0995830823124599 -3.9408050813974866 -15.5794068208453549 -4.1583014482560783 26.5961033865206993 17.1521454486324636 4.6611326641914310
43.0000000000000000 0.1820942412304873 9.0000000000000000 6.0000000000000000 10.2944566788978484 12.0943975203548710 5.2410852534994756 -2.1846545508751545 -13.7935357355100852 5.4478857343694207 -3.7830705489084950 6.3234876055573928 34.2608476010717382 -14.0565100509519318 11.1067246586052288 -13.4630165141529208 11.6049267544818093 -0.7007429258017224 6.8680814022169780 -1.5400207509826025 -4.8539233270457798 9.3228776353125316 5.3932273416083749 5.9107378100645267 -13.7434436314228989 -8.0924432310489625 9.5258328538878203 0.8953997492588837 8.5737788875811081 3.3355160421515433 8.2473142518090903 -4.5428713620119066 -25.4464926486503487 -16.5349434052384758 2.7024775948346278 8.7782123110217363 -4.4021911347422744 -0.1744316511611055 -4.5837864588877490 5.7483464897278065 -12.4125732445511652 -1.0227172108554559 13.2828894892590377 -16.6496254505764014 10.6499839968065082 -10.6540116265275859 9.2907587707957298 5.2391524503158902 -2.8413551058715227 -15.8174735833318376 2.7088862248588081 -11.2895756882079450 2.8206384071797932 14.1911063323561439 -9.8070060905938679 9.3780182078660683 -3.0478760770015243 -3.2554554589031923 2.3281079821449184 -7.0216584744215602 -11.2876830350595547 -6.4882907650655106 -8.1633667071024121 -5.1388300980121153 9.1681565687914492 2.7983674214735661 -3.6815427832370311 -3.3614748585804897 22.6233392445511434 13.6342491236456773 9.1671772297932108
44.0000000000000000 0.0849167372597450 9.0000000000000000 6.0000000000000000 14.3199049803248339 7.9717661075294277 -3.4994005841689395 -5.4303026568060204 -2.7236691854631796 -2.5728711240868307 -5.4244155708297015 1.3344821964520142 25.8220205702842236 -6.7353901541077423 14.3166908755832196 -15.2844319450068156 2.4571622428638871 -4.9545393349217850 7.6911685336891544 -6.4956290705333322 -4.4247174091144696 11.6501603989914049 3.8708022684634993 7.5113780553343394 -6.3788073652417161 -2.1510293157450278 11.4790649056465206 10.1407192938579698 3.2602674231524320 -0.4238903863395587 3.3382177176240821 -3.9118989832310724 -27.5738794691910911 -17.4873072909183556 12.0939686244079425 4.0311276431776033 4.5536138001926263 2.4466306582840001 -4.9650535543899093 12.0030660702904459 -9.9556100168014474 -0.9346068020436578 14.0877336899927297 -17.7392499266278207 9.2562951339041231 -17.5459095449239513 11.1835386835212010 1.5097006043895380 3.8209027204356758 -13.4967310457698400 11.9223460782539661 -11.9328808870347896 8.1291154528116554 1.8656018216600163 -13.2596693588575860 7.7853580999134318 -5.4094566705306555 0.9592710218202949 10.9609025323149982 -4.1961808995070911 -13.3605303511730380 -8.1359386531492497 -10.4260378874164665 -6.2576572145134168 12.0303702661402454 8.2353543978614976 -16.7649280864053374 -8.9195739000506631 26.2183651656127807 11.7529488900649248 7.4599597409280785
45.0000000000000000 0.1400191973748816 9.0000000000000000 6.0000000000000000 16.3252075886169585 2.9207561985965249 -3.3477717363572208 -6.3819807783622720 -7.3072927279139019 4.3093589969427466 -6.6872976441670824 -1.9328906623780657 38.7982378828941421 -2.8325416447479084 11.8464448024472766 -25.4906043113515004 5.1788194761770274 -0.6749097656317833 7.4537776705797754 -7.9706981671263044 -2.0780203456395574 10.9230425686759762 9.8868477485995747 4.0164406390925897 -5.9579830085388572 -6.8145031391171074 13.4309525135922225 8.4127911160973028 -1.1725521301730204 -4.9957537607352913 0.5914553456084244 -11.4944118115622764 -22.3373908905997105 -12.7178366419131113 8.2919540759279098 0.9174428609981771 9.3256292584674405 -5.0794719252510729 -6.5530619704973079 7.7344664377978480 -6.3707571440462534 -2.1602994454914897 20.4002754675941240 -10.5509264169730237 8.2721084257115010 -20.5897955440060620 18.5861674896750237 7.2549821752709001 1.5464193530915564 -21.0139543659878321 14.5665061251260006 -8.9272688307950165 8.7272818499199101 4.4082304654385016 -6.5336379271490923 3.6068432141088138 0.0902124423633590 -3.7501482993907995 8.8560685142634146 -3.5592224854997938 -12.1716079097912342 -10.4478333838320765 -6.4287782268238978 -8.6150414936108000 16.5504283162200139 2.9576522267494121 -15.1233905254461085 -0.8514918035431807 27.9072202704369481 17.9806632222460401 1.5658850329906739
46.0000000000000000 0.1641508113770039 9.0000000000000000 6.0000000000000000 13.7771093336756678 11.2752904959388687 -2.1391725793878216 -5.1244375734981888 -2.9414023065090475 1.5817375139884349 -5.1874033855508683 -2.0514789659142427 33.5527612093323668 -14.4531056568423892 11.4312233730504289 -24.0003972943454080 8.1273559346562347 0.6128010849912116 5.7436459066289380 0.5036259613755369 -5.8611863295892199 12.6373927319399577 8.2302931307434530 -1.4337178421173276 -8.8665654979228101 -2.3406701343437661 7.9166984995853875 15.8538428904796476 3.7164762711622976 2.8933315168035847 2.2225114131244998 -6.2265642824001644 -22.4080796164022615 -19.0154557051569384 6.1670106067514325 3.8615547858907715 8.2451715263228600 -2.5782190163442120 -3.5000029157339929 13.6308366118587738 -5.4716220454288802 4.9025624491168207 15.8332171358853806 -16.3169860596982375 7.3627244859570871 -14.2123774208428433 14.3488700700491769 12.4655653915067361 1.6075423967846558 -12.2512386659577324 9.3954472063747758 -10.8494396932595993 7.6734830282916562 2.0405258959318133 -7.5605900923682272 0.7335140733014249 2.0207414825709931 -7.6130694358644329 8.9322317123062511 -7.3506260222356783 -15.3742622576004528 0.1696409744044765 -7.8011507998490153 -7.8218872582407215 10.5258777530631900 5.6790770126842558 -17.5495965171023798 -3.3333125496213007 24.8985943058146262 21.7047837244250665 8.5954045261096663
47.0000000000000000 0.1397421436798192 9.0000000000000000 6.0000000000000000 12.2931031024205346 4.2502415142987751 -3.9389144239089546 -7.8418421630851558 -10.3777335572007896 -2.4818680901922052 -3.4144115220394688 5.2681887569405790 35.0491961891738129 -6.7840729259312074 8.0519202751683014 -17.4964709966156811 10.7871841249561680 -1.7051871067556852 2.8537750574809557 -11.6442461468527867 -2.7577804315532819 13.4718613543442149 8.9020023875742051 2.3447584247437119 -12.3783722030496275 -9.0117059262363775 13.2486901909822663 9.8045806449859878 3.7326938806571266 -3.7685466546870883 10.1810758553668528 -3.2760196073829988 -19.5998095378312307 -16.1505306097109624 7.5614178923084268 9.5502274472366739 1.1027103615210634 -4.8114916464146855 -0.6763748471255000 5.5292106806511452 -8.2245269009519397 1.4578494771736956 22.1601958577686915 -13.1518928559240269 9.2242324323861578 -22.4771847808448371 16.7239152727698119 12.3538835873653650 4.7099788596790999 -12.1258453570778979 17.0881730613095328 -7.9746559706194287 8.3015634788969184 10.9007207685797809 -9.2839833572434500 7.5396514682099420 -0.3418821754946231 -3.8226516698957349 12.5327566057519171 -6.4191819490370108 -7.2030059504364301 -6.1946757220315956 -6.6017241440580836 -5.9324141564092230 1.4221568540182679 1.6673087561966899 -21.1734564445759936 -7.8141207119109310 28.1849482359444927 16.2868429591726951 10.9138907518448196
48.0000000000000000 0.1420213313494817 9.0000000000000000 6.0000000000000000 18.0781752139860714 0.1853116387923670 2.9977798141319050 0.0066324557044277 -6.6618609635120816 4.3676927816584898 -3.9738159019894588 7.5133818606633076 35.5248211043943769 -5.5764310276340794 8.0603025150493171 -21.6544593254784132 7.5906780739174380 0.0493076680464370 10.8788303895952190 -9.6408366974006192 -1.7751771876550482 6.3587425161279700 2.8493799815015093 7.3688013135282855 -3.8800629221695777 -6.7135601716760887 17.1544808782320644 11.3069023259296344 1.0315654089566451 1.2749360733872099 7.2762183249512891 -3.8118029836207405 -23.2077788654440624 -11.7808621009724099 7.7233888652065907 9.2561495250712795 3.8678765052835717 -6.6044711703480257 -4.6420029965243277 19.4770028146533605 -5.2687084826648851 -2.8985207147857093 22.4316917202081108 -12.4779615916787474 6.6754855655349772 -11.5080857571099919 10.9343891411265002 6.7366373150175489 2.1935689902619933 -20.4487347675776192 7.9955024701797832 -12.1421230720761777 4.4014803199370487 4.5388608768785899 -11.0300037152706700 4.0067521093938492 3.0136188504466452 -5.8816193349868744 6.1093771210684196 -4.6209719517690448 -7.6451091419637045 -6.6920653529958960 -7.4968799488346169 -4.3463373798504765 3.7689463702157657 0.7834854015215438 -7.7406758257906052 -4.8143968143221887 25.8357327201052875 16.6180214457106352 6.7775488039000251
49.0000000000000000 0.1394387548745388 9.0000000000000000 6.0000000000000000 20.4805258231087173 5.5344291658223135 1.5326448084457915 -7.2052274399987706 -11.6903988860736820 1.7382294969207519 -7.4700010570922997 11.9466933358259393 38.1482739319582933 -2.2561696692517899 12.9373667927753324 -29.2379233362186852 4.1787635262978347 -5.2552551564945578 5.1527495925979370 -6.5182854993032278 -1.5578063837455431 15.4289703391042927 8.2437001232686224 2.1048132663854009 -1.8905773068042935 -10.2917300580281648 20.4141251216111392 7.8539842178252481 6.5002351128926508 -5.3991592261393135 12.6666439017966468 -12.7927714934763568 -29.5412589956094251 -11.5529454892844257 9.1648446646970676 5.7216026279065968 3.9893409068158601 5.7805423126148465 -5.2110437752770542 6.7046710809219929 -11.0543802773819522 -1.6149699320579116 24.2994796935726356 -17.4348860288853160 10.9525476183300814 -28.6798970087684353 24.2005813977662250 9.1685805066741928 -1.0726231045631325 -17.2047931220557473 14.4151143373273829 -6.5505929043975781 10.3039481715995134 4.9007025261469082 -5.5753307577099260 9.4835926513391584 1.5119754664452083 -3.0545698584927807 12.8981143931651090 -8.0615557194866589 -7.4790791563206129 -5.2712691306574193 -11.2455489161984339 -8.0679141591265644 10.4669432657076911 5.2391088217916622 -14.8758518971635425 -6.0214991724505200 30.0939605513651713 18.0728170300549422 7.9373487623516157
50.0000000000000000 0.0835203849939167 9.0000000000000000 6.0000000000000000 15.8628492359835356 -2.2631974535955326 -0.9839143862773185 -4.9107510061133919 -8.9929234786419237 -3.2065147469034061 -7.0213195611015005 3.0249271124204768 38.4665657478196366 -9.7440122097863764 8.4816906837691413 -16.7773071113099483 4.5560722052345746 5.3128537515571210 9.3469658226454122 -1.2422737437077753 -8.1572659680477315 11.2380188341528466 1.9797441048841851 1.0853649758932473 -10.5894617663019535 -6.5802921071294049 20.0482226640220773 11.5123189070097460 5.7201358303026737 -3.8742818937561783 5.1737475576534369 -3.7588386209948990 -24.4802712611618958 -11.0584151510019737 6.4347280493921861 4.1468733339010715 10.6169790700081670 -7.5430681587621136 -5.3588522192264563 12.2494924080898695 -6.7406844955236016 -2.0976620722212931 14.3217398446899580 -10.4600977690802228 7.7476551942646132 -22.3224532095941903 11.0929781174799267 13.0608737625512781 2.8362422660100748 -18.1709606726586337 2.4958137498458912 -11.7359988880156543 9.0963645672852227 4.4493466609491250 -7.6981581167833557 0.9567710548272834 4.6134640795538706 -2.1502886921927598 9.9118811944531675 -8.9689450327825746 -9.5440443718858887 -0.7900358694218279 -4.6176453481906954 -6.0135840120383959 7.5808841908869002 4.3649729170420155 -20.4293997419509843 -5.7380197231993746 25.6443117444805182 19.3153784588107342 7.5766103511494345
51.0000000000000000 0.0751454626778918 9.0000000000000000 6.0000000000000000 24.7477211503340584 4.5310796447055459 -2.9956732695895396 -7.5425509087504157 3.1134422552020800 -8.3464383833747959 -6.4016101727132435 -0.5740202501872105 32.4434316493387769 -12.0544872177014515 9.9955654954742563 -26.9328736924333114 9.5123826403429312 -2.1543022367904610 8.4692769061963844 -4.9134432522437947 -5.5609722001188686 12.6309545282252813 10.1280794979553228 14.4474123311973006 -3.4630077110994573 -5.8743312670796914 16.8290349200950438 13.8805608476882387 -5.0599194875657432 0.6530717628107809 6.5599008456346386 -7.4050240664151588 -27.5765791923694508 -17.1453602304343349 0.8932729091509444 5.5557992411853778 7.6651118765272273 -2.7568895894783410 -6.4942088849377964 14.3545016117827267 -9.0388685955621249 0.2302390104845322 26.6297235457615038 -13.8520064793618864 3.8588340833988779 -15.3657601820003329 13.8842480399946719 9.2304247874506551 2.6970755155272901 -11.4100253120699442 10.1603464954939682 -13.9992136774480329 8.3125291546346123 11.0380474887400428 -10.1220851756798496 0.6006150208225223 7.0939051701706166 -2.8050301911064208 9.5611528279375051 -5.1464181518510532 -16.8530424474569749 -0.2769185150774514 -7.7311622279989143 -1.6948422643419052 12.2195279483362977 2.0995752327966319 -22.3667209181960942 -17.7615369105650771 30.9944025959194533 23.3040863632475101 7.4472759696294961
52.0000000000000000 0.1395261480496058 9.0000000000000000 6.0000000000000000 22.7337073309472686 1.9315161619880219 -0.4937915102029748 -1.6724282020474450 -6.1113651097252237 -4.2388106091472135 -9.4899924141785093 2.4352503419719715 35.6794953202611467 -8.4882854347343830 17.5624806864102823 -25.6965764655062330 7.6475056939830290 -1.6497624877390802 9.8539422523718905 -5.1601840081570680 -8.8296527202101895 17.3866810890901249 6.6126679709276290 6.7490360871560897 -2.7440087760281879 -11.0331534927335255 17.1481826005925200 20.4915681207824640 4.3649214132304088 -5.9379744677793198 14.2576534713802481 -2.6665554771071558 -33.8405289838472356 -17.8480927624467682 9.8938733775995580 -0.3917959104910480 11.4571854752920750 -2.9575211522843685 -10.1171276636356851 10.6429438493210071 -9.1576056509072483 2.7078200791522251 20.5964587672309491 -9.2879910874905072 4.9900177217012134 -21.1274772471392893 15.0545701411280639 8.7877691338999089 0.8192438778800804 -17.0873167520092863 7.9351131760133740 -8.3759116036716144 9.2370499933789603 6.1144473527144134 -5.8012463403329573 -0.4607925937650261 3.6309384375288256 -4.8618700821693803 11.2439105900993752 -9.6067263827569995 -12.7459193436746521 1.2543497400073358 -9.0751875894384213 -0.9546287716932920 12.0266387528870453 15.8435485236787859 -22.4944314938615051 -6.5523401204287524 33.7707282058576297 17.9142713216697196 9.2053837816940458
53.0000000000000000 0.1644476172749459 9.0000000000000000 6.0000000000000000 21.1275654892110332 6.4479654247564628 -0.8498209966760077 -3.8118181828613897 -10.7019110663382779 4.1487568299567892 -5.3154028967239890 -0.6536480795428252 29.5833478777166690 -12.2214427639220915 11.9755149135255454 -28.0486524371864689 6.1628047741543375 5.3755377244600888 4.2623688160448117 -8.2815508290985296 -8.5118524010107368 11.5776706390397592 4.9646676016078963 5.7723144368182915 0.4701366417116084 -5.5853205301675581 13.0223256160515586 8.9212766745011773 2.8132424345402702 5.0395024177405130 11.3155668402115985 -3.2346233935409252 -28.6980642775875729 -15.0212038455441714 8.7930544859905098 8.0624822442700346 4.0586630204969971 5.0987184422641363 -14.3261919937402187 12.7227476428839399 -11.5338736237263646 2.9749335965519386 16.1910653856633431 -9.8315129856436769 0.9755062651491606 -14.9626419473058583 14.3654140777978192 4.7188873791710986 -3.3242342894456249 -10.7641405885342412 10.8152432569958670 -12.2926634702359205 -3.1315022389524305 8.5436151676376948 -7.9438916870827914 -0.4918490844333696 10.6688527352984899 0.1665281641888439 3.9103842211575905 -3.7514486209841147 -5.8233763835079140 2.8842466671715323 -2.7508346400806207 -0.8918169800999660 11.1107573715151009 -3.1610104526086733 -12.2645276382045587 -11.7433866533516085 23.8571338988500727 14.8858659822509356 7.1437111412366967
54.0000000000000000 0.1393657706244773 9.0000000000000000 6.0000000000000000 20.8048878377309734 3.6438219716534661 -2.1486656840688898 -6.2882837742397246 1.8338465200350729 -7.4348936956182392 -7.1766353728475982 -7.5453057515413757 32.1670608469533619 -20.1715000268530673 13.9031301669262692 -27.8945262637430780 12.1249603071249350 -7.9475468481422737 14.0582117243218505 -5.2494649587317843 -8.2524577188694188 7.5402282283309567 11.3995095649909484 21.7790199235565254 -6.0770898804344053 -8.4129360645024107 11.6162633712877437 17.2737633115528055 0.5006063912092973 2.6684885892625902 -0.2201797652099220 -3.7036959888941849 -25.6438697059007836 -17.6060724193171545 3.6951000239644700 8.1879925855992983 12.5422537992058079 -5.1458763940279315 -6.3997955295891087 14.8786225802524097 -10.3292318899392335 -2.8045059702171100 28.5024789497944440 -6.4418499110832075 8.1075805715101872 -19.9215100550221074 15.7183196280074426 9.5845104809524617 4.3640989858071597 -13.5862301200746565 12.1494314121866189 -19.6148084911111766 6.7152563527592992 15.9828324790490601 -7.1867619559914289 -1.7514228209417602 3.6054286487150202 -3.5737752722695917 13.0357959898242335 -2.2146820793628308 -16.5057844299694594 3.3076063424679467 -10.6507950723996245 0.4403766203563357 11.0810988575056655 2.6618186429517192 -20.3884774970931346 -19.4100114701658946 30.4938706666505688 21.8366812986106673 5.0014924862046506
55.0000000000000000 0.1644301224907505 9.0000000000000000 6.0000000000000000 26.0743240639293141 1.3866598359618669 -7.9211786999166680 -2.0910060230728460 -4.9276932638959305 -10.0072929941601458 -12.5329718236131917 -3.8163303150455530 30.7988118556797872 -16.2165029812848474 9.4421633685505633 -25.0268028958243782 8.6788701384763112 -5.2811067787982982 3.7696408853668881 -2.7012556751919137 -8.8343781806785060 10.9307083943271479 9.1332770334721971 18.4011464138764751 -7.0044650931059937 -11.0382388793813746 20.1312398934738468 14.9880003092028762 -5.0098329296506936 1.3534193978412739 5.9169519537204218 -3.9033264748248744 -21.5283267994941170 -17.3004547475020516 2.2520535164601165 2.9398433071062087 9.9578561436162829 2.3737643938318316 -4.7244198400208797 15.1050936671433007 -6.5802164288953628 -0.6205658000880667 33.1954715391456645 -16.7473778807644429 3.9246654103022030 -18.2917705153891212 22.6402902684183687 11.2762336904702956 7.3802261386549244 -10.2964313808822414 0.8819423932292079 -14.1728637892954339 3.9542491316402142 10.0377457795250375 -14.0390736114602497 0.0910383754899188 3.0267517097500520 -4.3148814616469640 8.4398806696191180 -5.6151479738257049 -18.4915123804356263 3.6922866829319547 -7.2201630892424955 -0.2587043133886642 16.1494074539333354 -3.9997608226692782 -23.3637366236616728 -21.3937710741182059 30.7351103340232683 19.2314684559571774 10.0118121976984646
56.0000000000000000 0.1395033363699456 9.0000000000000000 6.0000000000000000 20.5601398279889089 3.7726549634889031 -3.7500054931210296 -5.8646445376734491 -2.0330497669803869 -12.2339270899001846 -6.5976875986483083 0.7361032735207974 33.1883517883668233 -10.9816320485576959 12.5361010954257814 -23.8405760163300222 4.8171123136756844 -6.3817400647814022 11.2967882885362609 -2.4333780265308369 -3.9672953162808491 20.8967261017784693 6.7706120345203127 13.8909875843354911 -11.9675357588969256 -6.7327726248457802 19.3252042333781802 15.4067878789871848 -5.9644060892552551 -1.7881319477629447 6.1212478142362663 -8.3315335183645445 -28.2784368963367250 -13.6403965249806518 4.8593799437950365 3.5525768627635665 9.2111755987832069 -1.9318609586743172 -6.8275874857709038 19.0632668176829583 -4.9564282201751979 1.2476677104248024 28.5140107048696265 -14.2134193370740149 6.1485241681330347 -13.7932159320399492 15.5699526259502665 9.1049306009642130 3.2492512500092849 -10.0664367613578616 8.0740471903939000 -19.7519992498861221 11.0575487716142788 7.0728625668098761 -9.3587700239560636 -0.6896903678963613 1.9951324128220955 -4.7842547948577074 7.2011504047998374 -10.7399593058854848 -22.8929986014442086 5.1654621621036254 -8.2217384437594578 -5.5464441407784282 17.9570270346796832 1.4083085894720704 -20.5550826294502613 -16.3589894947261065 30.6898678065395778 19.7758867845075059 6.9297744359840658
57.0000000000000000 0.1394264461373691 9.0000000000000000 6.0000000000000000 24.7163668073020162 3.1499514489498766 -5.1247632882625638 -8.9895405529714498 -6.4627316191213371 -12.3068399877915056 -3.3253629907753393 -3.3638630012491815 31.0984518048281515 -15.6635263508056450 8.7832494682435112 -24.9181717359876735 11.5710985447768415 -6.6603628988455945 14.6296987989471852 -7.4567649025270581 -1.4252825934361883 14.2923055502718288 6.7582038469866585 22.6653546315420726 -8.8987037477022994 -8.1489042674822638 18.3135322984190552 11.7874667876483521 -2.2826421408921069 4.7308052124527205 2.0142156280207919 -10.3367327277007224 -21.4110419041508884 -17.0520146617487711 4.7451079188016205 -0.5860257134041111 9.8580066296943496 -1.4227661742521314 -2.4454900547567773 19.6248894657073549 -10.2705309097141608 -3.5735533162805226 30.7085954633002629 -13.5853413661248368 6.1913682069424851 -18.3234602239784472 19.8507228955015549 7.5077226648025235 0.5134396775627361 -10.5530238160605450 8.3706273985773922 -14.9320958864703961 12.6356933084968510 8.1672635798972415 -8.5084580062106259 0.4179741793882027 4.9338210850563735 0.1361577331059070 5.3312910276744194 -3.9762027461207197 -20.9393209457926126 0.0875210705996918 -8.4998336242505754 -2.1662261028430825 17.1130251725705200 -2.4596555010605687 -27.3647167313706419 -23.3479832832242735 33.0038253303559088 17.9140520244391510 6.9414680910801705
58.0000000000000000 0.0810667690295631 9.0000000000000000 6.0000000000000000 25.6248130402880570 6.0126081191176288 -4.9126686107938164 -6.9436133728950509 1.1387691349641975 -14.2755650756327430 -7.4889238998016161 1.9894591494287259 27.4636470965287494 -14.6986801217655483 9.2996729594618053 -21.8748486637540225 10.7502740888139137 -3.6055834466961860 12.1271607620905950 -3.2284347795382633 -8.8597836124695242 14.6730983683126421 11.6645144036580959 22.2568731265896957 -11.5326243047797838 -12.7077870054651498 17.4535229380312238 18.3480302745832056 -0.4732376162899108 2.6367791871418902 7.1886904042396367 -10.3861901913575103 -21.3460299174832357 -17.3006840217551989 0.3963729061000252 6.2868295596179653 7.3428357960810011 -4.7453167654187451 -3.6024502246779662 11.0049199777678215 -7.1840382919738417 3.7765309824161331 29.4920352991622146 -10.2189622309307317 7.6940984340723695 -17.7268329620767418 18.2540868580697087 7.9684927687220721 -0.4324543294872099 -4.2652691726811902 7.8061486671405307 -12.7166468725633663 10.2485391830646329 10.6313116398211562 -6.4044315850924427 0.9889463915293794 5.8309058864046186 -1.2618977947596945 5.8184048115803026 -7.0799898897509523 -19.9670335672999748 3.9729883330171902 -9.5611776250212888 1.5934295937945742 15.4447110867814068 -3.5097510935154035 -24.5483576369219385 -19.0373706357861678 34.1001573815273602 25.1897613692831293 8.2597686757846951
59.0000000000000000 0.1405669647842857 9.0000000000000000 6.0000000000000000 23.1264207016801819 3.1698107765147912 -4.3749894788381019 -4.4640449373223294 1.1646490681674173 -16.4436118171467633 -0.7924171721490483 -0.7961518744806694 34.3742658685699780 -16.7852710462317951 9.8179100700598116 -22.9132315168636431 10.0240233565857952 -10.1127441436135808 13.5444113905483228 -2.6661410622959751 -8.7506965088570521 13.7072133431876875 12.8698691018257030 23.5982321257130359 -4.6135281469524774 -9.5019446322939451 20.6773554026857731 15.8881604463719093 -3.6436194451239521 2.6584353393953846 5.4408454526201293 -7.1431049991443940 -28.6395942600720019 -15.5022143063373541 -1.0523247640779259 7.6843499098170183 6.6820687033830231 -2.3569092881672655 -5.3246170060342362 16.4434718887336722 -5.0640116873648875 5.3652598745397402 30.8825217861882741 -15.7942572475964642 11.4192141905075921 -13.7014380332875447 11.5527108262904612 10.5775964379618266 8.2236596020312085 -12.0216110795631721 9.6919840745971602 -10.8382500786391525 7.5464262832008053 6.6087271034951547 -8.3276502928237104 -0.6560675882836349 7.1230414268876565 -1.9240668952517246 8.8132348727729877 -8.5033214138767335 -18.1302188769807273 2.5433366582641748 -9.1202529505203529 4.0003992109133168 18.5934799165225186 -8.2695656296317885 -27.9057047751098573 -21.8118119543135123 32.0941750759907762 21.4438043985070159 6.1726832202844006
60.0000000000000000 0.0757384043080933 9.0000000000000000 6.0000000000000000 28.3540019953467386 -2.1418744685207787 -2.6715061014977386 -9.8318741277218624 -0.8951223601400153 -19.7905275645148429 -1.7158829749859950 -2.9133766708347335 31.1629580691664252 -14.6037159313026006 9.0279322673591871 -23.0110443169608132 7.2281432490388582 -6.0473515935829765 11.5400313303088158 -5.1254137381678735 -8.8601934404052383 14.0672920032877595 11.0938588877774613 22.1587715328638204 0.4036604802225359 -5.4198579613236140 22.4445302333696333 16.9174364601277887 -5.9584627419812080 4.1620351660968780 3.9739631824564423 -8.1120084761899349 -29.2613968000478302 -23.4421723592065305 4.7629076163359088 5.0212014683795765 3.0486860224907302 -4.2295389688801848 -4.9713867436036345 19.5709368228527509 -8.0318172060285704 0.8791453080730623 27.3789471588504725 -14.2135873487727942 6.6560347437468064 -21.3056834686918180 11.7032032115224602 6.5100744924602960 7.4134600334128322 -8.0929411850221236 14.2949172469201855 -14.3286946671381337 7.2961883553700808 8.5753086885230463 -9.6212477360555209 -3.7754091437189032 3.9064895963640178 -1.7321740798285294 9.6759856425764674 -5.0382063635435514 -21.4255202648615501 4.9599290631235302 -7.2757155650218639 -0.3994286711363934 17.7371460230821612 -1.5271442549718430 -23.6302435525542442 -28.3100734036920443 32.5125104981139543 25.2243971936260465 3.5932153992714304
61.0000000000000000 0.0710509912692072 9.0000000000000000 6.0000000000000000 31.9601792523297910 3.8446741479796893 -2.4333076728820178 -6.8835156505682278 3.5211202515975675 -13.4662918595539498 -5.6338327969767104 -2.9430032756584468 35.7046356370772031 -9.0208858135970686 14.9210621842874023 -23.4444784500144330 6.6768657752302474 -11.1888062415408172 8.7571019757169086 0.4597608358159029 -12.6314544174101435 15.0867011401390627 9.7638387454254598 21.4017472571107703 -1.7742996329116472 -8.8359706538961174 23.6581616780205941 15.2370097204481070 -0.9594900749030785 4.1378344372197979 4.6118938814103014 -8.4854387586822160 -24.5606646145701859 -20.4824810390954042 0.1469848272818668 3.0439003858917904 -1.3689502199865009 2.9932148537251320 -1.5705548068713946 13.9087085860144768 -0.3361223145504049 -2.8801661829746594 25.5285588243966686 -14.1458582718576764 6.4622731222224239 -19.8413105993160244 13.2074155246703491 12.4721988795997980 11.6367087587448417 -0.8751869071090876 11.6583113501860396 -11.7630761338655940 9.7082188351846472 13.4632705783977151 -9.8334235401591652 1.7868610429869005 6.2427950213960255 1.9273519262079839 8.7848575619137623 -3.6989633483584532 -25.6019727255392198 10.8509302999679047 -6.0359754409755952 7.3262735458294754 14.9509018615039047 0.5419261356214500 -21.1875177381083120 -24.1058550489323267 32.3306295909354162 23.2224580340094242 3.8423193716360329
62.0000000000000000 0.0787344655530200 9.0000000000000000 6.0000000000000000 27.7484295474589615 -0.0310321565767664 -7.1613429396192796 -10.2146656059911027 3.6171320165001717 -16.0292507015174017 -2.4688699160091034 -2.0512045440545492 37.0148807613040702 -19.7184552705337737 8.1563374887482496 -23.2168286786886391 2.9973256870310463 -8.9744037716482374 7.5114317815434086 -1.6244791221345212 -7.0058130259718023 18.1622267200539120 10.6732444958102324 22.1393893058409930 -4.5416338179485560 -10.5464030744929342 22.9751332164257711 16.6918739459117411 2.4129652037506455 1.9501701886774954 6.0197605666967133 -3.1212824321207497 -28.1249934515639417 -26.3878978687997474 3.6882234373288423 1.7501164094753126 4.4676137785907715 -0.3119271025047698 -3.8607932442401682 15.6386290884517454 -2.9869708035277225 -2.9077494595029432 33.7276656173409890 -16.0712096036763299 8.1425997586476768 -18.0755641467199126 16.2141461397445958 12.2512786207243405 9.4257566245794422 -10.6200577623034356 14.6885824872301978 -12.7759312949365551 7.2361023506613957 14.1994652923951499 -10.6536579454783702 -0.4487397394949271 1.3811632768575848 5.6744440697990086 2.1017304704098523 -6.7005132957703015 -21.9506930770966164 3.5718046263535550 -6.8024795841668295 -0.1781164613818975 16.1808733775885081 -3.4063885711808015 -32.9842721727636459 -21.8154445898454554 31.1481169588698030 21.8908467454418485 9.6072176187626575
63.0000000000000000 0.1407147195504749 9.0000000000000000 6.0000000000000000 25.8914638304936950 2.0347771197931936 -2.1743639622895268 -11.6777430882885245 1.5196905362274227 -8.9909884458156206 -0.1290938038884177 -2.7432084807926480 35.6234153246711429 -10.0128365293115067 6.6136502532061243 -25.8982120365021906 6.8520729457887048 -3.3514545249353338 9.4370003143059815 -7.3976849254752945 -9.3630385511775600 11.2482287003884327 5.2321287791197877 22.3766758140047273 -0.8360093023520467 -10.0835651805937712 20.7729415298156610 17.8742300617071166 -0.0581786788492631 2.3274927176270408 4.7481616348829707 -4.3698953092853490 -27.0649577353109052 -21.8663124683728753 2.7245367572087020 -2.9270915678206406 0.1981736792572972 -2.2472286878914201 -4.7455647971019594 19.8347489562575632 -2.5825097306906590 -0.7148400675155672 27.1057218629732013 -18.3091423872486914 8.7291114806236880 -18.6283005713208425 19.2355778555285823 13.5717952543364273 4.2607531958566991 -6.1640632443792178 15.7340018744961228 -8.5523090397683248 3.4710148661412195 14.3715354960406057 -9.9467352360616914 -2.4128400506708942 6.2965562908792592 7.1393858391025340 4.9276303239066523 -5.3480434527011145 -22.3296566297327423 5.1674557582137002 -7.3191822176949826 1.8753966818593755 14.1839809025954491 -0.5028096231587060 -29.1095979776280132 -25.0482572628108997 34.2171832990726230 22.5962190294253737 8.1556536733407583
64.0000000000000000 0.0754112430560150 9.0000000000000000 6.0000000000000000 23.9123875328964139 2.7699646947142598 -5.0249700949188982 -7.4132350722881650 4.1173044609026599 -14.5493380772122389 -2.8730708999161956 1.7183003895928377 35.0924781179705860 -14.3916399966208868 7.7245742484682669 -27.7355933811374165 4.3899615540903962 -0.5475797444194033 8.2877043159504122 -5.1903948507070075 -8.7355323144562878 9.9934003073194795 2.8843794519858372 22.0411474853129477 -2.4082586258120622 -11.8791613254232686 20.4988926171200276 18.4520768045424717 -2.5526330039534231 -1.0469545324142460 4.7628850505729314 -11.9684475856338395 -33.0546518375177101 -25.0634359375031366 6.2726605434562419 -0.3351828447839694 2.5633897774632906 2.6220559880548890 -4.4302846898447505 17.3135202423808074 -4.9198608811210303 1.3145161970120620 28.4438514687385897 -12.2154325754896540 -1.4941888883710002 -16.4302375831477292 15.6423893374318759 13.8776461439974632 13.3823198720488641 -3.2157603534302268 18.6497417759724939 -15.3279610285982990 6.1227728368282923 13.1485818321577490 -0.9067433574554613 0.5781520394006925 3.2674391956220545 1.8783255776156222 3.4658041194804046 -4.9923766508354017 -24.5388771503560683 -1.0082996987318387 -7.4624198376634787 0.1400214133704034 19.1949799800164982 -3.6547830821900069 -29.9629165982922849 -18.7166230841949321 34.5646169044039979 22.7355762406118878 5.5796198544034024
65.0000000000000000 0.0783830637108851 9.0000000000000000 6.0000000000000000 20.2793614227143593 -0.5216792388404501 -4.1301087471770286 -10.4175675874540978 1.4261385033253300 -7.4291531951652141 -1.5183888842788567 -0.1797822464576524 37.4388901325001058 -11.6890058161170565 10.0702097045965484 -22.1789128361980730 8.9180212500093567 -13.4336642567116140 11.2179321664796987 -0.4489103019494345 -8.5643321288903866 8.6542787413736324 8.4872345412775569 25.0261114483582787 -6.4557546182148222 -12.8441482871603547 26.2717452727465570 14.2425514352816158 1.4623730287462311 5.4851614312605150 4.3934648979550213 -8.4539001133672897 -31.2335182424943554 -24.4497413865120556 3.8292685303465812 -1.2982299199240213 -0.3802050354440536 0.4360743152431672 -4.4306361483816952 14.2110677203644329 -7.8789290227791842 0.3036498671160178 29.4463299437918593 -15.4461413953926687 4.9942407443367394 -15.1255735875200656 14.7838508009695850 13.6491333327188507 8.3808688526245572 -8.7433450071166341 11.3424907893647280 -13.2295567817824598 0.7393845463309425 13.9296830323291889 -10.8634517140094022 -2.8729695205109120 -0.4807851224707749 0.2522960037905388 7.3219408402121360 -5.0583565063465121 -24.5000870611624464 -0.1752762553350249 -8.5371156610195094 -5.4590329171349623 18.7383094452681931 -5.6228865562494379 -26.6230224498753039 -29.5107797966031988 34.7881144132338918 24.0260916565683935 11.4967652565715142
66.0000000000000000 0.1382229434066144 9.0000000000000000 6.0000000000000000 29.4680766207644069 -2.7418755781866757 1.5675359422809581 -12.4067258129428861 -0.0788029849272842 -13.0782703014493009 -0.6859359691936938 1.0018250697114923 40.1088007644249984 -18.0611052207407923 6.7647291295296927 -25.0857627879010643 7.6208484181506462 -4.5117470263488197 9.8490102222323870 -3.2739767994686573 -6.9621045155344010 14.4297753448667994 3.9584093881283273 30.1947126430397539 -2.1364926991367041 -7.1941941166867887 24.2652181004782044 23.1553749745739097 1.3701297028977655 1.5516550520235053 1.8982530179681461 -3.3517851303672375 -29.1902612589957862 -22.9890166552228266 7.5601059087380360 0.3037405625631061 2.4535808970525559 0.0163387519567899 -7.2558636679227142 14.5911710629034896 -2.8246025935968384 4.0820682474036944 33.5069861498547752 -15.5064699642068113 4.1592611834731290 -13.1482896386455508 13.3444614491090263 5.8208211783800596 3.5952097431656389 -12.4989356511399219 9.3467536596873337 -16.5065811625872563 3.8808143987581860 16.0952610841864470 -10.6984406584758229 -1.8446213834775778 5.5377792410988480 2.3073532477668319 4.7079040262064495 -2.3029185576909459 -25.7813936741499461 -2.0273132997921879 -2.5613046243057598 -2.6049932463126320 22.7619362316281411 -2.9783084727022904 -27.0748895871130699 -18.6038546521892130 33.4232202546261945 26.5092301908972914 3.3512821890161293
67.0000000000000000 0.0710514637567767 9.0000000000000000 6.0000000000000000 24.6299396786694018 -2.2680615212270556 -5.8355006045195612 -9.4455659995118708 -1.3679905885101691 -15.1233951867682066 -4.5762650409022196 0.0411605783156334 37.2577552114806281 -6.3378947927302951 10.0378195460853110 -27.2536200034414904 6.6727115005971962 -5.4202857445515846 8.1313290058409500 -0.7734096242459765 -7.2759652955540268 8.2513890282138380 14.1122655130214376 26.2477680045570025 -2.2197826147739983 -16.1516206124910369 26.8437457564428072 14.1789548915588437 0.7490251519876533 0.0378464560660858 7.3597012775395072 -5.0965811514679906 -34.1646643773808592 -25.5547333838621604 4.6001086970687091 -3.2275588672489661 2.5085291736872328 -4.6554125321616340 -6.4838241043504610 14.0073336127805810 -6.6098496081355940 -4.5029847853710852 25.8261506957036673 -16.4087101191380498 4.8537714340744866 -10.8233522485967715 7.6923507147939718 12.9109810768702378 2.7118707612409709 -10.1162304333512356 11.4781259516652341 -10.6008684508935573 9.0013532174643700 14.8238205677603183 -11.1155093233997491 0.1470527921461255 4.5672108046031958 -0.6398842658543975 6.2032298495906204 -0.3538799498251537 -22.8752653915957680 -0.2026779440623116 -8.1240282770438643 -0.2308547130719945 16.7211881476859929 -2.5224517529543391 -27.7137950358517422 -27.9175152219219669 34.0760263205200857 31.2520452687292583 2.6190427118914625
68.0000000000000000 0.0720531512498431 9.0000000000000000 6.0000000000000000 24.1613536985551214 0.1812945605244817 -2.2954868513563058 -11.6323355543013047 0.5526204829126372 -7.8869063693524142 -4.9990413886567096 1.1773328238886194 36.9050359910683810 -10.0002845359066246 11.5699758107704174 -22.7469775402794738 7.6673096440627457 -5.6458921629404957 9.3642112750877811 -4.7825416450432261 -11.1548429140488672 14.2322124093683726 5.2854142921862701 23.0240800925743336 -3.4183720720482720 -9.7162931758896587 20.7254797916202094 17.1896566557899106 -4.7260265246892388 8.9984419360028820 4.0180914686045757 -6.3858396834115769 -32.3742561117130876 -27.3112635269109134 6.2444146747472402 -0.8884800326976900 -2.7790877371848612 -0.9786159569195112 -4.2837067279218690 10.0065740152310543 -4.6590302722961452 -8.4268273425372868 26.5697099786603523 -14.2503421077932817 4.9326254930755118 -7.3049692053393533 15.0219468949383685 9.4753157925711271 7.1351919976933615 -13.9062955483201183 14.5771894573086307 -6.1650192056995010 4.8715636054127653 13.4600457520533503 -10.7221374523003767 1.1716439760145740 5.2004189102355998 7.2811641096632327 9.7337613587483691 -5.2898379409575238 -17.3463876095574392 2.4755268288258097 -11.0711664513761381 4.1468851861805254 11.1593019111713367 -5.2574773124066638 -24.4613016750153882 -25.4419502544082796 34.2127258487010764 25.8887721046599992 5.1641880172874322
69.0000000000000000 0.0728774002879942 9.0000000000000000 6.0000000000000000 24.3692130387390016 8.8997175699678053 -1.2445522675529781 -10.9888988621318759 0.8875170277771464 -10.1720240188158595 -4.6124699888857625 -1.4852707228699515 36.8436937973359946 -14.4133983690770666 10.5010503382611073 -27.9036947093500522 7.3036891256963807 -5.4616390552987069 11.0084716617950615 -7.5563946313898018 -5.6164532838985251 18.0229162319442437 9.7684352394448268 23.2502204505756964 -6.5449328622647558 -13.7636635421945446 22.8281177770433814 19.9469324183383208 -2.6406168404783954 5.6725701193239955 2.4736819096721390 -11.5560282980248381 -35.5650388083140570 -23.2677196298362681 3.6693851527042369 -2.5939350714710621 5.1567418281429216 1.0942098556489221 -2.4638909677499692 12.9463456312740739 -6.6448705609749457 -4.4835208970009486 26.4944261429783374 -8.8903574870623849 5.7976095103448424 -7.6342140227266650 12.6084105434265670 10.1677134511037952 14.1314632891139240 -8.3921475259383769 12.8548507383823996 -10.7906958562058168 6.5495101771491129 10.5260153278821971 -10.1059626219472829 0.0948765365003188 1.4281122510337929 11.1128724872024911 8.8743609468027458 -5.9116776077382323 -15.4956121216810452 -5.0718786195081007 -10.6657478515161905 -2.7231281821625952 16.2513255272903407 -0.1457017160647665 -28.4300678722433169 -19.8440015042637086 24.7783698662899283 29.2341997868840693 2.9194646844673207
70.0000000000000000 0.0727046999916367 9.0000000000000000 6.0000000000000000 25.7422875388696042 0.1307841959706402 -5.2082508135905847 -7.7413929163473352 2.2923286263235370 -10.0011177514526288 -3.8420908194904522 -0.7312005905148005 36.2465059395367319 -14.3881844933648111 9.4038006129550027 -24.7544905261907537 2.4065533818362415 -2.0929499463265477 7.8025973785048146 -8.1396814095860837 -5.6512132085015878 12.6552921944517838 1.8327445225386687 20.5393587902646146 -6.4674072431064884 -14.7277742812662087 31.9371781760206979 19.6400929703849911 -4.4434541045502716 4.8787271973080877 1.5793584377296157 -6.7454059001606437 -28.2714900298506038 -19.2154732415555145 0.1197914920104637 -4.0072454599324256 2.4983600613270771 -6.4563994400808697 -4.3130546992253764 12.6901973023928321 -10.5218532184962719 -4.1558579940812059 28.4501848360296776 -12.8248020546637047 3.9058385195097149 -4.2594979816576810 8.1643679010100136 13.1590919235082211 6.1855691864009756 -13.1249516352050524 14.1321307106833700 -5.4695967268513321 6.3364682982241849 12.5315405559230157 -12.0129193459487453 -3.0989487040338797 4.9362241716240778 6.7788724574834776 4.7457440675864424 -3.2959976653050100 -17.9629041917120986 -0.2622449038898229 -8.9076137282045167 -1.4837778350646116 20.6808743911092527 -5.3859747703218401 -30.8192293414025364 -23.6820953662134919 29.2419609939999852 31.1750394135806452 7.4566232190332800
71.0000000000000000 0.1391217275348559 9.0000000000000000 6.0000000000000000 24.0515651281023608 1.4562054968793721 -9.0055319121179913 -0.7228699407056816 -4.7174136635182755 -9.2044582000890429 1.5729329709511530 -3.1347497417517203 34.2041755152759634 -11.8867305524492384 6.5319776521073223 -24.9871213071214378 5.9150020221448045 -4.0512706611128708 7.4610346590451027 -10.0566498120692103 -6.7905634909301860 11.0277115267015962 8.2436682540851276 18.3846047996481552 -7.7556453882826260 -9.6869527021655735 21.5442027237076204 21.0994127608802984 -8.2166372625959525 5.4568451218895158 1.5067795648933051 -3.4199561352556000 -30.7258370666153660 -26.5815578066261367 3.7708141524477239 -3.7207593369333134 3.6239687736361601 -2.9233658428857656 -2.5451354674186746 11.5688352491574769 -8.1320621322506579 -0.1936155112398801 28.3568475791067875 -11.9730261022669211 9.1461433556298779 -9.3664330972059169 13.9379167618473438 10.8923853160069317 9.4582360631859679 -12.3208607329306439 7.2424880566411369 -11.9455805335780632 5.8572078361090956 13.0079328065872275 -14.4269317664923697 -2.8266918154662410 3.2186694730699612 6.5920453037198685 7.3082367546494735 -2.4094283952939390 -19.1673163152117709 3.8328505874087839 -8.1583111084281210 1.0866280815895173 19.3308946003152826 -3.4470814819002760 -31.4055252017554736 -27.0879008546449391 26.0018897063151044 29.1202809241138603 9.3389289750259223
72.0000000000000000 0.0759443274108545 9.0000000000000000 6.0000000000000000 26.0282816718353516 1.4699639968695357 -4.2485739437378358 -6.7648857548646113 -9.5341656313777765 -11.7479801302877824 2.6946838757091767 -7.3404113913618847 35.9669152344444711 -13.3164815461433470 11.1171125319831319 -24.8676591970041123 6.5940216728431906 -6.8027635847147305 6.7682469515891075 -2.4429056676761203 -1.8008096446976438 17.3073070241249809 6.5301208709239029 21.2332844113695316 -6.1073090232441318 -13.5480490199916677 30.4806728820322199 18.1246868104950671 3.6372274202357078 3.1653350397062838 1.2772602798174297 -2.1275290532265196 -28.8788471983769455 -28.5729033506569081 3.7924734890604812 -7.1658095579113947 5.6946261839462764 -0.2123470425464160 -2.5736494315841507 8.1102733580613791 -8.5954207363659965 -7.6056670681903409 27.5811941649473411 -11.5602040039106395 3.1099267446311467 -8.6511293722186320 12.5656710703978476 10.6025586322256800 12.4297671405384200 -12.4333005865526669 9.7924460966515863 -12.1390546930581920 5.4580555575165643 11.0044714646564756 -15.2993855776296410 2.4953740997895437 -1.2637640531677952 9.7644585486102677 4.0056983166117828 -2.1138216533420913 -23.7816731819929217 2.5891116194843167 -9.3760643762934421 -6.5806609671516867 13.6146650884369258 0.0734189886204373 -33.1236061769136256 -23.8066500046622700 23.1759551656217972 32.7736884471044760 14.0326319663815298
73.0000000000000000 0.1395017558105505 9.0000000000000000 6.0000000000000000 20.9181822431719766 0.7930763005086573 -0.2926819314205038 -8.4988190942791420 -2.0160174473021257 -8.2060903725273704 -3.8101180810444326 -6.8220063205361967 35.7887289585515305 -13.1666842495589904 6.0457040308096310 -26.6581241273339344 5.9005755299723655 0.9617267298647372 11.0527425257755176 -3.2684515162463299 -9.9316118328801792 16.4366970368369643 -1.9176375485789352 19.1144376533952034 3.5781855862468417 -8.5473140183908054 25.0170283442736370 17.5139615428459905 -1.5202797181735537 3.8169727803695119 2.2655601320782761 -4.1198795758673814 -28.9187506497339015 -26.4085704753903094 -0.2336720908165448 -6.3278268349797839 1.9690563871469726 -3.9088082027325060 -3.3533630399613559 4.4944863116775648 -7.0865687205776648 -12.8557514028264492 25.6344604076757925 -12.5357677395061309 4.9701944564049425 -0.5792317499464712 9.2505562092676215 11.4736001171934081 6.7083280150855034 -10.8334709350161482 7.5591625685249193 -11.7933047006243665 3.6331443894796061 14.3461085948405458 -12.4335115160464422 -0.8666039271734892 0.6491170615842055 8.8374075324976697 7.6701192984879247 -4.9783399423173940 -19.4726301821489365 -1.3882845913361215 -5.9363471439441158 -2.5283634011083032 13.2481496402472469 -2.3468996672565434 -31.0788133237525308 -20.7930998212837963 26.5150439316136293 30.4049706139052169 8.3973711376543125
74.0000000000000000 0.0738041418075784 9.0000000000000000 6.0000000000000000 26.6645404835420585 4.7015037420982679 3.6948172365768679 -6.6457128176460509 -2.2008031851089238 -13.7690623386141304 -1.8131213124546859 1.2372152768026297 38.4276823500032094 -6.9139752047589029 9.6831971776074912 -26.9321782072197848 4.3000041764950145 -8.6997431963511982 8.0956366070007917 -4.8740258173572073 -7.0944383821459667 12.5204878265746107 4.2084411589019783 20.8806301144280724 -8.6073877562299277 -11.9141347257704808 27.7509416014381074 16.6634207166969084 1.5087119830603992 3.6802034204093932 3.6243491799062530 -0.4059122620686386 -32.0640041643019913 -18.8706751827505528 5.3948774675194713 -5.8216472097982157 4.4784728561321803 -5.7873743155720856 1.8625421315715665 11.6512413176817500 -14.6465158579949932 -8.3370478334563298 30.0106083103358436 -14.0556135217255473 5.2996512980886124 -11.6970360678895133 4.5115075920665442 9.8076050374771704 9.4287363540162570 -11.7027036944751686 13.8326508505598458 -11.8923294592302522 6.0903938824628714 7.8620977314308353 -14.8376499979971186 -3.2765183943313443 -0.2137007613949145 11.8900855016024583 5.1380957831497076 -4.1899485635911367 -17.7578322759576182 0.5399453055207881 -14.4362995805502212 -0.7787728161330694 15.2153632369344152 1.4534866727010411 -27.5084725533502308 -26.2283014735773605 27.4593591867200075 30.1291896591150383 5.2904995221974875
75.0000000000000000 0.1390589328615491 9.0000000000000000 6.0000000000000000 27.1644796132199211 -2.3714261533667260 -4.1338899229595869 -8.3134393982440642 -4.1434726627398568 -18.4180428073983080 0.1978952862609797 0.2740580683573413 46.5114639792583731 -8.2249969060572887 10.9035772387449583 -23.5529854760380388 7.6417494494449212 2.1953143866609057 11.3830300348323910 -3.8917792940950724 -3.1480478040972608 12.1634942916319773 -0.1509755672871527 22.4439567549388173 -0.4580370416095740 -8.9548955023641099 30.2285105341211917 16.0593271168361653 -0.8128105697807091 7.6275123466149504 2.2952519696078202 -0.6362709651120970 -32.8897194069371821 -24.5438972576399017 7.8161169292376371 -5.6936558576686940 7.4225109565537064 -9.6435863811159201 1.9750460797041194 5.7275928394988842 -7.5963004428073919 -3.0990461228733661 25.2437206874424476 -15.0423345530503312 6.7711987239897882 -11.8852874642472859 12.0582781913059218 11.8257341689144599 7.7974187358163576 -10.4772522192713211 11.0638424027135649 -19.0810463070658187 6.8757684712382403 11.0492594718616441 -19.2587887488320852 3.2659527393545651 -0.0918480473181552 10.0086436086765609 12.7705139623078754 2.8449946696015380 -18.3305541399995064 3.7095494359279568 -14.0338530545074285 0.7917754645150703 12.4087211676384808 1.6452615096525172 -30.6318069628042018 -18.3872133664077921 25.9402573917355248 28.1253320163362339 4.7302720904700752
76.0000000000000000 0.0782047657066330 9.0000000000000000 6.0000000000000000 20.9913112030181708 2.3608162901611225 -1.4501206397167492 -10.6828026928179689 -6.8381423384013065 -18.9796199298978792 -1.8421873760884633 -0.7889878910081585 38.2932222322764204 -12.9318165367901354 10.6318737869122355 -22.9131592816140781 0.5197431729916850 -3.0503948138487198 10.5069891042521384 -0.3830734818840837 -3.6004028751594159 12.1107738451741298 4.5886855356314502 20.3407372051898143 -6.1892070151666925 -12.6211192302440374 34.3273933411036438 20.3339266726979631 -1.3611185681839899 -3.3829789705177782 1.4667928847340379 -4.3364058778549017 -32.1651483111508227 -23.3877589856244619 9.1278469306621872 -1.6282039109194546 5.6932984635846982 -2.4638436642561237 -3.6664762612490596 7.7294120788266962 -3.0059166751416830 -4.5197190697595175 28.8496791670500592 -8.7471076175127607 0.9203264768959134 -10.9104564219759617 11.8265850557068344 15.7613334352244721 7.9450456529820581 -13.8868414427538056 13.3072194956131380 -16.2253333978629826 4.0120904610865944 9.3220898928830422 -14.2574824062638328 1.0490484843068730 0.6966470927591308 5.5334459529942643 8.5677602313987986 -4.9435464757029681 -17.0346670886553220 1.1946458887790019 -9.1789479193443260 -1.2924858947288766 15.8792491068032131 2.0829621141484767 -22.4521764259962957 -23.5065178244881068 21.9590697067819534 29.7089996573529902 4.7644764165797593
77.0000000000000000 0.0724108579330347 9.0000000000000000 6.0000000000000000 22.1491767745431929 -0.3094857021351984 -6.3303301609330678 -16.3561882226743478 -10.0084234812320290 -14.6334707056612494 -4.6656471562264716 -1.1128571121886859 45.2049326225720662 -7.6158027279309977 10.1504813990234997 -22.6147513241179716 5.4721397510950034 2.0876177162596021 7.2876419330123525 -4.8418026175863407 -9.8766508055298274 12.2033826395753344 3.4242271221178755 20.3919905606291074 -4.8705032875577272 -13.7156387871069327 26.9853321319243058 22.4668272209395390 -0.6930128997435911 2.0000436093982503 6.7886555319268265 -0.7105057080305279 -36.6154592208247323 -17.5159469398410153 8.1419758094237960 -5.6273903856972307 11.6552387062369540 -4.2888525979208190 -3.4928845044118439 5.7398532329896099 -7.0210209337467990 -5.6812423008453745 23.8182437645226699 -9.3423764645497300 2.1325226858215802 -9.5607120739351164 5.7231071882158817 13.4187493074288167 9.0511408673442908 -11.4948463913124659 8.6902513781498509 -10.1291219577025799 2.3518066276510470 8.8066432739663636 -16.8261730996870789 -0.6943523062601999 1.2171698296489375 3.4511207169609186 7.8717733366614500 -0.1530404499392060 -18.0906234252345399 3.1048888539316053 -8.9110580048080230 -12.6081090334848707 15.0693573393201614 -4.7118920644073699 -30.5681362429981363 -21.2594229206394090 29.8018339242717190 31.0043303741426470 8.0201102145606367
78.0000000000000000 0.1642461359168096 9.0000000000000000 6.0000000000000000 20.5207520859770725 2.6325937172813707 -3.8879435891888980 -15.4141212504634719 -6.8286367532666983 -14.2768184053144562 -3.7778628845818187 -4.7898345721599744 43.8017992752599952 -11.0519302356855231 12.1885968251113663 -22.7765645868123947 2.5151302090280905 -1.0605942070185739 11.6032022848165131 0.2945005657879660 -7.8018527749432103 11.7351028185940667 4.8920737603774818 16.6156200394461422 -6.1585339822439007 -14.2588820628220763 27.3536627256631348 21.4946112327352097 3.3076974169207434 2.5639381150802869 5.1532333499609635 -5.6704292887371803 -30.8876588689445377 -30.9540610183140998 6.2949462360237085 -4.7047648435867107 5.9479480827570024 -3.1182273125484210 -7.1198801135037071 4.2418863878894451 -11.2746030634668379 -8.8163833976229231 34.4573418431182787 -15.2134436464558114 3.4956453090723292 -12.9459639383698608 5.9129479112061789 10.4523306127072857 8.8588471915899127 -15.2045203770356281 11.0892384817466265 -12.6584901131627845 1.6988555481091923 13.5320000758449783 -15.9137464552023626 4.1986844096807925 1.5391549716019721 14.2689273700321397 13.6243757219473665 -1.6810714991600924 -20.8115311071662745 3.9238683161010437 -6.5138199305105644 -6.2497297982518738 11.6980502952886471 -1.8600070673987279 -29.7780153387838844 -25.2621206715841602 22.7387811520636518 36.0110944712878052 15.8642334236157865
79.0000000000000000 0.0648659863100723 9.0000000000000000 6.0000000000000000 15.9176843511539339 -1.3460179535445189 -3.9118530076946172 -7.1904490717347000 -9.8413354195186606 -14.8145415830272285 1.7189162914535454 -4.9134625307007394 47.4041094763704578 -14.2268143240123095 14.2477124303951292 -22.8560116460909981 4.6013238342055685 0.3190947770319588 8.4137816221815331 -2.6375904430911210 -6.3116387329124590 11.0710796301959071 2.7996910669045501 16.5239364325952600 -12.2122817816776639 -11.9645642372768091 31.1753307225937171 20.6765219061654584 -1.0865783073189366 2.7944786443106411 0.3933007775505337 -5.0852450285242785 -36.4649008607427447 -25.1514566262452313 8.0790009996053538 -5.6998931767158716 9.4073841633632505 -6.0050311359867496 -3.4287366610109173 12.5885941857746726 -12.4000715204392566 -4.0809295546526769 29.0460393452959948 -13.2882458397986358 -2.4038884333579364 -11.4594761447680611 9.6365616679080617 10.1772135853497545 -1.6364328024127399 -7.2089455516324854 11.8916769622621477 -9.3412894187654700 3.6909631014490500 6.9299128244165127 -11.6835225200667665 4.3565633466755243 0.2182646703834423 8.1792387606914652 9.1265611805268207 -2.5875338785588751 -15.9371514960687488 -2.3575244236913147 -11.3328226227007729 -3.0768829276503520 9.5533014623432884 3.3418538870011054 -28.8699139169904981 -16.7389354945546174 28.7862331230602138 30.9139158954692519 14.3084817071535735
80.0000000000000000 0.1398691200777403 9.0000000000000000 6.0000000000000000 23.4617630016421970 3.3037930402440323 -3.3277913988009233 -8.5803312000238172 -7.0419041923095733 -18.5218958416652448 3.4941978381965435 -5.3904920661804603 45.2000825324903133 -8.2372072863284380 11.8507725262971917 -22.7334933225745282 0.1240868275553422 1.3818927965787742 10.4687939019843981 -7.2147258349659751 -8.5117682193012794 15.3687126729970167 3.1705040219081058 15.6364032429993216 -11.6474624471594161 -9.1822729489595929 32.4549996792289761 18.2905179106745166 -3.7949652871120505 -0.6477668008628323 4.7281008329117640 0.8053529503621246 -30.8809605077163596 -27.3012056652142725 2.7773487624037649 -4.5237366354086994 7.3395296792948237 -0.4792304543102728 -6.3657474193380459 12.9252994710013702 -7.4820098263811996 -4.5366175326304079 25.3909976333152976 -10.2214949910230537 -4.8143183594056440 -5.7412981537783780 7.1581980705165531 10.6119586973297881 1.3255035027081228 -15.6351079545218905 11.9837321605108897 -16.2569493242407432 8.2713801911503086 11.4999547061100778 -11.7270063962566518 -0.0293649035541086 8.9179040295130463 6.1600939559776862 9.0132134006200157 1.2126501283823778 -11.4743910556504751 -2.4777434546162889 -8.9007365427786596 -4.2334359366283421 11.3758914421882285 1.5290557556334341 -27.7432640767382885 -27.4787830535733022 20.1268265490600697 34.5786297191160514 12.6347652409254216
81.0000000000000000 0.0662560913830953 9.0000000000000000 6.0000000000000000 20.3592952812545001 -1.5675843590695493 -2.2673276947870105 -13.2012543881411784 -5.9487221779658990 -18.3129402586469574 1.6402766850950508 -1.0660945321337161 41.0875558496892026 -11.5906615894989837 12.1132096681742372 -22.8423162798959858 4.4838331693526294 1.6461111706597213 2.0761192524542622 -4.9247136304107544 -12.1255912586063026 10.9185198946631292 6.9882315282596013 21.0687493663891026 -5.9128074596790556 -11.7210009738234895 30.1874799040646913 22.3251575337618817 -0.7341474150343213 5.6717520427910344 0.4644276117354282 -2.5026699868835003 -31.5901134181825114 -29.7195615069300629 2.8000241096327061 -8.6096223045397799 7.3175105729920924 -7.8612480652750953 -0.5738369590024970 12.8575878429911139 -7.8910262181434847 -0.8512082037135693 28.9217453383399921 -14.4982121825443961 -0.4053998628818725 -11.9852059836594513 8.7321484373773970 14.8250720271960574 3.8347903358083539 -16.7068278425393260 13.0789180922381085 -11.6137012897494323 0.9543080932521746 5.6850133823315101 -13.5631529748591788 -0.3207765708519928 1.6377597790664600 6.3093761945535709 15.1229801176783223 2.4994214268080626 -10.7701483667266267 -4.3395905913336934 -12.6152905252848235 3.5062708284055017 13.2832563850684373 2.1780745709055020 -27.5127233115771794 -23.2876059861796065 28.2791119415751595 34.8659352937680538 9.7755816271400509
82.0000000000000000 0.0705310678342827 9.0000000000000000 6.0000000000000000 24.8249595127664975 -4.5140484147806346 -2.7878020223620417 -7.1241913666605248 -7.6961863961714503 -15.6417753329817568 -1.4367625979072201 -3.0421963603659172 41.9891211949562049 -14.7483538762781059 15.2522486634863235 -21.7011142583548242 2.1724141787210516 -4.4242600494338760 5.8591031187693705 -3.9273119475530462 -6.6775397448103906 14.3663617246913127 8.2278133849711779 25.7994980345539204 -9.2286330041023845 -11.8034908242887333 27.0638975427230335 16.2494828464431009 -3.7797583284847613 2.6641994616752811 2.8260677026944765 -5.0663754086591570 -28.0641581276790113 -25.2526029870472293 2.5456660343347202 -4.8069303645606869 8.5695689854837482 -0.2787212841764557 -3.3895623737520721 8.8652524302395186 -6.3426623961797617 -7.3058757289517544 34.1504927410667136 -11.6471269923770482 -5.4581350908017328 -8.9067815208454082 9.9406808488935656 17.6589047201671505 2.7638669380130128 -15.4671440414573382 11.4773864843067113 -10.2934872207616781 5.8471536772586568 6.2153115761525068 -13.9062424994780223 -1.6276918528887190 0.0312823627376928 4.3815608630061140 8.5058131634261471 4.0963499119627542 -13.4008418835774741 1.8851810655269525 -12.7429757057422730 2.5418568289790611 12.2789777207409045 4.1108497187874384 -25.1090958019325541 -24.4635103409840440 30.6647253665475326 27.9971072801026821 12.3527079251408214
83.0000000000000000 0.0741092174424580 9.0000000000000000 6.0000000000000000 20.2308799972305131 -5.5404354119413082 -5.7777987278837717 -14.4342449622730413 -10.2901597282856461 -15.3623112706267317 -3.2144370503095048 0.3070951593243976 40.2787745954751344 -10.8864966505194154 12.7041444672947978 -25.7667535640665477 3.0978780380795481 -0.6813286576715584 2.8676312554269066 -6.2371413527628832 -6.0609211171916124 10.6337803791408589 7.2471126370502024 23.2985063735286921 -11.4308439053587794 -17.9181562051925596 28.2805164637786781 21.8752133806686615 -6.6717050848680310 1.9928089170303322 -3.9561878231893779 -0.8038499413328335 -36.1967840890247388 -24.7578793972229505 7.1171993139961724 -9.4244394276181698 7.1716349117453326 -1.9465326056627357 -5.1041137344437519 8.4025308495297182 -13.2916990581238519 -2.0903475092140544 30.3799519673577194 -12.3722027874507727 -7.1914452400319888 -3.7383736359227124 7.9145529063365085 21.3009518630940349 2.3495612255216853 -15.2147608644194801 9.8918031889491758 -13.7562389884935499 3.3731125903781498 9.1167864078864049 -13.3590937758155235 0.3035203341029525 4.4547213957918430 9.0748290089520864 14.3353242457883212 -4.3138380039433262 -9.8457842089124590 -2.6728255965030230 -9.1708140460511736 -3.7639388035294274 10.4404922605885560 0.8444957310776228 -30.7244346766489755 -21.9574111688461251 28.0472172500221575 32.9588556200917751 10.2280326569356177
84.0000000000000000 0.1405270530556342 9.0000000000000000 6.0000000000000000 17.1181387757317722 -3.4743194997026352 -0.3852600693803891 -8.3489656314105893 -9.4960994279094191 -10.1437632053177413 -4.6667881904174013 -5.8151841768591357 44.7946000906044972 -9.3719406773498015 18.9166229859376358 -25.3530411448579294 0.4299645875897311 -5.4581718136194368 6.8518963053709312 -2.0999153064406291 -3.6800510965607334 8.8400247197840240 4.7393100687960823 20.2208787847312941 -16.0791717442651816 -7.9798066254009781 25.9407379120799071 21.7877615892998264 -3.7995044606286839 4.1845665105436840 2.8901018368092650 -0.7261016625942371 -33.6868715037436246 -27.0282754839372892 3.7814976729343623 -6.0207902213474203 7.1988569829849967 -4.6078078037133032 -8.2251512303131342 8.6918303108082711 -8.9050768961593469 -5.9186623539399461 34.2271162737745271 -18.1305115606733054 -5.6601750565161169 -7.3934587611720959 8.3854005504326157 13.7873809049067866 6.5737042050699639 -15.3980619032299018 9.9430129101881324 -8.2538009092801481 -0.0660140781963370 8.7656016414660574 -12.8000372100440956 3.8437721623320740 2.5242518379627290 9.5655607248881971 9.5934839846667401 0.7856403902516380 -14.8426959358126638 -6.7706408724253224 -12.7781545432807206 -1.0599386251312910 9.9710324403480506 -3.4793867814650214 -23.7821782303689702 -22.6110383349693151 28.3200356757031031 33.1284322415318471 11.8170395933848607
85.0000000000000000 0.1638465267067602 9.0000000000000000 6.0000000000000000 27.1218257882497120 0.0635740432620842 4.5289529240251847 -11.7516402876344763 -10.2956954339139610 -12.6276546420996443 -1.6301192872526677 -3.2619805954888275 43.5014958898747750 -11.3256939521734381 16.4059172280577563 -24.6004324851717939 2.2895343056715016 -7.6603048793293347 6.3572107491846488 -10.5558456712551543 -7.2654950950877337 14.3557094533749421 5.0139357951359997 24.4623856073368842 -5.1336822555930066 -10.8750290369085150 26.1822930607077211 16.9709986850165322 -4.0056314924797620 -1.1199377747012309 0.7415327874786382 -2.8302857646243478 -33.3943224652026629 -24.9014103816815719 2.2879433103075972 -7.2041048424205467 9.0637825240761298 -4.4104661739511162 -7.1833771202286885 10.7371035062780731 -3.7068430285834433 -2.4561519627717052 36.5459647593467096 -13.3510254597062001 -6.5977634445104734 -2.5384489528708949 11.4547912041311246 16.1151007473612431 -1.1499542719821374 -16.4724770542070935 11.3554522215415226 -10.7005311035332316 2.3943387000411924 1.7677279539660766 -12.7926191944819543 -3.8803098443747652 -2.1270971121336193 5.0365808194954766 19.6413062482548284 0.0508613179611974 -13.9274497454741866 -2.3550766374553298 -10.0714991103334270 -1.0331872982634853 18.0088822520254652 -1.0392975470822474 -24.4748332577795047 -19.3211298703111112 31.1570369225575341 25.7466800715378454 13.0469439541017724
86.0000000000000000 0.1381909134689804 9.0000000000000000 6.0000000000000000 21.4391145799846896 -0.2186292415199000 -1.0803099287911848 -7.6842425952461824 -11.4738107021184863 -12.6221502433655086 -4.0231805484684653 -7.7688005468104393 42.5076260648342554 -12.7951623402611823 17.8015654560323746 -22.5240599735838103 6.6736301398989024 1.5135403251041393 4.6234636936680609 -2.4089955455846654 -10.9152673565132226 5.6480555754987893 4.0928963292850629 24.6887540821958673 -14.1363036069916568 -8.3386239123122134 26.3308133342326656 21.0753653444607245 -4.7895713142729690 3.0038435891082589 4.2475185691257948 -2.8592130873976958 -35.5338278731987245 -25.1527005743814378 3.8337415979891314 -4.9530322684530583 6.9369288165264251 -2.2218470568209092 -5.0718795195758988 7.0926251548753116 -10.0763014810072082 -4.6458083303908140 30.2678459394132489 -7.5050383572476518 -4.0843948888561767 -4.8257445182709651 7.5508812010603048 13.7984216180793418 -0.8952010098089158 -19.3069121040335041 17.0298713439110792 -8.7167782369691835 3.2026881250864814 10.3277971034896030 -11.5085166635402079 -0.7985329555624243 3.0524652668422236 13.0873585383460806 12.1371610343645884 -3.0291389063253846 -10.2747156019033028 -12.0328660582064728 -15.3939963530120885 -6.8721146493068694 8.6230242434207796 1.7430419915285824 -23.1934909418476742 -22.3768598218328876 32.9351330287047190 33.2121194035334284 15.9620444431204600
87.0000000000000000 0.0778243093743908 9.0000000000000000 6.0000000000000000 23.1230109789086704 -1.9639455405038100 -2.5512243219131290 -7.7087897918707888 -10.3022461386646196 -15.8388882788475271 0.5627519886483734 -1.9967394806249872 44.1038694937807918 -9.9893259336719922 15.9285692628596856 -29.9052688311801305 2.4950112779301401 0.0233367464763391 1.8894458748899696 -5.7076427904081530 -6.0953892474062634 8.4653583601674143 15.2568446963767030 17.7495775157213345 -8.3201264498805436 -9.4279455632164559 24.4722077556085651 18.7800206231963358 -2.6033069762112380 8.7033520102351147 0.4713071100082944 -2.5112341501285647 -38.9125844950970503 -24.1187545456121128 2.6188558817429035 -0.6523233268074753 8.4883663792425423 -4.3916959450798370 -6.4840382451286942 8.8020006760713638 -8.2806033054774613 -5.7637489675029245 31.7678294525982245 -11.1525485485275944 -0.9211344797746310 -2.1781297485985274 10.7136287876774929 18.4686165026640268 3.1457045512978796 -13.5799884624220137 16.8746829076202083 -11.4746162071017856 7.0454227389364643 3.9902193858932273 -13.5536522739714442 2.7383535713407703 5.5708547477172043 10.4111006836150786 7.5533031438989218 -4.1186060089413727 -14.1423805709896371 -5.2422629973112551 -13.0038695844477630 -0.1849274470405962 9.0549851465221280 4.3558208539100614 -23.5173428497993591 -23.0834123633603845 28.4332166895484804 35.4949298293086883 14.6642888819068062
88.0000000000000000 0.0745976194297019 9.0000000000000000 6.0000000000000000 22.3527214100517000 -4.8483259065442592 -5.0287696237862027 -12.4420895566114531 -7.9681080094568326 -9.4863868836026910 -2.5896445215324708 -3.4059216033227804 40.6257013577927282 -10.0401228226650439 16.8661857485446340 -26.2531267354692801 1.2882414519167003 3.8400807571416724 9.8765330686809349 -7.7729014967984007 -13.0112942758235448 16.3014549675797724 10.2717825504277016 24.8905865351220683 -9.1433199692025013 -7.3667565443741054 16.2552702672964529 20.5087962792317207 -9.4416874331711593 6.9549659027395414 4.9690613354380915 -0.0966473345162115 -40.8983113283472193 -27.3790217581952504 2.0494976408080117 -3.7546549693225559 11.6507373604887920 0.7249785821285288 -10.0032542750053768 2.7800592739765673 -4.1546232843180313 -2.0739471700080934 36.6273775367011325 -14.8659387772330724 -6.6489205422411626 -4.5551631562778621 10.0324975196941484 13.8018312659895379 -4.4935551688316213 -16.4322671685269803 13.8551791207876445 -10.5041526423436320 6.6141006509767166 10.9271131094470615 -8.3352636866665293 2.4782509346142843 6.1890367436460263 8.9944696987967578 16.3852579905880091 0.3463476054919956 -19.1101635834592898 -8.6081150442054550 -10.0908038969737017 0.2102510307993550 7.5450430763817842 2.8269963114707783 -24.1375110510551281 -26.8032141571391023 24.0341734738543238 39.5132540137412462 18.7940685904812206
89.0000000000000000 0.0734427791832644 9.0000000000000000 6.0000000000000000 24.3878246685625051 -4.4459320832893106 -7.3723462389015486 -5.0614092248384637 -1.6397632574131213 -6.8850944334625783 -0.9005604056259289 -2.7318075743017327 39.7419502395682755 -11.5815236081820103 14.8777526298277021 -27.2342587329289998 -2.5165898101274680 2.4292225050282092 6.4838841353229508 -2.5503739636062370 -11.9134856807786491 9.1685908935208911 2.9664555411961295 27.7948904579575995 -7.6023132998516809 -10.1022586994761969 21.1276654353465290 17.3719405714819004 -5.1022835966838116 1.7843050430520448 4.5206325680137001 -3.7198500593656822 -39.7409587633656685 -25.1403892283415757 2.7533634958640172 -2.8310633284606284 7.9196187595133765 1.3410762339648739 -8.8165056382311704 12.9522873787106967 -5.9412183993242147 -10.0305487884467333 33.5512245098003561 -13.2919741833438501 -1.2417208714672192 1.0564824057644815 8.2258785039665892 18.3449516368014010 -3.6153072838839941 -10.2369728062871026 16.8812452199412562 -9.2307267484779452 3.9647656984841628 6.9740904446495211 -8.6316820592982992 2.6457830326417184 4.2348861159645983 2.7739493820325078 10.9367879606382772 -2.5751630323158423 -16.1271890387711103 -13.2498073697153202 -10.3928286974106570 -4.1354620288420252 7.4851582317982173 2.1491573752372748 -20.1653647597262022 -21.0075692087518497 25.0861447369552728 39.9124413535916887 20.1062392019544305
90.0000000000000000 0.0736785492924258 9.0000000000000000 6.0000000000000000 18.8840685393411576 -3.1063671701952451 -6.0254794819892847 -9.4822113454110646 -11.7274266907904732 -15.0126909630718437 -5.3489354740269039 0.2644262021726815 38.6864468764805736 -10.8343681998128432 15.4533240680281132 -28.1544768292554437 1.8426047208633822 -1.6557527536993837 3.4986276853663099 -3.5506363398409033 -10.7284542796092488 12.7304792887962233 3.4887804782796117 24.3741395237436826 -6.0370981620417314 -7.7939584409230056 26.7205825876502203 16.8563106994194598 -3.6327617315703939 0.9562371403221963 1.3002689581229476 2.6400385186351651 -44.9943491155420929 -24.4751863910604364 0.1260496248452490 -2.0405241708751150 9.9964735792879988 -0.5989304238491396 -9.4386809305305430 7.8517653194274732 -6.4176820975485160 -14.1048653090702540 37.4166242875368553 -10.6600245984546760 -4.5047155376284529 -4.0981903327643767 5.9531886068273714 13.1972866703745098 -6.0999846547931238 -14.1811943331631092 12.3463206137295511 -9.5062782810292443 2.0565575144869288 5.8136176743733410 -9.3204019859173410 1.9963799780703888 -1.2980910530361567 9.7698545127708449 11.2318809962078934 -2.5134646154674289 -15.3313495281539272 -8.7860725353985600 -6.9505170486941710 0.1161926902400867 11.9204347503975114 6.6473711164466618 -28.0393354685815588 -23.3850981059675433 21.6075258035253093 33.7894836951509348 17.1889058567413748
91.0000000000000000 0.0682465239819190 9.0000000000000000 6.0000000000000000 20.4341659527934851 -5.0215111068394576 -6.6263891400691977 -6.3640065248004802 -11.1990284876379356 -11.3734222315126043 3.2408795958113492 -2.0308009676803116 39.3804874226571897 -4.8804818535178640 13.6288860515635140 -21.7041145128085979 4.7796426127923191 -1.4128660817308734 4.5826874792385448 -4.5326636575261938 -13.9672895905004282 8.7458375586132231 3.9199680204343879 34.0798173099096999 -10.7777791492633330 -9.1277266030125439 34.4566014015084008 23.1054772738842722 -2.5590732465418444 3.8354323980570735 6.8387585970928395 -1.4977439646343607 -41.5707826843735404 -24.4715695501531449 -0.7665691026043362 -8.5716464644161867 13.6853440651120302 2.8638121940421684 -8.0202187441434596 10.5143635502522450 -9.0108296744064695 -9.7588327235162708 31.9378297657299086 -13.6242813440087964 -4.0065050231159844 -2.4512019560367637 14.5029750221308849 17.1487144814327976 -4.1118674907087422 -19.0914914115227283 13.3394386573980128 -10.0002902032800911 4.8251086033782489 5.7875455532713040 -11.1254095214410178 2.5392356146108126 -0.5879510234648126 9.5646531630717444 8.9448301072474976 1.3815546870564317 -16.5688006726122197 -7.9033543759130165 -8.4092571901978275 -2.9738683761986371 16.3859101445649884 7.0668045659979688 -17.3806068874204911 -24.4573898973014430 28.9566934485980170 40.5325046316935129 20.6354987719605667
92.0000000000000000 0.0699885400581142 9.0000000000000000 6.0000000000000000 13.3079628545410991 -5.0168655890843583 0.9939412950021520 -14.8736199139164107 -4.4414054573427695 -9.8374684445050242 -3.9929124965266656 -3.9138579922600907 39.3626632840359107 -11.4892756756990391 19.1320910250707783 -26.4812733549707708 2.0082495118977266 4.4780657820602947 6.3093457497499159 -2.3280973402872593 -22.6502716746167678 8.4164557446493973 4.3974242449719192 23.7996158292182471 -4.8388709987671863 -11.1263302001769055 27.8725509392487929 16.9756025633119840 -7.9773416031359918 5.2123196115531112 0.9151451411400977 -3.3401965461693930 -35.9564105761406196 -30.8976299861248691 3.6657994979616380 -4.4322676413181075 17.2564487648382610 1.0143401620868870 -8.9238512335543341 12.2743804866994886 -10.2932996003989690 -9.7577972621124847 29.7867178942127033 -15.6085597393888769 1.6724938669472436 -6.7408564127908690 0.4806075521567941 17.2958233923593170 -6.1872099424725988 -16.2066926711443209 19.6110001673396965 -7.0993718898446652 4.9798995976077673 4.2837229874741549 -5.1025354505955436 4.9379631108128805 2.6325063484385831 4.7439426270970033 17.5383338318221718 -2.3153106624055533 -13.6816637422579479 -5.8195096424480397 -12.6599284111008785 1.4122996667380112 13.4583653125389731 6.6642304049063004 -17.9154194989306177 -26.6097927187518231 28.9249078120560803 41.8868730792349666 20.6876363225700857
93.0000000000000000 0.1388977564239480 9.0000000000000000 6.0000000000000000 20.5110028696492321 -5.7414293018338149 -2.6129673580129800 -9.6372388054027684 -2.9708337329438868 -16.9842786378929134 -8.7930125811246533 -5.6976050327099870 37.6071265762810398 -5.4740046082572604 18.4060868299387188 -19.1660568466939125 6.0797697670789503 1.1787613562838626 6.8131598700641955 -4.1252731053675724 -16.8967316029008217 13.4420445735990786 4.1530443060537063 27.2934129668797745 -7.4189458880222263 -1.9229444466754400 29.4315735442308863 16.7376618474811742 0.3443794529625857 4.6217370732864040 0.5790607535423993 -0.3080836595648224 -34.1957595052223198 -27.8224324372665635 -0.4157859602387707 -4.3526268517488402 15.0812033519815394 5.1551251951170620 -11.8478761528705085 8.9516652158510883 -9.4302474104981933 -1.8525966044839901 37.0683953556036840 -13.3001893831486626 0.5636863902559704 -6.0115901359555384 9.3883680046267255 20.3400364098330968 -2.5153821041529505 -16.3565155465490477 14.8893381943653420 -10.4556418125426287 3.1980468131770876 2.4667714629011295 -6.4197639529218211 5.7218330397421457 4.2786145994329772 10.2567020918136382 10.9803058411300256 0.3050673178310506 -9.5137312479534124 -8.1998097755241126 -9.7540654250836170 1.7561736441664513 12.4907747334992081 8.4319011057905033 -24.3568796388760660 -29.4421449690862218 22.6801958048835068 40.7652817309754454 14.5678225870566962
94.0000000000000000 0.0764187068347474 9.0000000000000000 6.0000000000000000 16.2352617329619093 -6.3297438488575875 -0.0105828568296822 -14.4423918576612884 -12.6495918761813915 -3.8882483203919520 -11.7596410257025639 -2.6927835070570305 38.3007465852500744 -5.8817019643781183 17.8136228937556247 -24.4779863098314188 3.5305557881234266 5.0941068026820311 4.7957837327699604 -1.1374135610546441 -22.0017172214304146 10.3779690060851610 7.8389877224048892 32.6201421927411630 -8.8567252020053662 -13.2924673604570529 34.2794791670276382 11.6840842766217889 -7.3643448610480799 -2.1894884490191124 4.8612470975900699 -0.9861938838589935 -35.8642531090874499 -36.6450575124546276 4.2846180087090735 -0.9013423186724530 14.3278016503066219 8.4314412955151017 -11.0178321965620398 6.7949132921987578 -10.5190142144141188 -7.5735708034107869 32.7059084406850360 -16.6112250615564108 4.3359570086608743 -4.3695699662724019 3.5712960583326492 18.0091865719565050 -5.2713104359963268 -13.8158291348500111 15.5338736928490384 -3.6567273015064705 2.7216587204179401 6.1315287258795257 -6.0908894199038892 3.0210092627966021 5.4096151109553157 11.4842170484423711 8.9196378956174733 -1.3334486443089220 -13.9987754343760695 -9.1859161001419842 -8.7896050749003169 -0.5590902895847757 9.2820372637575730 1.8871572150454305 -24.1123487070077509 -31.0123155069995313 27.2837770714371217 43.5082662167635590 17.1552576301563455
95.0000000000000000 0.1647893525472311 9.0000000000000000 6.0000000000000000 20.7791433181010490 -5.0201511211733560 -6.3931749746436939 -9.5137344398816595 -9.3484223141177250 -10.8013888341901225 -4.2290190809606427 -3.3374806660764493 42.7004130993026578 -12.1002692450862490 20.6219452014021556 -18.6676133953380052 4.6732466479784867 8.5261222380691315 5.8474198615152391 -3.0706256583241678 -17.9484180201537278 15.9635439153537035 -0.6587811946324393 23.2861079312512942 -9.4694257701341265 -5.0237015788897024 32.0234367003923026 8.7297185735565925 -4.1483873986224538 0.6675531895352658 2.3386877491897202 -2.0828965592205915 -34.8918199277317669 -30.4331237200297231 1.3151432508763694 -0.9919141875964486 10.4116543406838975 5.8307212361456369 -10.5271743239854505 1.7816245394634826 -12.7142933056898180 -15.7719098573104759 37.3911169142372160 -17.7759348253600287 -2.3912086058190360 -0.9759484681789115 4.9964421233399463 13.9797846463445978 -1.8371927838136231 -12.0909911876085872 20.7383556399812328 -7.1672225124941082 4.4007577706189869 2.7516688545593881 -7.2023613645389011 2.0235556040067566 2.3005670907071716 7.4240426889643167 11.1864755529125404 -0.3831210781609990 -8.8823775374319123 -8.1862375082473147 -13.5950098702570852 -1.1856027915529246 11.6739224458902324 10.5493640666860706 -21.9287219718008757 -32.2773156141981303 26.7737582923633255 38.7792288857067007 19.8092355939131437
96.0000000000000000 0.1395153176173133 9.0000000000000000 6.0000000000000000 21.1626181945255496 -1.9927329994022953 -5.5313067936278886 -15.9638450873541036 -14.0225097278675506 -14.2889448695313810 -8.9208233155348431 -7.1148386791718803 42.9345176487121165 -10.9987865803702576 16.9745279358316097 -22.6480924974851234 4.1920399668964077 5.2524733594909225 9.9358754791743245 -2.4260994963611964 -22.3540387085805392 16.8390007674912354 4.6268932707959207 20.9013327003364111 -10.8088737119852478 -1.6115006499363185 36.9835760025643410 9.2304794364737361 -7.0695820055829417 2.9769054093874465 2.7427396758386031 0.6269456681571426 -28.8741714629629449 -29.6465830341115080 5.4001312259362422 4.8600059984173569 11.0472181828626823 3.4386144023476684 -6.3647938320243780 11.8162119370148027 -11.2544343022200550 -9.5370178651682025 27.9960775189745803 -14.8538910966646647 1.2347048421899871 -12.3748271021839358 8.1232880576707736 16.6759568860465421 -3.2734693663127632 -14.7654225937516621 17.1878319395078272 -7.8493136943900765 6.3202832149768424 9.8873219033064768 -1.2620805038519176 8.4032090954862984 -0.6034730682661191 8.4239764601108469 10.6580087141007667 2.5016303898487386 -11.7069798441010740 -8.6930031064230153 -10.5113903136985272 1.2018225658912998 12.4812034724339238 9.4410130763810187 -31.4952303726495977 -29.2163092905670858 27.7133578873168140 41.0015885883406099 16.4420725997508157
97.0000000000000000 0.0566709751083466 9.0000000000000000 6.0000000000000000 16.6640003208508816 -3.1660274490443756 1.3890098533090169 -15.7233141428575323 -10.4556433692460757 -11.4133514308188175 -11.8141002882029476 -1.3194788281467027 32.3147476364679278 -11.2481897646605660 18.8598721237088824 -13.6878042964827813 2.8346078028329549 4.6649585977989787 7.2030234537657449 -2.3191807658819568 -16.3690438693338294 12.0846285855383364 5.6425036524478092 28.0115626283750601 -5.1094548664459136 -4.1059995358617227 32.2668726977974245 11.0745347162521579 1.9682731470387340 0.8841967048665127 3.5761106988851328 -4.1439757688030756 -36.0578049177516249 -28.8710885641891188 7.0287668104131988 -0.2365740222751559 12.0849819595170835 6.1516241025301683 -10.4754628304372641 9.0016385976419926 -5.1893881528825085 -13.7719948195073130 36.5239815259953318 -17.0676929398469177 -4.3348053778965694 -12.9704040236676104 5.2158039827967615 11.9135021978055580 -1.2496262598031822 -9.9886092592502376 19.7924793065304954 -14.6801701666587192 5.6142737790951234 6.2239679488378119 -7.1160411579412015 3.5376060460749210 0.0177621966660542 9.4381835213550502 12.0876463946205703 -0.9258001818655786 -15.1317353413556308 -11.0252851088337813 -9.0713561976294663 -5.8101485548297722 10.6722327263563255 10.9452808398479089 -26.9773147161924314 -26.6124311855962041 22.2244603047262110 37.9259119613790787 13.4642330170069862
98.0000000000000000 0.0707666390172945 9.0000000000000000 6.0000000000000000 18.9140391404622328 -7.3465922259647742 -3.1258128452130460 -12.6118079051650565 -7.8548175624266756 -13.7728082615364009 -11.8377792990376083 -2.5501354729132393 37.5407885647496613 -18.7537286292550256 21.2443184884563969 -24.5870600299372555 8.1750472304303621 6.1458546763457829 5.5942950569209078 -6.8178639248348478 -19.5304298548637405 13.6545846648755358 0.2305826222741769 29.6686658351795103 -8.0263244984952138 -6.6212725430047419 33.9079149056598439 5.5133739417175542 -7.7778076012277060 3.6784495869906215 5.7609250716237614 -0.8283623411595245 -37.9954928185346290 -30.5326576449323284 4.3542889659141402 -1.4734974939755308 9.4375812833378365 7.7420975242002354 -11.8237592496346782 14.7855348520949157 -9.8322407993755760 -8.3168557071616735 31.0332784809679332 -20.0101774197091977 2.0337718779845879 -9.6075858880023848 9.1798601372282587 22.2665375109481047 -4.6993511673453012 -9.7293461626836084 19.0942649911094051 -7.3564050536501320 6.9055414017447525 6.9791496058502096 -7.2380774288740319 9.1236007563347634 0.9628848762693359 4.4802455625973847 10.8229776467941470 -2.7430758860833810 -15.8352665610823689 -8.1890660896656513 -7.8083278690866464 4.0740807169463817 12.3631397556777873 6.7952652021299267 -32.3601964547959966 -24.8131910132404130 19.9756321200689726 46.3822070264044868 23.8740806775169325
99.0000000000000000 0.1393342675351943 9.0000000000000000 6.0000000000000000 17.5781344064267913 -3.8936797535725898 -5.3218743767595011 -15.1795053040477192 -10.6135744065268334 -8.8569479380060461 -8.1347987332638780 2.2021602295588205 36.6308369868745629 -11.5680073545235995 17.2909692625687157 -23.1863167279834350 -0.7843530955975271 2.0529600108154877 4.6339921945456446 -8.7274270720240921 -20.6760280089111710 18.2051503351147801 3.4125404301452216 29.3866483788317936 -10.5045016638588358 -3.8282688896557788 30.8834004839957537 15.4271364357172516 -5.9636921415402355 7.2990258518292146 2.0311770566093661 3.9894236872104130 -39.7528018199922428 -35.7408762065950327 -1.1497779536239734 -0.7528690852417634 7.1265811839375379 1.8332294352869209 -8.3582524459618170 10.7539658003717520 -4.2775038566476029 -19.8237535553462720 29.1700198595526778 -12.7569809946789068 -3.1992672634492907 -5.6937183414362718 4.0670341786925341 14.2363187715929893 -8.0059745143572947 -9.4628593721101506 8.1506823274358933 -11.9288509984988984 7.0691906109056646 9.1232267266978297 -13.0580184019510632 9.3683510977136315 3.1403810145332720 10.3500445496793425 9.1797777545334664 0.3455782942943042 -19.0697886783192807 -10.8703091289841574 -10.4969050917867843 -1.1211837545148289 10.0471397391625281 -1.4817508503075123 -30.0437820107467104 -26.2340878244750435 23.2181086269954804 39.7497082327303133 12.9376009321833703
100.0000000000000000 0.1405042545796464 9.0000000000000000 6.0000000000000000 19.4239667689264977 -5.0363696926375079 -1.8675353432307715 -13.1160855137525729 -11.9952651174095219 -8.5036200837621791 -9.1520173065108530 -3.5932042176760541 38.7969170830473757 -10.4225350587191610 15.1642381795487147 -18.6396729142524507 -2.4294929170207920 12.9063002499119399 5.2014697513410724 -6.0869765562398008 -21.2542000594811604 8.5824899554665919 0.1983683752402351 31.2343104555672753 -10.7851273112228245 -5.8437986457667117 35.4409739627234046 7.9632369807417955 -5.1532385771915195 4.6465774420728714 -2.7376518173448305 -1.8805105799599047 -39.9901255406654244 -37.7730549294824982 6.7791864789715559 -6.6906472721676060 14.2664255832659173 13.2555962625984662 -2.6824950773989604 9.4176681234705768 -5.5365312439568983 -18.0274629468960086 21.1537296016707188 -16.5252066222600753 -6.3705023541355850 -2.7910092843738248 7.2944921207425431 17.9036040475628511 0.2199325809270887 -16.4436090241564443 17.8666968691711006 -12.7219282266882061 5.8672942539729007 11.4348943829443872 -11.0410729886458547 7.3647803519701771 7.0498362565951229 9.5240511159349133 8.4224549995482221 4.4207337221528888 -18.3381577664604585 -12.6211547812048135 -14.5423031253433166 2.1073101028839991 12.0839458399642119 6.0892366965598423 -25.4222497893565773 -21.8430664027796801 22.2482202558962463 47.2373231387984163 21.2003513182384289
101.0000000000000000 0.0724108507377986 9.0000000000000000 6.0000000000000000 11.8783197029245269 -6.5659436483025129 -0.7199878486860309 -1.2016155279571930 -10.4219335749799953 -6.2328027596446542 -7.7393171864134356 1.2922908732868750 36.6261443065665517 -13.3605685323865639 15.1590879709523509 -24.0684323940845850 -1.1971722345754223 16.0950839849383129 8.1429898701314585 -8.3590630881670673 -25.2600541473603002 6.5720167714021720 2.9811969372962772 31.2530361384029511 -7.2180503946313337 -2.1701874959439156 35.0269438679632259 15.2291409756858229 -3.8391405984660705 8.1103261339711423 3.9377218878810041 -3.2727100621860847 -40.8895170706561402 -30.9764904242118142 8.3225429284281311 -6.3295586665734245 12.4704707614203034 8.0820557639517503 -8.7871652931428361 9.0101065474540825 -6.5348580447483346 -7.5296184712103900 17.8451767382101352 -15.4994938127884421 1.4667941034078198 0.6904107066490308 5.8751830603936197 14.8275878715614873 0.5423877942920887 -13.9901431997214480 14.1821941620993464 -13.9299592266876449 10.1665923739173198 12.1740447110268288 -3.8257860024338797 8.3378875877399405 5.9382700451033479 2.1821072529081098 4.5156622437421507 3.6897751651334181 -19.1220559568048820 -13.9673621887188588 -9.2382895423197429 -1.4735723452422316 15.9573361137164014 -1.5869897058247027 -25.9838724264182268 -23.2265822255028773 24.4589582720837413 38.6715288415477687 21.6661451332623010
102.0000000000000000 0.1390454572927693 9.0000000000000000 6.0000000000000000 22.8050637641344913 -6.3566701718764405 -1.1399082014972355 -8.2476544277715185 -12.8075975879703705 -13.3893072492562908 -7.3113428372042470 2.2290311741214222 36.0595226439775587 -6.0118121494732115 17.6077664249260089 -21.1340577648042469 2.2014171731710279 15.4060247759973485 1.1683065598758233 -9.3283333641478094 -11.6001375224550145 4.8519388873797622 -2.5402978245905432 22.7907179657689376 -11.3605142276365569 0.0432408685345766 24.9977764496494181 17.4076720573621735 -1.1404865618592273 2.4164913846191354 3.1459208959411860 3.6701922706357899 -41.7265856475563481 -34.3256873573336065 9.2428629088291867 -8.9086065303222046 9.7193333921089415 2.9090209594643133 -9.0004684747713952 10.3499922070798576 -9.7014906961412120 -11.8985073409752928 20.8652915066356250 -8.6671518268392624 -3.6941778320872012 -1.6961240374009845 5.2692585497756053 13.9499893353031741 -8.1624309400270949 -12.6745660314046837 16.9433412178730904 -12.0187031287448924 4.0783515416225011 11.9017921031181473 -3.1896779123086807 11.7371320995243238 5.1977308404101477 -3.4440631865490543 11.9743192202264304 0.1414944866641298 -14.4564591558773596 -11.8441756131382476 -12.5707407985067618 -5.5880842392679302 9.0401179245612759 -1.9046824127414963 -23.5645873946014923 -27.2641245826749561 23.5525776447048933 43.7673131346922375 19.5331384488281437
103.0000000000000000 0.0762719182537078 9.0000000000000000 6.0000000000000000 26.5789950514900681 -2.3210908197382891 -7.3733247605127996 -1.5972180596330108 -9.0506426401361146 -10.2960933290462808 -5.9076512123812623 2.6715096817680171 34.6835887914078995 -6.7516173089193998 15.1136650942894466 -22.7200492890324171 -5.8469765149468182 12.7395404730118393 8.9643305428053921 -4.3003420620665054 -14.8012142460826919 10.8078664700323195 1.8871941028255557 26.5521380686027122 -12.8650004119843651 -4.7163628415421259 33.5117131626810121 15.4805072996069839 -4.0199800633848675 2.0739076367149023 8.6534516170857785 -5.8705027321639589 -33.9384904679146402 -30.2773425991009759 11.6212579109074383 -7.4826700623420415 3.7419346101693787 1.2026191071539403 -9.0640029653733034 9.7564321833806495 -15.7541203093044793 -18.4321463241066965 30.0023793817071294 -13.9144020787073259 -8.5341081679523434 -1.3417276105050999 12.3188804358079089 10.3884005878538090 -0.6316098560984034 -10.3333588569081698 15.7161507040677133 -7.7817069349028021 3.5257127042639009 7.3677960591401268 -9.8952055527505269 7.3575692683400931 4.2185423500083283 4.6298713267121103 2.8668285204183723 3.4456577817508713 -20.7596734488992247 -3.5820237211284587 -9.8384476596083612 -2.5867299817398024 17.1577226604454864 2.8400285228232764 -20.4393914032140209 -27.5166999146576039 20.9799248856381624 40.9541476716641668 21.9780244592495784
104.0000000000000000 0.1395725921544541 9.0000000000000000 6.0000000000000000 22.1914180910213119 -1.4379269519754070 -1.8407552424437632 -7.9182142039250909 -18.4176286349524716 -5.2468667486722929 -0.8809362311390867 1.6459596629126239 40.5210889611076368 -10.7856130311316445 20.9771417061030263 -25.7306519578217134 0.3872129649207893 14.3094357105023828 -1.2290512290707190 -9.0235803027345458 -19.2207852884606147 14.1013252670621245 -2.5926784435183090 21.5197062934284205 -14.2107930504212092 -0.0876638705302561 40.5188815386050791 3.9871848317064007 -5.3931754269102630 3.6281265018129800 3.9308153844759541 -4.4094104265210223 -42.0361534400537664 -28.2578916095711854 5.7358027842952204 -8.4620236463438303 14.2761694450646175 5.9991827970563358 -9.8269876133501111 15.9765193906065193 -12.1731809506581659 -6.9460378877641045 23.9337783607404226 -12.1251336615372285 -2.6720136002544708 -2.1516162040419027 6.3905900987862463 12.4882011076008936 -3.1131280043518887 -16.8813499214906209 15.6255586895198419 -11.4114782904112069 7.5613989082650495 3.3179470842484875 -12.7910776181601875 14.2716482464569410 6.5178546696169546 9.9932645040302077 9.5756931053687300 3.1398287178653539 -14.7166287149572330 -11.0476088744271479 -11.8776730551762100 -9.5136552343551219 7.5037012610840481 5.2102871260263157 -27.7776943771095333 -28.6451540741668715 21.0983582127623350 45.0869766823581273 21.3201358634620597
105.0000000000000000 0.0744364569842405 9.0000000000000000 6.0000000000000000 21.5570215350834751 -0.6589623832780658 -4.7390237607369858 -6.4820505149334160 -15.2542919292842516 -9.5500012294498138 8.1990438151545746 2.9784067828942864 38.5685872236995237 -9.8158616411845987 19.7697938117800334 -26.6541466175450026 -0.5683655912545917 16.0528394824510627 9.4205879382425159 -9.5909250485653423 -17.1298343477767396 13.3526965129458315 4.3240940522068430 19.9528366851792107 -8.5020918290653533 -0.6087769277740489 42.0978264415090422 8.6008929041402418 -1.9771408386643197 -0.9645794633833971 -0.1358643097324741 1.2482525737755346 -40.2128409314670208 -33.8367198228925119 5.1364991627727239 -9.7828925140538416 13.3356162796912621 5.1910347720590169 -13.7787505948496509 14.1882796140061238 -15.9420990506972515 -11.2115557683369627 25.0587850854512730 -12.9883133034422720 -6.2659551664265294 -4.5917134023040127 7.2158726869205951 20.5675442443907457 -6.2621670531959222 -9.5639025281559160 20.9325089302057954 -14.5171839017681208 1.4175582837213763 4.8838130474757548 -8.1903438348032189 8.6259699888378183 2.7090503779455899 10.3267887922628248 9.0809554052264847 3.0331109186590113 -13.6744955145420679 -6.9684232594973778 -7.6653301329419277 -7.2252428553709027 14.7704191252846844 9.3377847695626066 -18.2642918165320367 -30.5487681196432739 19.6474918738027817 45.0846121793245160 16.8610747873689917
106.0000000000000000 0.1395748104586243 9.0000000000000000 6.0000000000000000 25.2188082154586297 -5.0302317195190582 -8.8128844279201548 -6.6692823564331611 -10.1846856225295088 -1.2602456596165350 -2.8558537907104009 1.0351072317236971 38.1967089208987289 -9.4216369218177665 16.3977137464453016 -22.4899913796459110 -1.0508269138461261 13.3959185815108288 7.1753958827064324 -0.3045585502520378 -14.1414207398836211 12.2531796460243054 -0.9422669835125519 27.4209409914385169 -13.0408414753091773 1.4205234189966451 33.0900379825799291 8.5371365761726832 -11.2793212368658775 0.0780754997764279 1.6972200059014426 -5.1977343289069902 -39.6526005432836257 -33.9592038009055557 4.0462863911072375 -10.6360683907307738 15.6339016277325324 -5.1218454695017321 -5.8327659099081064 10.3302686809557400 -8.1866331986149135 -11.6652771231271046 19.9139002500345406 -13.0579148779589431 -6.9371285846136903 -5.7478946726667033 6.4229413962378201 9.8554887307612056 -5.5663812050842267 -3.7744657944828726 15.4950511831128637 -19.8396760507381096 6.9172494415332668 1.3121657886545477 -6.9088196467739627 5.5579331208059690 7.4250901684087545 7.9153197222458918 7.7117871805912976 0.1174776279749651 -15.9028467184101956 -6.6228707104041993 -15.8479738470673865 -3.7246443848049449 12.4259380193728308 4.6702116616654283 -22.0252025337085904 -30.8267939612124380 19.6674108664999494 42.1668324643404588 23.6932040944271733
107.0000000000000000 0.1394026588585265 9.0000000000000000 6.0000000000000000 21.9169428117767140 -5.1372006961622123 -1.5729422745036046 -7.7728554376447319 -13.8387516727324371 -4.1515876586252105 -5.2013286407926964 0.6861759411430829 39.6495847895069744 -14.9356247574394700 16.4145990950070164 -25.0583397088754865 -2.0688525114570044 14.0052454670778914 4.0513431279371099 -3.1951285910707967 -20.3608339413812303 6.7899955531540597 1.3206880608849634 29.7602785609099278 -8.7459667026706445 7.4232273837825140 35.6252411601491943 12.8306021471520157 -12.0657687313028266 4.7084762541787368 4.3952545704751582 -1.3501905840768149 -37.8488979422555261 -38.1780135184982612 4.3697088286847645 -11.4143782725317422 15.6300310253597452 5.1818891790393993 -5.1391279986833389 20.1321707109414163 -6.6005158666711843 -15.8820521272438278 25.0070776559268495 -15.5546346302394660 -4.7416444508918278 -3.5694026706428814 8.2077727288782416 19.6619025908741563 -5.0037380164123828 -8.0737744297214409 25.3014546142445198 -15.5267301382754503 12.3236345280497730 3.5905803780789056 -0.8392912773282832 -1.6910445548384114 10.3221946804170237 11.1894744061368723 10.9713957437726588 7.2010532452129432 -16.1163610652832752 -6.5763227947557921 -15.8052784996016094 -3.2128676980326616 11.0298752395902326 8.7125071179521978 -24.2932609278937441 -25.9113890452322551 16.3900922512743819 48.0026148345872841 17.6439038077070514
108.0000000000000000 0.1394452331840028 9.0000000000000000 6.0000000000000000 25.2532441400276575 -2.6918310870908826 -3.2232265759658167 -3.8773460112843319 -17.0456514663150998 -0.0059132892638072 -3.0393080011746596 -3.9190927740028694 40.2555991068634640 -5.5378579266233317 20.3071856839610732 -25.7969131254793993 -8.4624335015869647 14.1286497542079061 4.2065612426522714 -4.1121964272427531 -18.7356270875122135 15.4804235864097102 0.8213998812277482 27.7529304238677561 -12.0939876241013664 1.8295268808432346 32.6023675779459623 10.4299348839429147 -14.1348606922025866 1.0410296776805823 0.0879477838883225 -1.9037054109793370 -43.9407417481748581 -35.4555909022039515 13.8545255482756708 -8.5164011573473797 13.5827436018293461 8.4179764269207862 -9.0220142481235630 9.6119460721994834 -12.6055435648850800 -15.9278716575957251 27.4161284356524675 -10.2730157104907764 -7.9984529498940216 -3.3070691182023508 10.9393179676172849 16.7831710997147212 -7.7408600738591522 -13.6476017094014246 21.4641804666838532 -13.7431813712896922 5.8455589638382266 -1.6390007158737383 -5.1265037481606166 -0.6041767545681171 0.7286721387213930 7.4732026693861480 11.9279154791335635 3.0071329981974411 -16.1743637670424185 -7.7126788176330283 -13.6780669111650042 -5.4762640646867018 16.5011135316482971 5.0313402296618479 -26.5967030303740231 -34.3820411678453084 17.5672294506345779 42.5650270440655945 17.7036673241510911
109.0000000000000000 0.1399883006581963 9.0000000000000000 6.0000000000000000 16.7063358250724328 -4.3119292356499770 -2.1437449901740742 -6.7431701759902101 -17.6869435985328813 -4.3874271865489387 -0.6761056537024432 -4.1211081528442373 33.3470613920641199 -12.2800774682828990 17.6711353762683991 -28.5197397378775896 -5.8524730630154025 7.7138025070617990 6.6022531815112711 -5.1715811580256545 -25.9163685306413853 14.7923037150748975 8.0976264667711231 26.1761529672670363 -7.3122251365723487 1.7753589892883219 28.4740132960973540 11.5378899996390221 -9.7584083776888608 2.2434422919900108 2.3735052845977087 -2.6310838482686636 -35.7527461760807057 -30.9017310027610819 4.1796456171281102 -8.1005755780404574 12.1074930631536883 6.8599296088350181 -8.1243392332198905 10.9765707867830429 -15.2864269837981102 -7.8798656902496971 30.1086498108560932 -12.7937811388237215 -1.3571271197619823 -6.4928145100103443 5.9651429461362762 16.1849986449576875 -5.0232279615215383 -13.8497666013665555 15.9496896407955475 -14.4226676309074922 4.2287814796994665 -0.3765318888198270 -1.5391424407538246 0.7796864018446223 5.6636984218536846 5.7717636708358731 15.5579582560558460 2.7275246256754029 -12.7231181252334267 -7.7099168255871788 -13.1074186673336293 -8.3666378574632958 15.3841117781412198 2.0634326034208277 -26.0180892729801201 -36.6229138353580552 17.9083603162150133 49.6073578937802182 17.5450578537745763
110.0000000000000000 0.1384985690127317 9.0000000000000000 6.0000000000000000 20.6218675498858452 -6.2424457853051791 -9.8994735525246078 -9.4149365639883218 -19.7238494614479158 -2.9075662868539638 -1.2379916391615324 2.5506993180502784 35.7387041390660301 -11.1889431831222375 20.8696307188378860 -28.2126292934071685 -4.7866360877400602 12.6238373953665679 9.2877699910066820 0.0047560602128129 -18.4773408154057321 16.8857001124912181 5.1339891485100591 30.5912399100592474 -13.8184739625308648 0.4371453036483051 39.3419270699919608 5.2820929353168236 -10.0293250924367587 2.4861500905481431 -1.0347027070539356 -4.9467766678413385 -36.3174286536963749 -40.6090745578853642 7.4388512068289563 -10.1298415822768799 14.2570098190343444 5.1984269869629829 -15.3007433768360528 8.9470512093911037 -18.3510162007783784 -18.8437060204598232 30.6304804853467836 -11.2522472519282708 -9.4882016041107740 -5.8039328972553328 7.9964225949462993 18.5776200695758185 -2.4990089131239461 -10.3494272959869793 16.1752527629261813 -16.0231311865049619 2.2342196214063073 4.6537973026376633 -9.3089097807857346 7.2603555635100134 3.4479366231858712 11.0565883755965473 8.4247105931038480 8.6584631595699371 -12.6577839384899704 -8.9514592531591219 -10.9867648901788080 -2.2080630883720991 12.4386147891764374 7.8464426812970265 -25.3917332627314138 -31.3761470297936604 17.0860938850282089 43.0679823790654552 13.1794393156353635
111.0000000000000000 0.1393766618433272 9.0000000000000000 6.0000000000000000 17.9658637453524044 -5.5535858604704726 -15.1123778331838174 -13.6444633731940907 -14.5320632710333690 -11.1137534983726951 4.1321908128316842 -3.1146186703030536 36.3593520877051901 -6.3252069259560724 18.9471127957726218 -26.3645021538627553 -2.0910635352927605 11.1728734348880341 7.8555252035744436 -8.7827589777127280 -18.5216010592327969 13.5074520256446071 3.8993707915030940 29.8266366215558314 -13.7373974383741189 -3.0275234344827147 36.6348662366399367 6.4337586440731993 -13.7080300834201960 -0.0503547964610418 5.8057433090757868 1.7602129387903918 -38.1211178288519932 -38.5052595871044758 8.1843118283177105 -4.6466899608732746 17.6326054000553256 0.5344362772252262 -15.2823333613395320 8.9617145556133906 -7.3246596163714504 -10.0328795102158992 32.9375083681587739 -9.5682179312646802 -7.7677088661502545 -2.7336150053666364 3.4648409747661857 19.3640697869259171 -0.7975948916474214 -17.4010238615607520 21.3708812253695903 -14.7091203037719893 3.1266664347806863 3.9531794148342780 -1.2575061362665165 6.6241263552932761 2.3286094413720755 10.5405185378276123 10.9510835181557233 -1.6783376636037808 -7.7018321411569932 -7.8444498447756565 -3.5923015497115278 -0.0363729369170529 14.4464353039885243 7.4538065968054301 -29.2633633614888282 -35.6715818377780565 16.7848218646700751 45.3668930966245298 15.6221293791774531
112.0000000000000000 0.1391275715881697 9.0000000000000000 6.0000000000000000 23.8039317887909512 -11.0793142997963532 -2.7577939476584250 -11.1521855143166846 -19.6722314953764439 -6.5071097102511342 -3.1699821643584398 5.1589172599114113 37.2736984293316311 -15.4631346965716308 17.8549452730642244 -29.9669384892573412 -3.4663134197842185 8.6134879776305979 8.5298371671810926 -5.1081364190228093 -20.7102858342846226 14.7284215206633800 5.6663807648048889 25.4211754670649661 -13.5500324516557633 6.2405420386013537 38.3357023496099529 11.9789686201336139 -5.4368071935874518 3.2218160193449896 2.8478543761655244 -4.4388466406746279 -36.6508516085453522 -27.2062681341105375 7.8752722539057709 -3.0367945295368739 15.1163793365654886 4.1961972544165418 -11.9113114208363982 12.5264061762795684 -8.0782200007550955 -6.3264678924969511 28.7312165752799835 -13.1835522095470488 -6.5909223488907651 -2.7436963993184320 5.8844302224059453 20.9485459544962822 -5.3854779326930355 -14.6892758240540946 21.2188452448649052 -10.7635313895518934 0.2237806165674230 0.0965540076798566 -3.8270564489183592 5.4996752553164860 10.3665779253269470 7.5741131729265971 7.3985052985298836 9.9526130419875241 -10.5735701479343209 -6.8335439044536308 -10.8901748097836286 -0.8414259287925657 15.7928652930288731 2.0123861291376013 -25.5791477924062889 -31.9540646490215856 21.4109056059664233 46.3166111304240289 23.5556402368883298
113.0000000000000000 0.0687780474295332 9.0000000000000000 6.0000000000000000 24.0573397161198805 -8.2612202778147985 -8.5852816494508026 -15.1055649238308831 -20.5020619849894281 -6.8456411532823473 -5.9558022948784544 -2.5883757689933229 44.8201385844263740 -8.3727941850850698 19.2791193679341326 -29.7277256801843492 -8.1658126349544347 6.2481091853380146 -0.2787680724610411 -3.0777403091819218 -20.7812066947653271 20.1287348980038843 4.3047097963294707 28.3176151424954838 -16.2226375440010067 -3.2004775389285931 37.2125834840183742 9.1322173699734641 -5.9915499119900151 1.2346769003342148 3.3568902899710906 1.5991307142585045 -34.8356409628891512 -36.8948799842200117 5.9789627978181468 -10.3519011543608936 8.9023390837997063 -3.9153585301246312 -12.5898913652784330 10.2165911759244779 -10.6410762980125178 -12.3698684083801034 33.4117080208229567 -11.1266813738108326 -6.6780247694855435 -1.1212737771469234 3.7635791463041999 21.2957918199224672 -5.0116739173522946 -8.8352805495420945 15.7611026600917299 -14.2268591079809852 -2.7278576449009786 0.0135647087521824 -6.8147843249180502 5.1505315440699171 12.7814092269226371 9.2158074999249795 13.8993993357873062 3.0235290203242400 -10.6827362057105795 -14.5559227506509234 -11.0251420339798205 3.1524093637452246 13.6985449896538594 10.1663582889433801 -28.3306859325305815 -38.8851171399608262 19.4062130546179965 46.1880911779004819 18.7035837891012058
114.0000000000000000 0.1382063523383571 9.0000000000000000 6.0000000000000000 22.2911107525028989 -6.1106474195173668 -9.9737177551116893 -10.4578249015137459 -18.3850245343722989 -5.3154942461572059 -4.6065627966117599 -1.0472304041224549 39.8272648069461823 -11.2611229508850847 17.1406891195664031 -29.1451437481208622 -3.6036327870916116 14.2284381016281323 2.0598834750595443 -3.0636751994329581 -21.5826125045200392 16.2267997939166158 3.5468972397770879 26.0881929963608314 -17.3603189830274509 -0.4992207468711763 39.8534067426900265 4.0579671778250193 -18.0666827858963259 4.0504784714324114 4.2760788632503477 -3.0198815862229247 -37.5166998962032920 -30.2256451200771821 9.0460558456938323 -6.6744590632927512 12.5068465892748755 -2.0923309182480558 -15.5882078419749632 8.4838601176298276 -4.4878795681732457 -10.4206554673980669 27.2634936243737869 -15.8311834211482374 -5.4186331755413919 2.5744539379645177 3.3708152502338544 18.9624720418312194 -3.8960022910354453 -9.4191102776981364 28.5942444555162965 -19.9234215810900537 4.1545744736268357 -2.3170811075379847 -3.9902673036000422 1.4840321960721767 8.4233453317187852 6.6314788415083044 11.8897169783886874 -4.1839433119063809 -11.0666886159011906 -8.0949678738793693 -1.9223317076448030 2.0082482123031746 10.2304478320030974 6.2887811248423304 -29.6355916378026834 -34.2854685800300061 20.3616794541047277 44.7053556505068457 15.8921672613864811
115.0000000000000000 0.0690739127581891 9.0000000000000000 6.0000000000000000 23.2775631649775541 -11.3856986491405365 -6.2564618683831021 -6.2908538834776637 -18.3922622196290781 -1.8371432106395904 -1.0025000180292878 0.6619024362428920 44.6188564686203648 -13.5109467566600099 17.1114429201970495 -29.3402579031355302 -5.1613413210036274 4.0022728563517180 2.1289033535897652 -4.0454596958758948 -24.3812208523806717 17.2113244992458441 5.5436821770068985 20.6578770794769646 -9.8271030316773214 -0.0030716469968495 39.4818695134017474 8.7226294704062965 -6.1053685824815433 8.1349807400512617 2.9491815389787877 -4.3899367020630331 -36.3247968018262810 -32.5451810968626489 4.8121818276267874 -5.3722871249290050 15.4120364805400154 6.1445822260040242 -15.0130037770580564 10.4458518423947808 -2.1870751071275434 -16.5376583930625394 27.5534528491114976 -11.8049211856604366 -6.7418744040521776 4.6455513627900142 3.7474884496229066 15.6696319466335794 -4.0610857241864844 -12.8760914409768876 20.2824850462134023 -14.5685079911568618 -0.3161560087439241 -0.4566520468308205 2.5961200500424519 3.2830746602919785 11.2690273450325567 10.2586428931183420 11.5949528681208367 1.9085833998828987 -9.6199898527961665 -5.2861656456194375 -6.6163783277330381 -1.2637463965400220 16.9537683208696777 1.1462466680264058 -24.1098177725192890 -34.6989002077412039 17.0102383124558436 45.6576095334994108 16.0007157438060972
116.0000000000000000 0.1385041168234413 9.0000000000000000 6.0000000000000000 19.4945406898370521 -10.7057490395918631 -8.0362712893742714 -10.2741260686730378 -12.1057394753881251 -2.0726114713974031 -2.1891846270015529 -5.2709896188054719 39.1744411051013515 -8.3871484711651174 19.7457400460766443 -22.6123409632378056 0.0982764245446317 13.5987288997396174 4.9374882840807039 -3.2276814037383370 -26.2285758982233261 15.2776467688563322 7.3124920869456691 23.2640425710997469 -12.0671957014087035 -1.8974765557800750 41.2440038634376549 2.7440554491358373 -7.1558354928412236 1.5527917694810385 1.1737991294795069 -1.2598510354044388 -38.9483088536063065 -31.7096825395599637 11.9594424855835584 -4.7952614007935370 13.2730387375389824 6.2171759644879234 -16.0863473316369792 6.5913293690364645 -7.8200510040161628 -17.6164695146412349 28.1194142378982868 -13.4704824461942785 -10.7825870930544632 5.4080964099567810 -0.3650045307601371 20.3770701877087497 -8.2784338058353253 -13.9217355181471500 20.2199011305084824 -13.5754761068408296 5.4632802884058327 -0.1209480675299386 3.8499346132095966 13.1439466825201023 12.1361972886512408 6.0639008395637823 11.7767369161737250 5.4664756579138665 -6.5691700474501751 -10.9662877683997877 -9.0339106993497928 -1.9584983475607893 13.4437878508650606 3.3763598026116193 -23.1547956404015771 -29.0051690182099158 21.1382712027007429 47.2603052948267290 16.4526430487520798
117.0000000000000000 0.1367989581550012 9.0000000000000000 6.0000000000000000 22.2476121570384180 -12.5919226103773028 -10.9095849799246079 -2.5885909479511646 -20.1838926172879631 -6.0343048698101969 -1.9527676295686798 -4.0095698751977746 43.2753128193805239 -12.2783792821676538 17.8594972427049505 -27.5965145195016355 -2.6472832039036991 8.1926818836308577 4.7370204969165286 -1.8411419956975685 -19.0701379710776244 18.5459555678436629 2.9314740621809405 27.9963051676376118 -13.9134698107688237 3.7017263016157469 47.2748291413407316 0.1013843864944581 -9.6982518992550890 13.1104783355516421 2.6400811981322492 -2.0119081244591399 -32.0339412075856771 -27.3890815882560545 6.5363978374223866 -5.9741973475415415 10.4195388290461821 -1.5786648756735331 -14.9230917956908904 8.4202537904741526 -9.9961946924553970 -9.9312798145779304 31.6481464249714186 -10.4455838625304871 -7.0504832904707815 -1.9881951947701584 8.3949469703604471 20.0157496264946921 -3.0534790483184739 -18.4543281117328704 16.9851749664754692 -14.5900384320617320 -0.3223473333856799 -6.0807074211016605 3.6941624974391378 5.0747197053369053 14.3614557447901845 4.6964222912586147 8.3010139816046600 -0.2876820757485135 -13.4858779122239341 -8.5326130093208317 -8.0027037721825884 -1.0150597130169801 12.4724486041950353 3.3264736214092125 -21.7552753006020225 -27.8317469994030340 20.9721120024725209 49.0979327315596663 13.7466132998616324
118.0000000000000000 0.0827636891624429 9.0000000000000000 6.0000000000000000 24.8710376960000019 -7.8476130922929501 -4.5135541292300836 -9.5466116191799966 -14.7555727470734546 -3.4664615053321732 -2.9046212869054489 -5.5365957836115491 36.7882684311688735 -9.5836624224167846 17.6411764812094809 -32.6221975659871077 -4.7793471008436050 10.3652595880511633 7.2897861281774459 -8.1276731513476683 -17.5662893317625617 16.8907628193439727 9.7757011156694702 22.0798524335052200 -14.4243171524215779 -2.0017453821613054 40.0060407557865787 4.0942583683051401 -4.3564559302916743 5.4919410725834563 3.2625290922064316 -1.9065045301184509 -31.4904860957947719 -35.4289945590591913 3.0073281658052107 -10.5795035788643936 10.6220748115106840 4.5449208714697900 -11.4637516636670043 7.4004083987757348 -1.4086962033664676 -9.7887812895691102 31.7348817248013368 -8.6431025488283808 -4.0755213733983631 5.1437285776495036 10.3599120569791925 17.7301481024185499 -2.8237773967860389 -16.8979249029946921 18.3385211831371251 -18.3081423415472102 4.0980082440933554 -1.6550712361169369 -3.4083992051822252 0.8075512830201568 13.6916710897693665 8.2004918029574085 6.5859355371087300 3.3935395561777852 -10.4745044417043349 -12.2466511493628349 -11.4811514752271524 -9.0656001244387010 22.4666662854827592 6.5423466070397112 -19.9143604620282666 -26.6413144377556321 22.5007241504368025 44.3308860521350354 11.4973445899605391
119.0000000000000000 0.1625760893463456 9.0000000000000000 6.0000000000000000 20.7508683119455632 -8.7738445752033751 -1.8916700688610333 -11.2852871342315240 -18.9812216092156980 -1.7698976601872967 1.8922647603021736 -2.4496368287023511 42.8279985767941085 -12.2380624945110110 18.5325405457784775 -26.5165128112154989 -2.4307506453726413 5.9213288494604051 9.6262691654358878 -1.3789019498678217 -21.7971613158757584 13.3961105600563162 6.7409638751819623 26.7094358033643893 -11.0297301490603328 4.5643330783598195 42.7776080110643164 -0.6489926231058396 -5.5774181530352251 6.4535833253595749 4.2313286236128178 -0.1161506100610428 -31.7016853942383250 -40.2904855398158972 12.6251531093522686 -10.7332295235117279 12.7367309582685824 -2.6319226730758807 -11.1969955063317990 2.9752713273390805 -8.0458231952702679 -13.7233796166816422 24.9785561878797182 -10.9348842910994613 -2.0056033887020348 -1.8475606201461656 11.6806984384220716 20.2451816897357162 -2.1781188285411632 -15.0022098878483163 23.1716702695623589 -15.7903051929282334 0.9754584169842681 -4.8913632658986845 -1.1499695907430283 0.8290281904633399 11.6858088677950889 12.2135532699032385 11.0411858576387534 3.9517343699504681 -11.8435500077778268 -7.6435785945927766 -11.2396350624999126 -1.1976783963454225 17.1369089831184986 11.9199525909482809 -25.6996282219994683 -39.6971785055212010 28.0394213246446995 46.7526200477013418 16.6809844898901645
120.0000000000000000 0.0677504789981579 9.0000000000000000 6.0000000000000000 18.3812347386249080 -8.6904803880322721 -8.2916562339983475 -8.6956399147256658 -14.1054906111982206 -9.0584025913618476 -4.0073949760148686 -7.1622528852273781 37.5417263549852933 -14.6599693108539810 17.6821175443568244 -26.4839011088316880 -3.7378860437987393 8.9372836053487781 10.3107191766946933 -7.2429518820612113 -20.0484646418523909 20.9500491825184341 8.6699436553798730 26.2077577190573443 -14.4263833436768536 2.2977604026168770 38.4953923670530713 3.6971077258149672 -3.9029173603441087 0.8017341865211121 1.5715306753178824 0.7559099323646654 -32.5683946128428232 -35.6823952011915821 3.3721194856496979 -14.4474248839751276 12.4028227591257529 -1.2786863884922330 -15.3002474114547589 9.9482055683512449 -9.7464767760786959 -14.1887366958230654 29.6178600975360879 -8.8727139751589377 -3.4305059419317190 -0.8863547578870636 8.6333121816324994 14.8078918121086538 -5.3443315274669647 -7.4805699825598397 15.7050077529967265 -12.6632089171790927 2.7960736971952103 -2.0832863384911384 3.6740129765900669 2.0234423378646484 9.7440727187380869 12.6839509517394831 9.1749249943010778 5.8478651593439279 -12.7269454732900904 -13.5351096855607747 -7.0037986139733714 -0.4629269064974153 14.3607517678378329 4.3673267677331760 -21.2285351898087313 -38.5804279182570085 23.7630233264348263 37.6852256082102954 12.7590306502582287
121.0000000000000000 0.0726536497927535 9.0000000000000000 6.0000000000000000 22.4345943788526547 -8.1811425058907812 -3.3445156468843797 -9.7665564743862756 -17.6579196208494373 -5.5179374887086450 -0.1874065196691321 -0.3273707442245435 32.6485409437316463 -13.2324831652733828 21.4554116740292535 -25.0063880664888387 5.2726390547865041 7.1178491760893996 14.2819897158783409 -5.6758383321741022 -20.5970603533970831 25.2937987139109950 8.6889543232778497 24.5116780376473571 -12.7604900150781813 2.3966885209570963 36.9304996239928016 4.0646253712939249 -8.8468008938847724 6.4751764321649805 4.0861686262181554 -0.1286858093524887 -33.0497917420979235 -32.6429811794290003 7.6314649356463473 -4.7091003986881077 10.7198652127691627 -0.1842654972422273 -15.4341715880931964 9.5671195050481010 -10.3234837893213012 -10.1861095266523431 27.1170874935065633 -12.0952766320748744 -5.5011660094690589 2.7691080623410236 8.2136838794278475 17.1819778720657084 -4.0687564432399927 -15.1571791878585866 18.8154833354798861 -16.0772013918941781 0.3968634296958539 -4.9843052453688497 -1.4207623631483519 2.5442315603642207 3.8835054954855783 5.2963948718904881 11.2787947079912652 4.2713751152292030 -15.2681690030959825 -11.8881823851702002 -7.4166756714413129 -0.9944632876771673 13.1566039213780339 4.4617498011274996 -21.7837994239218915 -33.1423831107520428 24.4046733917684833 43.9664390087360957 18.2562970004341096
122.0000000000000000 0.0766796860080229 9.0000000000000000 6.0000000000000000 17.8033862204483668 -10.2665929079878637 2.4076169275678536 -14.2300955852682307 -17.9764958441213061 -1.4023192429070672 2.1072877932360101 -6.9881074272205526 34.9446739109041928 -11.3296087458668477 21.1644771066800992 -28.3212956691886575 -3.8928343226422348 8.5851971336977826 8.4861670793106221 -5.2344691310993641 -19.2042663726290215 17.5702599032442706 5.1739830029771348 26.0989065068582775 -15.3364308242278824 -0.9546041211022450 38.7446535173395503 -0.2594340922791267 -2.7633866198110821 -1.6387278436882502 1.8314482053466132 -1.4645796537616627 -37.7376211479169825 -33.1868501105560156 13.6438154592932612 -9.6883653948395665 6.6417626815275037 0.3728004671063203 -21.6931095197343033 6.9195135177846163 -8.5010381963253057 -14.4681854199181128 26.4536793659267708 -12.2592356772691495 -7.7620254669816102 3.3954029606738025 5.1794143566697093 14.4181670937545370 -9.2199235120642840 -10.2627921459570040 17.1579233889165401 -10.2226020896027379 3.9323703339686866 -3.8296493306905992 -3.4324207951808301 5.4030421649206914 8.2032237716210705 10.4070493142329781 8.8391782235233425 0.5272441024902497 -9.9081523231679132 -10.1949916671916903 -3.0747205884891002 -1.1944583304480090 13.7977783582265054 0.9022012485591184 -21.9342070645962472 -31.2267018451906111 20.2591016212445076 50.1280518733037965 15.3478365160815517
123.0000000000000000 0.0704086103991437 9.0000000000000000 6.0000000000000000 20.5307796017346469 -7.6954494505175024 -2.2857327643192660 -14.0089273175379887 -15.9935205107074427 -1.5727630985297019 -2.4460511795124495 -4.3855232377486582 32.5222232131688003 -12.9260413682262705 13.6049751823838658 -27.5136197906918945 -3.4013551497423062 7.9404932099138907 11.9079514144456802 -2.2060742701048617 -19.0292680681190518 23.3209702665847729 7.5310076870710789 27.9736601764648007 -17.4991480618416198 0.1877178572210795 39.5994122669215400 2.3909091318948672 -5.5583237780699486 -1.4307478495671537 3.8322186284485218 4.2549668375482561 -34.0344668928925245 -34.3644135865990989 7.9038041188294343 -7.9318326550886633 10.8741390634886308 -3.4230335905014133 -13.5356128854239408 6.1603459400433929 -10.4486554354870673 -15.7597906146365787 26.0078155047473594 -9.0120647784188410 -8.5983258580886215 5.2223472672076721 13.2433363341126267 16.5638442465478306 -3.9313153742609446 -14.2358431134831722 17.8771683624035127 -16.3200447806618527 6.0377745875654032 -0.5777409711445465 -2.4792962670872960 4.2841763866547407 9.1625724524238716 13.1022976512141405 13.8180449473663440 3.6913314816911820 -12.6004810385918304 -14.6183309410887521 -3.5303422884594928 -3.8067425619148101 15.1247949716449401 2.5541311123191202 -25.6231323690608157 -31.5793971032973850 22.6247003714447068 45.8645738236876994 13.8505489439792058
124.0000000000000000 0.0714971256979369 9.0000000000000000 6.0000000000000000 19.4848787534255550 -2.5229735388180430 -4.1506870820012631 -9.9371555125985971 -19.0075337473170478 0.8453046588721587 -0.3640502268182586 -2.2334362587481049 35.3098277840631454 -19.7364624878043813 18.7667268838435781 -27.1725598939043742 -2.4254680052498179 -0.4046399832079048 8.4959882083627818 -6.4441207820358493 -22.2839666049892813 20.7716567575725115 4.2259619297797268 28.6551020019534519 -15.2014936795735824 0.3057203689377299 37.6907432996713325 7.8647724368987815 -1.2205861479576781 -3.5120378305089091 4.6890092884133008 -1.2135121534573305 -37.4921199265886713 -31.3871970856409064 9.5243735572052710 -5.6955102880694524 12.4088633401621262 -1.2929277318497319 -15.2308095475080378 5.6914605047849385 -9.5267121574213345 -14.8286414429345363 29.3980967661768204 -9.3840262154466370 -6.3194358492847362 2.4104721976908183 4.0324181309421592 15.1307947943750154 -2.1317884701758345 -12.3126476944362206 21.3517411357606193 -17.7699826646581833 3.1506918103378130 -9.8008634291262897 -6.5375739676399443 2.2986979329801289 4.9510983304099323 3.8304879924348132 13.0012360511903999 -0.3017133951361863 -13.1830455879285129 -11.8491339085367251 -4.2373970050171277 0.9611853081392141 8.7884721356448701 3.2798713673467601 -26.3268963859293024 -35.1550096968768102 20.5642809559942954 50.5344118127614834 17.7035404653648776
125.0000000000000000 0.1394244682184000 9.0000000000000000 6.0000000000000000 22.0124578579698778 -8.8271550269922852 -0.4592725701507836 -13.5591452344938190 -16.4092057135628231 0.7814533479269898 -2.5039462828400900 -3.2343601670711704 38.5429955162570579 -18.4136596516713951 20.8986838993856949 -28.7676887564852244 -1.9242113459678427 3.4008429455003313 10.2141505208247896 -3.7583987469117854 -18.8845143779893014 21.1055723760071423 7.0671260604633970 30.9632680304112711 -15.1199094329756107 -6.2149142618168458 41.8669648981671685 5.9688352545732988 -2.0568738071133437 1.7278434476238873 3.6164912106748464 -0.3104185920811682 -31.3743170184682754 -33.6203997816558982 11.1125223499551460 -7.8875602462055578 9.9100817919875173 -4.5981334442985498 -17.8305599173619669 5.8558566758470922 -11.2324840706068994 -14.3597232735329268 32.2531511100599744 -6.2216269599162732 -5.9268596013302286 1.3718728320422318 11.0308058106962825 19.5798087881493004 -6.0797033838167733 -9.7992822472225676 22.5544126632070459 -15.2631843874447810 2.6216972299638384 -7.3273097136715659 -8.9339809441137987 3.3018781117929255 13.0474196665641031 7.1887039131090944 10.6954386052311499 8.3814160117774819 -13.7809570654313074 -11.5023096626763284 -8.8328009674096979 1.4519107940471638 15.3052606991878264 -0.3996105970054376 -22.5500427970419821 -35.4101972666175797 27.3114209237901164 43.8439554941348177 26.3219598821658245
126.0000000000000000 0.1385397505180500 9.0000000000000000 6.0000000000000000 19.0494994749946507 -10.9940356944942348 1.4336741774153294 -5.0903459802176716 -16.1083606805096693 -2.8424592378563887 -3.4402396494730771 -2.8521705909711956 38.8693808012976021 -10.8967177720582544 21.8115758799986317 -26.0696870671289673 -0.5300266122242432 8.8511747608339615 7.8922046129994401 -3.8458401175231698 -20.5411305744174832 19.3592048330036341 4.8650106661421066 22.9528337027452594 -20.0074216566921557 0.4581073620651761 44.9997420131795707 1.1048928135934837 -5.0445463294363488 -2.0599838265718309 2.6625936655625297 -0.6608782523253137 -31.9631294534007040 -32.6070961408463376 4.8096243999849051 -7.0406745212654185 2.6114738851736039 -2.0778646542264787 -13.0294878443264448 7.7892422078430634 -8.8034250925752158 -11.9118160462443488 30.1419295323639034 -12.2446085212258531 -1.6498290779497369 -0.5843935158063651 10.9597839473135359 15.1597006386590696 -1.6777700770459547 -10.1530060406975799 23.4339969783669630 -11.0246007415418035 3.8768909056858654 -7.9582325191392256 -3.1645920927705928 -0.6550155012425982 4.1931105886150721 11.2302514804940365 8.4170969235407682 5.7636117127370845 -18.4833117068455728 -11.7649800555990236 -9.7319219819503342 -1.0140615856973063 14.8351842126751521 6.2779197223601964 -20.8328177482390089 -34.0928919552680156 23.5875673375705830 46.7065829089556814 22.6007212612540798
127.0000000000000000 0.1382200190291244 9.0000000000000000 6.0000000000000000 16.9593356142156857 -7.7438335479785607 1.7895901199357396 -9.2549194389727862 -19.6907029972643066 -1.5342671637045751 -5.0500858560798720 -3.7555646686458348 35.2216897195179257 -19.0772051657197821 23.4912685825126850 -32.6214842762715023 -2.3418193734538226 3.9327604257856277 0.3963063580174939 -5.1345913878869833 -21.9657832795216450 19.5353988954702977 1.4277878755811013 29.6019879011336116 -17.2195336082505044 2.4796716083469681 37.9434895254575792 -2.4855232872418664 -2.4510707525968689 2.7216808002188690 2.0396005903331154 0.5843140430650507 -36.0576240791673825 -28.9404658189038990 9.0797316127857339 1.0554960950686363 13.1503101966299827 -1.5233253524166799 -19.0213818426995402 3.6723048336419906 -14.0307483460669928 -16.0254786869042221 37.5893236821070644 -10.4825631395714414 -6.3483384476838358 0.6272978828136075 8.1449398135690494 15.7412736540929608 -10.5600826421814098 -15.4786848759082254 21.6425639917523966 -13.3607607725554161 6.0173252961293286 -11.0917561216622964 -6.0532172776651860 2.5802949506278892 6.3644453188233552 -1.5078897872083008 9.7172852421944693 6.0454700592437707 -12.6777140548291349 -6.3717862678083836 -9.6042003061676517 1.2089921513141619 18.1415547827928307 7.8838549814653494 -22.0279167481717160 -33.0261833026785894 25.6349699990346878 50.7803673888158826 21.8953640245882184
128.0000000000000000 0.1391616253928173 9.0000000000000000 6.0000000000000000 22.0333948661062990 -12.2251087267646295 0.1868882766315796 -8.7301838808865817 -14.5433114345808114 2.7972770939199325 -7.5631565119289519 -1.4823604314097982 32.8170208249988917 -17.4909228209613623 20.0644204322810324 -30.1878703277312184 -1.7212874040430954 7.5289848798102410 5.0436342255044524 0.5924148053481852 -22.5933127694485805 18.9069649034325415 4.1474873900675071 28.0889317275116177 -17.9537351684500059 3.9112120421709875 43.8150798551587926 5.7876008809945887 -3.5407154901974747 -0.3180918753452118 2.2446033962883667 -5.2834455732051815 -32.9474345652179963 -32.9704830521339289 12.0596670719175307 -4.8768239185978715 13.7830480122288765 5.7290510443811593 -16.2864954964803665 9.9216747827298377 -14.0237719310653581 -14.7291725377827962 34.8689125893322895 -10.6997975403550036 -4.4054011651380440 -1.6115068073316916 4.5975016393705772 19.2379538153829621 -3.0827541748936667 -10.2828603283557900 22.3464564912067090 -8.5160651779289758 0.5777145012597954 -7.6450095621788110 -3.4091376266747484 3.8795887159152520 6.8061183650541981 3.7650187187183963 6.5247425675451760 4.9009587971046260 -20.4894952878134369 -9.4887900051129606 -6.5132644275474805 -0.2367666845659412 14.4205953883913551 6.5496913879067549 -23.4433249156102903 -34.5209164768791226 21.4082405398660285 47.6800719317719910 19.7981414697203562
129.0000000000000000 0.0733893191649355 9.0000000000000000 6.0000000000000000 19.6573154516981248 -0.5812433007934636 1.8386373339624174 -5.9767673682501945 -17.3739290976620353 -4.6506666058279515 -2.0874448746069341 -3.5481587424295755 30.6236623114348774 -18.8848578574023165 23.4363394397847387 -28.3377082149617507 -4.4350805637646102 5.2451728502763117 3.1250405364879152 -0.6082458286065586 -27.2198857326518500 20.3083325678723448 6.8591047807695542 29.1035854350615928 -18.9986689537357094 -6.8493814124555721 41.5062600436832625 6.7562413991728718 -1.9781127833321541 2.2934073398787183 3.2845448527039425 -0.0694212470581519 -33.2566873207653870 -31.3605103968328223 6.0840324872005285 -9.5774017184660636 14.0700685128024610 -0.2085985403121772 -17.5150857217731293 9.9946785314674216 -8.3707803042641888 -13.0326879925120771 30.5714171576276463 -11.0720706391581629 -0.7065376920849866 7.4759127461112236 8.3835324694599969 22.2487287940795611 -3.3665750319351351 -11.8885016793437206 15.4997493556323498 -13.1598416631236859 1.1350538253263118 -7.3635209678247353 -4.1910975745941936 4.4763198516385598 6.1059170153399975 1.5084308215233058 11.4271970184196565 9.0129522117096244 -18.6973367883051509 -14.8938218784965244 -7.5666368422357095 -3.1108941043553910 19.1774380542746563 4.4712201761855015 -22.4103303821373601 -34.4307222568668934 27.7227296805120247 50.3191198056593620 21.2472495922407489
130.0000000000000000 0.0765633077100183 9.0000000000000000 6.0000000000000000 20.0124693056472793 -8.5173167903402760 -1.5098936157029934 -10.0891465323921192 -14.3455112248670904 0.7395608013614334 -5.2656110809654955 -3.8057714695418143 36.1876137912110778 -16.7653104608462229 24.6789169472020369 -29.4325400032443696 -1.9761211518775943 6.6532284530191328 10.4069727415727584 -0.3910382635174656 -21.6584436752320286 15.6033791023995558 3.1140273671263534 29.2785342431588234 -17.3030605386848251 1.2953333038994410 37.2971750170851806 1.0600852743027676 -3.7527828607279874 2.4067179433550825 -1.9930719059470494 -2.0267736831969514 -29.8081245907995296 -34.9926486229944800 12.4223292734044168 -4.4125757621846322 13.6631163675215994 -0.4277552029216452 -16.7651113345685978 2.4670760739590003 -7.6741307276025239 -15.2137408854525038 31.2161268853512688 -11.1904440687371469 -2.1817543309854166 2.2839427244583619 6.2581246990842594 18.4360615909818932 -4.1509436649648421 -11.4001915814592909 20.6907181911701770 -10.6056126051285187 -5.6687074590877611 -16.8293072306846554 -2.1846075593630885 3.2454989255696041 10.7366315762698701 2.8525259204492031 10.3449195422280837 8.0445802625222900 -18.5111035239250903 -11.5017044786398692 -13.2280849171840451 1.1755892268858550 22.2918344584661732 8.0878019131659062 -24.3959595940407432 -38.7075914764252431 27.6915695813645648 47.8331109595960910 17.6949747249189713
131.0000000000000000 0.1403614291424399 9.0000000000000000 6.0000000000000000 17.3445735730457713 -7.1971338326893601 0.9537104054567236 -9.3160136550966879 -8.0575290310707430 3.5342708670190230 -6.7919486649540097 0.2420809090678269 34.0779973210554630 -19.0465958651747691 24.4154273081131805 -32.5647117150005485 0.9657124704668927 4.4603234474769327 9.1667665265130438 0.1704758230598178 -21.3231602791575412 17.2069773057643260 4.3062949919187181 34.3230567604774208 -15.7553557613284205 0.2494716315581860 38.4640229183205946 6.4479821951189278 -2.1705777096491361 1.5492143450911136 -3.4190310439265734 -1.1342054969231681 -28.3161143885927338 -34.0323289127761370 10.3513141069532129 -6.7442514708596342 12.8920765663727046 3.0146583303858616 -10.9203171845558309 5.2413407504691190 -10.6508400474751923 -15.4081295262248315 26.0293106843917883 -5.8899751622312895 -5.4856043353007573 1.4439539960656174 8.2687399819168039 16.6090788704753329 -4.9126246197398640 -14.4258460570560132 19.7677446239709305 -12.8538232115951327 -1.1578170069895524 -6.2920397160614634 -5.5043916698184363 1.6291692770866875 8.4090000717735141 6.4994846977273237 9.1822931736329831 10.3008814806178570 -16.1595198854400692 -11.3582097808925102 -17.9883856907817368 -1.9486716500749361 22.5330576983258553 6.2768297898497352 -27.8313831635671853 -38.0732926812710915 28.8483690924352700 45.1860320286935959 14.3219507595047695
132.0000000000000000 0.0711591159110189 9.0000000000000000 6.0000000000000000 17.9653378802174579 -8.9477998599747526 4.3461710582133861 -11.5339737622454628 -21.4573639359187069 2.8788880842955815 -3.0720891321612869 -1.0917818657368219 33.4522029183666945 -13.0974578784147546 24.6078167604199223 -28.4791639426992056 -4.1746262340975022 2.0286762581310240 7.4008271961611065 2.8131873555578331 -27.7228953845365993 14.7489364355886909 7.2923804431060359 29.3027128179786587 -14.5595018326992669 -3.2558754370118299 41.5711127328919403 4.2001408363041639 -5.0515037825920581 1.2583010797259671 -0.9514102845390642 -1.9222864868323615 -35.3016730107120722 -31.8452114583529671 7.8159503486668305 -5.4684580506167944 13.0104761372511994 0.7559298898177479 -13.7711198419968905 4.6149053352804259 -9.4238223265765644 -10.4824900396658443 33.3867650080033798 -9.6060798363782869 -11.1292253574576065 4.1059480659811767 5.2515644803822035 16.9653254534560638 -5.5974845136180615 -12.1340636697262845 26.2481322184254111 -15.9914225787256381 -3.5228013423635796 -7.7689760521569475 -7.5831907507650183 8.0736841736441534 9.6839176761626860 1.3049916160209118 9.6033915445201554 6.8551416244704413 -18.1794193691375519 -14.0543320372571934 -14.8946360396927062 -0.5081403522768743 20.6027510733293262 4.8647202340388578 -28.5339780643844847 -33.8798826375426287 21.7155074684862299 47.1870605468988771 19.9078028038299308
133.0000000000000000 0.0644505486252639 9.0000000000000000 6.0000000000000000 19.4367572985722639 -7.5237244445942881 5.4846383579514466 -11.7776316150915470 -16.5323563626742853 2.4603034585711216 -4.3110898709924061 -0.6287688048944090 35.0856278038164717 -15.9993834046866574 21.7541724740080937 -30.3344508528795238 -0.5791887386362200 7.6151776848146930 7.7550762546109588 -3.5234085754890700 -25.7206054824401953 13.9458631369641388 6.9847121559894063 25.3271410626643814 -11.5507634623383524 0.9938570677428356 34.5692483651202096 5.6785182070626972 -9.0211730533118271 1.9732488116379983 -2.5118973344151150 -2.8692601440444738 -32.1375538947785131 -30.1893752196795830 11.8642625603509373 -6.4259106498791487 13.1690708165031207 0.0192095475334783 -11.9413634603419894 3.0172778161088423 -6.7946114303171399 -19.3477591325777993 29.2360966622457212 -14.3672309324372680 -4.4277058718968298 3.1528217702278272 7.5168725896926665 21.9692582234511029 -6.1020694134687385 -13.2412815635890961 22.2532222935141206 -4.4664906370767632 0.0927877555547041 -11.6382964186755640 -6.7084206250303202 0.5879304408545289 9.2730235657908402 7.8163048967850024 13.3754684628764693 9.0448033308239602 -18.8722664280819679 -5.7428360387671651 -12.2294199035911859 2.5101938517020224 17.9620037604330385 2.7605092599129382 -31.7743122895516485 -35.9500608167893319 25.1645001607650975 51.5731119129458477 20.5652112092441790
134.0000000000000000 0.1376555230105850 9.0000000000000000 6.0000000000000000 19.9198619946542976 -9.8366338602968373 4.6389610817690947 -10.5582314402869688 -17.3523837214858254 2.3642651353362640 -0.2510880643756623 2.2719020327886055 32.7915432365800470 -14.7853817851394709 26.0559755150776837 -32.5557221352449417 3.5699213831051280 4.1316340902699658 6.3078564826517622 -3.5418541225890952 -21.8519635239117243 14.0835953140266756 12.2292035493976492 32.6430736051822947 -15.4470516543306857 -4.2839064144025896 35.9770601137525929 3.1055589310571783 -3.9966686290533078 0.3023624634913158 3.1435400610615574 1.4191278096655575 -24.5727669905267589 -31.4923883687583412 11.7241576381463410 -3.1914442674339965 14.9183165377589848 2.1867362846609466 -14.5132506835802015 1.3241263577631650 -9.1671158905937311 -16.7850606719803928 29.7874482284816295 -9.7778263558304115 -4.7707887174446784 -0.0662476898415058 8.4798258879824431 19.7910898288088646 -1.4945924489639992 -9.3813303014568579 19.3951103202608159 -11.7573011147734210 -2.0115095386232049 -8.8557925355951426 -9.2375104696693384 1.7320428184710963 8.0735528981381126 4.8210832908203702 9.7324268392509836 7.5965483431742022 -17.4289512804976532 -12.9673342732375367 -15.4613858332853429 5.1095321698142540 18.5450843232012232 4.7763395493960772 -24.0780412607373044 -37.6171738562010987 21.4701197929215688 46.8317709792553103 18.3343527307713501
135.0000000000000000 0.1369073935452526 9.0000000000000000 6.0000000000000000 23.1292880062196886 -12.4654225775646843 -0.6150124070301770 -9.6392436979920220 -18.1701206823281751 3.9470689224066335 -0.3653698746622625 1.2985095756428298 34.8027643780118012 -16.9687095438507320 22.4409678650654918 -30.6114455067255093 0.3686419243382679 13.9968768492593902 6.6059609938096981 -0.7380884378299721 -25.4909349035038524 19.6649979406152937 5.1905224506663235 31.7845674861974246 -16.1700732238588358 1.5857955324670796 35.6091894202675050 0.7584125492981335 -3.7330022971269297 -1.3945393708454925 2.4874165184888377 0.7504520026024093 -28.3216479964270604 -34.8053307210435108 12.6208803126967997 -4.7379433097088768 11.2596117272748124 -0.2817185120599248 -12.0793595097373831 2.2481875869886396 -9.7081748901426970 -14.8918080022444705 28.1658091026200630 -9.2539698495989509 -7.9153792842760371 1.6029686100769962 9.4093697313007549 19.2918725821186925 -3.6885098826990816 -13.0955890413652138 9.8725349444132391 -15.5947919749945907 0.7909802924956557 -9.0452324702436524 -7.5169008116863152 1.1995764986953625 8.5847666510598177 7.7178843668479651 8.5291970411274178 12.4258868217293923 -11.6242292574963209 -19.3061663805226047 -13.2031536915091117 0.9760974236332340 20.1944975856132842 4.0781358085436343 -29.7163545110184870 -34.7506127329014731 23.7091253388770653 54.2227161008925833 19.5034013541105082
136.0000000000000000 0.0619466026814437 9.0000000000000000 6.0000000000000000 21.4455687413389740 -10.3435680711081375 4.1534687755500901 -9.3907578759051287 -19.0028242644404841 -1.5059323252232466 -0.5991078170785715 -1.6604795693329817 34.7883384971788843 -15.5396354559908652 24.4442464443283924 -28.4011439761126852 0.1037757079195893 8.3653127594031602 6.6819140280666147 -6.5298876153551166 -25.6475303280448337 15.6580301314961048 7.4269455650615939 29.6798983629572284 -14.9040431123288553 -1.9535849759028880 34.1107199691453857 3.2672786764473329 -2.1622691651585235 -3.2091277331827293 2.8507473306856164 1.6071386352111370 -26.7370504556201674 -35.0485643944795058 16.2834744185458078 -8.8754429683487572 9.3539862872061939 -1.4077697087806900 -14.2652344185766005 -1.6307610450647885 -6.5777009906986574 -14.1682579319815947 31.5373809403218921 -10.8619355216609907 -3.8186994528989517 -2.1025280161900426 9.4342118138744340 20.3513350011607095 -4.5983852718895051 -15.3327943182164468 12.4431108126561938 -12.4487569538484113 -5.5641265357296072 -8.9463522781277174 -7.3563840648390419 2.4565905402938335 7.4605417817604280 8.8493133985995716 12.7649843763804824 9.2664548383919563 -18.9289390694210660 -11.8613511371031990 -13.0274757703640809 1.1372997100950608 19.6157338780869459 10.6707839573512206 -27.3940020864432192 -32.5434106833646766 23.7202213550661654 45.8107291759159168 20.2654072654656829
137.0000000000000000 0.1390574851059927 9.0000000000000000 6.0000000000000000 25.5973113536169201 -7.7955499818541654 8.2390348981176196 -9.1435220294212485 -18.0468941185126006 0.3906282826667496 -2.2480553932670344 -1.6912493899845222 33.2561055866518558 -15.6390229537749068 25.5987046650326242 -29.8463467642376159 0.0952478226669656 9.8089305911743381 9.7946006679267548 -3.3783950916073566 -24.0923630654765404 19.1446180729750424 4.4927426383492648 31.2784112380452690 -17.9006971769034209 -3.5671255744804271 34.9085309011437062 4.7436392618932661 -5.0754908264172407 -0.4126573488189829 -0.9706707231076461 -0.1601194308432457 -27.6509357880405240 -33.0488422042047674 14.4136416704567178 -10.0968767075677626 10.2640869334085529 1.5906765400959557 -16.5343050348486464 4.0292295724536009 -9.0341116078908943 -22.1293692666920450 30.6527842467693574 -9.5274207032504794 -0.4801781389894293 -0.3913556668027771 9.8004916282823427 18.9185271353703222 -7.1969689858428509 -17.1761169287291366 13.4840462597858668 -13.1807697703831810 -5.2628871843195952 -6.9119177296715169 -10.2003906398643949 2.4541285650605902 8.0672182776517367 3.3849653888202220 6.8964136171350905 7.4973862980985650 -17.2177103146852666 -12.3675898084969909 -11.3299827678361371 -0.8988137801648637 19.6411428030899842 4.9284685557843666 -29.9813044996544633 -34.0237625957394414 22.8887924947828694 51.2916024330527520 22.7926204867922984
138.0000000000000000 0.1382366187435662 9.0000000000000000 6.0000000000000000 21.9403442721239976 -9.2616850175750933 2.8241022136960861 -10.5333709450899260 -22.8369848149243211 2.4440940045174706 3.3243937206715515 -1.4891821284557483 32.3429132909580943 -15.5644037155334409 25.5173637733856360 -30.7269422067553890 0.3518837866694332 9.1335290258159123 6.3804562704811030 -5.3418720375816982 -30.5722816160209661 17.1461179823321714 4.8142185218583178 31.3376611259860276 -13.3052423415883521 4.1464991969354967 35.3709575834490835 2.6370043504393847 -4.0329751084526855 -3.5351665022190950 -0.3669076687489441 -1.7835959745846552 -24.4402031552047987 -35.3716511035515282 15.9461492645275715 -8.4299567423242117 6.7184696648847435 -3.5715356460642589 -15.4229907845031082 -0.2189577455359681 -6.0134413710609618 -14.9526816761578978 33.0240904985109509 -11.8533473793124209 -10.0567320417108093 -0.6929276280507543 11.9026836511935610 20.4388695194586205 -6.9804621250202139 -14.5167514173114025 16.7487431080105686 -7.9892030621183627 -3.9748004075081558 -10.4664403031476549 -16.0863723586587071 -0.9490531164126357 11.4774361279148405 10.5789187063618098 9.4546644876671753 11.8767657049059672 -20.6332212430633355 -15.5031669880760834 -13.1211764655992873 -2.6495483037341390 20.2085322724775658 4.4194422491888190 -32.8334348448996494 -37.2537539607526398 26.0147148007475231 50.5564022446736274 24.4178279437113090
139.0000000000000000 0.0735945575433071 9.0000000000000000 6.0000000000000000 19.9655273988272661 -9.1975715437440275 3.4210116845913161 -9.6912587631067488 -22.4584228065798435 2.6330019019471997 4.6156484975458216 0.8712783776097595 27.6233380661326500 -18.4061327733430353 30.1040684261038720 -26.2583165311337652 1.1940314874435765 12.2104227631388067 9.0944690900023932 -3.7140442209308944 -33.9341515204687454 14.0495303229737374 3.4515166176910848 29.6594100053110559 -17.4621880826044560 -1.7535168072645486 40.2081857013086932 2.4458657475925958 -2.4382890221866775 0.3487376854271355 2.8604044061307361 0.6640641321714356 -29.7483962172318570 -34.3420386219220291 8.5297289360477890 -8.7718574750373879 12.3255795544387006 1.6320155611897671 -14.5271834125565196 1.1486673400752436 -6.0869097534740888 -17.6766219808562539 30.4642994714631001 -9.0842261430586664 -6.8948469606945917 1.8691522084884094 8.1311272511375225 17.0246453349985210 -12.4610845400124788 -13.4856264545092834 19.7971663537492084 -14.2260370069950728 -6.4235797184809904 -12.0858302208920954 -11.5669394900543203 -0.8869832529130504 9.8209833364660142 2.5033225794378557 6.8473973907399852 10.4392353912900742 -16.7483012179838830 -13.4845725657603879 -17.9855503951895450 0.0262082186885511 22.1278567061735600 4.3253563451820316 -26.9779089832338954 -35.5642672018854711 23.2182497960383643 55.1841566703943940 20.2736370160609702
140.0000000000000000 0.0739081674375245 9.0000000000000000 6.0000000000000000 17.5730974857364046 -12.3961092506882995 1.5207944153066422 -7.1962917197459602 -26.8071948258584385 1.4669971591894828 1.2308307862850736 0.3327067954039712 31.1932098160985269 -20.3512683682996354 29.6191907028717765 -28.7292113279157100 -3.7489808652791075 8.8286305881827651 7.0741951155237501 -0.7870070665252134 -29.2297408798160170 15.7477189756047817 5.5032637519850827 30.1246304243847653 -13.7602683592643924 -0.9768765747487305 36.3559354000746708 1.3063818516057806 -2.5724076622417815 -1.5964610685098888 2.7004304522163838 -4.9591350287636091 -23.7138118443520760 -33.7340557893391590 7.0804898803538299 -10.5349315649625765 14.1054509067534077 2.7188615169884365 -14.8840270175494940 -3.2620944913638557 -9.4090566970534972 -16.1258897113674635 33.9282392181516812 -11.8574520752227901 -3.3437421876811215 -2.5732793484378362 8.2708561173929898 16.0759560993892983 -10.5772252752801705 -13.9700936433365506 19.3308898794214983 -14.0206909135421789 -6.5651103319422592 -11.6374688592721860 -12.5187226146073716 0.7668148793691465 10.2025725227953945 6.3555477307649104 10.4199312576656524 10.7924923404917035 -20.4116379459652073 -14.6261768190411861 -18.5059609932598121 2.1076824708291406 23.2202077714368542 -1.6205293213164218 -25.4175152637157602 -38.6256333169696546 23.9150810723444920 59.3824216065239483 22.6379976802013623
141.0000000000000000 0.1389888961622864 9.0000000000000000 6.0000000000000000 19.1893916353225649 -11.1031493193188737 2.8650706256403780 -5.8221808274517617 -27.0560391415630370 4.0729317876021254 -6.0655716880135859 -0.7602433999295791 32.5750090967891737 -15.7271728124869838 25.9832916134173360 -24.4424061439984506 -3.4865190980820300 15.7527332180906825 6.6287433971136043 -5.5600134399679515 -25.9887028135877998 17.9480367135448553 2.6069447633271805 24.5052483084557835 -13.4146190365303184 0.4899682010098421 31.9478473197017507 1.9816546895630116 -5.0334494761142858 -0.4463795719205318 2.0283885106794859 -0.7269192324144972 -26.0470795936740664 -34.4162926511635661 5.2409722798256313 -12.3035605967018373 12.5810834613243490 2.1658953307417868 -12.4759594625168795 0.0576341721399934 -6.3788821611218278 -19.0513004944329474 28.2975705902493573 -17.0727149690747524 -11.8611724656453639 3.2690939496014648 10.5535413537913563 17.9264916067501758 -10.6347228396826452 -20.3384686701981181 12.3071316385048437 -10.2567749965215462 -8.0719519280678540 -7.5399915070094563 -11.8273516210484289 3.6753631971413165 9.2870121344943968 8.0271976004656480 10.4283815062615517 13.8156153938016768 -19.9613651337437616 -18.1767537348701183 -16.8189952482456135 4.2007090742315789 20.7843883998790133 4.4719109559050381 -24.2966931751922850 -35.6062133560544112 23.9558786598871976 56.5271749053446513 25.1293107035943954
142.0000000000000000 0.0633161951084757 9.0000000000000000 6.0000000000000000 23.0536104177341521 -10.5730497415749216 2.4002507387738961 -7.6228274238804881 -20.3819328455679347 3.9169597737584363 4.1259483735250484 -1.5134255501376965 25.9260321311255311 -14.1400857598417087 24.1042790266631037 -28.7592085608804773 -1.6249515021966441 12.7049161650633806 9.4570842343172377 -4.8191418137104884 -28.6190608706633682 22.0769141883518856 12.6880648367494580 26.7522264069539162 -11.6900475540076130 -0.5388852635316608 32.2465156683230845 3.1958449525635291 -6.7617771577320678 -6.7548048333672570 3.7834251910858301 0.1907651503966563 -27.0950685680174637 -33.4700327508803852 7.0652189330342363 -8.0741288621009542 14.9629918290772661 1.7082429927527523 -12.6137583792439596 0.6825855886327550 -7.6885503832753486 -19.6995743777183741 26.3152144024302928 -15.8027936950103616 -9.9097494748102406 1.1214065094527430 7.2447677432529467 20.8078057698507379 -9.9328094054065108 -9.4462721476679405 20.5467091661311159 -14.5757471763462689 -6.0962606295612964 -7.3834166985519332 -12.4659058639300291 -2.1588984199307224 12.3264840727837406 3.3421606770640686 6.7953535386805672 16.1365442952966625 -24.9954993948142707 -12.4045787566375516 -15.0948209181455546 0.6613597837553451 20.5255676590143494 3.7252293181248950 -25.1444559978968769 -40.8622466324460092 32.4333219378320621 53.0554557449420301 23.7002481942273171
143.0000000000000000 0.0692217908053527 9.0000000000000000 6.0000000000000000 19.9184618915212788 -11.0730554796874117 0.3888345735291986 -12.5603269796333592 -24.3701465100941839 6.7302007873183953 0.5457759562752802 1.2713056369001765 25.6899594028106542 -17.9170164954733693 31.1460614123234905 -26.3307359292455665 -2.7163742844697754 11.0615143986545501 7.6398649727096997 -0.2001690270521306 -31.0538969751989562 17.6075122639594746 5.2510571766198737 29.4351642795174619 -13.7020030714310739 0.4047919265809048 37.5059981945817924 -2.4962587940554020 -5.8997866330228277 -3.1398094440337587 1.6436146419670834 0.9701497041244918 -21.0812109920761159 -36.1479746771507351 10.3243030369854552 -8.7948435893171730 13.6078678134376361 3.1539929148937791 -21.2929668023183964 2.5249892741151592 -1.8244010605100849 -16.4753183150641931 31.8820592055555707 -14.1422003505642380 -4.8736285074890429 4.7272108025097896 11.9458203435190686 25.2944918514442456 -11.8449614128700720 -15.4133022998928286 21.2910847686968481 -14.2647132457082400 -4.6193000850509298 -11.9096470766926981 -7.2047334633018441 1.9364044753323584 5.2335233669774706 0.5809630693141248 5.0268492893316346 12.0126966512105025 -23.0900293314704328 -12.6724179844573204 -11.8641497391454109 -1.1798735772744338 22.7851207683346466 2.4203470209178679 -21.4576593019837034 -40.5988706598173934 27.0346472189235598 58.6818263783967353 20.8085571869505657
144.0000000000000000 0.0751151690345818 9.0000000000000000 6.0000000000000000 23.7961176396857041 -13.3043030633704991 -0.7902029480684574 -7.4019439798663136 -16.6756886530645438 2.5418550913789311 -1.0030129572296940 0.7087630399683743 30.5487845546326824 -16.9386762977484864 30.4187069643594867 -27.1738664646547079 0.5360427790673095 11.8132070019415014 7.5500686584242382 -0.0345452156419981 -32.1817587201134003 17.2459659261515021 7.0777112314032564 28.9937867597043777 -12.8075141968660251 0.2674169952709800 36.7261739549976056 -1.6415720865581114 -4.2534982574105005 -3.1847823507579922 4.8183038022829576 0.3709692101644554 -27.8777155026782673 -35.0662883092923892 12.8300594076054448 -6.1968707640810177 11.2730500454015310 2.7345722875311584 -18.6166581643062194 -0.6217588168480324 -1.3167316954642390 -16.9304171139993045 28.7194692514934822 -14.9987749098851211 -6.6828480577862237 -2.2073893714883974 10.4646039653052494 17.9666255753045014 -6.7267474615971423 -13.6034479372385562 18.7467648178567288 -11.7354780354339603 -5.3745606290495376 -12.9217060976835434 -13.4094034450729716 5.8906783810470218 7.7370119543383220 7.8080666314877716 7.2983833638594477 12.5951155436033950 -20.8513194609727606 -17.1808832614599964 -14.8592905354723168 -3.6973869978548057 25.5373452575443025 0.2040294470214548 -22.1744550564871687 -35.5574007021453440 31.0506420379036356 55.9977514093277406 25.8621060662827382
145.0000000000000000 0.0712317446849761 9.0000000000000000 6.0000000000000000 24.0240469713403826 -8.1386799507361385 3.1195820580638469 -9.6980150082818461 -14.5164741001098339 -2.0685869126773189 -1.3915969354247777 2.6534537189316469 28.6986864043451142 -18.3161675312919563 29.4422037503766845 -25.0213221467167202 -1.9744663820044133 14.0278420675231992 7.8248089452038192 1.1062061326599051 -32.0204075905113825 19.4623904017715184 4.8273564854868294 32.5839322940649296 -14.4582165131351097 0.4014046091440129 37.7363862505287528 4.5741772024409215 -3.7050759109385889 -6.0891896446846481 2.2444410797484631 -4.1727195971864912 -27.5874049865621522 -36.8335960228052599 10.0927929524429452 -3.4026300928010045 15.3251106498136735 8.7279806737611345 -19.3565878634095085 1.8505395438202965 -3.5460366458860477 -17.9514115275730504 33.6695659724613492 -13.6593500429144186 -7.3969023843260198 5.6938559540111520 6.9787488832263644 21.6855387829046506 -14.0487838297156351 -13.1073905406307105 17.1040324747174957 -16.8329432570806929 -5.8673866897791758 -10.8147700476157897 -16.7937497212943150 3.9990975505566499 11.9803467382836857 7.9543176546801249 12.1936934391682623 14.3819072608411194 -17.1893550246866482 -17.0794955633066117 -13.7833584874417010 -0.9824160237233415 23.5644234912160222 3.2254795102484586 -28.3320523884625324 -35.9598239389194418 24.1312434415706853 56.5669651633547019 19.9899362435720498
146.0000000000000000 0.0647597070655220 9.0000000000000000 6.0000000000000000 19.6214026125444860 -7.7781892542948432 3.1428876565979271 -6.9478405586526337 -20.1369474822416983 -4.9701990045906568 2.6069960842804627 1.9555116549161884 31.6934357737710855 -15.8788593320959919 27.2345405985436493 -22.7303775930458940 -1.8124929011276394 13.9636342454208435 4.3663311948290886 -7.9976705590673527 -33.5466652527057789 16.6601850194657359 0.8428371062167019 29.6228194092533386 -14.5458171572969874 -4.9195686162806860 38.3534088746752602 6.4175523571988755 -0.2413768801904315 -4.9430793640705728 2.7336029427225728 -2.8314863056859760 -23.8378499414876401 -38.2231623170747312 8.8324583923850124 -10.1899752794046616 11.3304876026607815 5.4879787680668057 -22.3632330263329635 2.1051272480150880 -6.5041591662139684 -15.9575737653405181 28.8793263526583281 -13.9147388344948606 -9.0918882003552763 -1.0092235096610609 4.6792103255788904 19.1607373505486152 -13.3636709597536196 -14.6592850513328585 17.7273203912286057 -10.3607802755058405 -9.0881220375803249 -14.3026809470521243 -14.7856571174359459 6.6190332434256769 14.9020634750024588 4.3399104053556661 9.0243369397082098 17.2796154752156994 -14.3043472737534163 -10.6535945516747699 -10.5369557386806143 -0.5158826238505496 24.6245884304974751 2.4667383443387960 -22.2956536296919587 -41.0265973481508937 26.4761792594557974 54.0959883443334206 18.8848044092549827
147.0000000000000000 0.0699508721524510 9.0000000000000000 6.0000000000000000 24.0628358874875872 -9.3913386783245816 0.3898536866554576 -11.2269034399788410 -20.2938688968104728 1.2513146054489068 -0.0204224862806497 -0.3579049704573607 26.0508375752787451 -12.6490492848178313 26.5385267922628323 -25.8019222417094198 0.1359446194701133 13.9467480970234767 6.8523494561901686 -2.2620155121709362 -33.2858025764142766 15.4929142875570118 -3.3076740448516020 32.0134335373126504 -14.1286656424817494 -1.9879024919267079 34.6617334148924172 6.5543325188926911 -5.5128654367993120 -4.2655075073250259 2.0491802238677801 -3.5956488179119246 -21.9224583228476462 -31.4438399601052154 10.4882050311139032 -15.1088219185434909 13.6226112682082583 7.6114116856136196 -18.7520066299894275 -1.2025265878762874 -7.3182901776192661 -11.6654242247985014 31.7458144374813358 -17.0431808491887331 -14.2202346175619798 0.9904375024307043 6.2196697949168929 20.1893262617803373 -11.3269723433622964 -12.8119240644061065 14.4473925761768740 -6.7820966285677748 -6.9926063897673369 -13.7089841129728516 -13.7448407965763408 5.4114081259516080 13.0204941573202184 7.0272204899395145 7.8605193091565315 13.9788010043819426 -20.5321362783733612 -12.7935909937931793 -13.9732718890321390 0.2449691502044995 18.5450006890630803 -0.0733765157740196 -23.4486737140827834 -39.4266721468637513 28.6316258775508423 55.3825903680385210 22.7869563951978797
148.0000000000000000 0.1642166479865226 9.0000000000000000 6.0000000000000000 23.8381641196223235 -7.8391819701940069 4.6820534759880257 -9.4778347655633333 -21.5241623474277937 5.1327419089936788 2.4983296896504061 3.7983022138592641 27.1400742794689585 -14.0499120989228370 30.6657945188797818 -25.0805283007116486 0.0575413573205070 17.5341670627913153 7.7547735984187014 -7.6411571461980978 -33.0872192652207744 14.8557508236599869 -1.1448879188115249 29.7847187927449752 -16.0392057474034644 -2.2276073086267494 34.2353820430880802 4.0196883757881121 -2.5459661080920157 -4.5454477030698337 1.7835265005857117 -5.8612139125993554 -30.0633141769767605 -33.5163336276506101 8.2947740961159013 -9.0746155991795394 15.6437982303155962 -0.6382792702987876 -27.0239272394673939 7.1621789911806886 -10.4341864798997044 -18.1332587747480289 26.9322550136230632 -14.3383903321552921 -6.6157293012199103 3.0704771240708020 8.8271956279755823 18.9148880744957175 -17.6592266002394673 -21.1393200246420179 16.6745118961853791 -9.3710891474991431 -5.5909555569118981 -15.2496169308601353 -12.5900124117460752 5.0783782998656983 16.5370944422441823 2.8976913366172190 9.8718013834400224 14.0442599647780888 -13.1407005122677667 -13.6120977879873610 -10.3649910887764776 -1.2613426419771019 19.1252260215079488 6.9375750506304188 -20.2052557095355390 -43.8186834778917671 28.1787145043686813 55.6045411693626974 24.1069811890922132
149.0000000000000000 0.1411558716617629 9.0000000000000000 6.0000000000000000 14.0411174667878864 -10.4281232517227256 0.5533571162208100 -10.4619178175146246 -20.1728441788333441 0.4418718885148596 -1.7145940519904674 -0.5401402006611424 31.9900157888409424 -17.3410871162080333 28.1670247599826240 -20.9044879848087000 -2.3057613919324624 13.2775669513282324 8.6251570135936575 -4.0343495869113051 -32.1937538481845209 10.5239599101245602 2.9121298678242749 28.5630795627360747 -13.2393990213992634 -4.2263582521660936 31.5378168011086615 4.1057227094645485 -6.2512182888196879 -2.6363063873800172 3.0679969177548814 -1.8541379349302982 -30.1535022834198365 -29.2808381248779668 9.9336939186825326 -10.1513427681665949 15.1984226306430923 8.2374109809276526 -23.7602120959220038 1.1398673164927335 -8.1792365381520042 -14.1179808915602987 32.3715158297061762 -16.1086148414690733 -9.3864455357663132 0.8666707287966298 3.3660527582992135 15.3328748973711004 -14.1334405439701634 -17.7308485809577689 14.8144159933693373 -11.9407518941844675 -1.0333335603634310 -5.4212274638208386 -3.5015566048287425 12.4075005339715716 16.4945069360576646 9.9757367748485741 10.0339952554919130 11.5059763764962284 -17.3072517697140498 -16.6162977120089188 -10.2851279572044820 3.3348327781125797 23.3405265118993093 3.4233690494576092 -25.4237355659297286 -40.7249039455025681 26.0256999920372856 58.2432309023486710 29.9283268757504999
150.0000000000000000 0.0723081701891893 9.0000000000000000 6.0000000000000000 22.0587662251740646 -9.7789044009792789 1.6125845890634205 -11.0521517876305424 -21.2130346413036861 -1.0589310245007415 1.0993384730839311 6.8358884276575269 28.1398430511571149 -12.0876703179038891 30.3510127475873333 -21.8355688957651672 0.7281464527694239 9.7951219586115634 8.9613079392295596 -2.4981308592457703 -33.9149572876804939 9.6449412909891148 0.7463929315487889 29.8715056751390158 -17.9554171955178781 -2.8948281839107821 34.5360510749095724 0.5335833674821697 -3.3354814234859127 0.4991447702263350 1.0378504050101565 -8.1234512155886591 -25.4365261860603624 -35.1935608689520620 4.5302694603516560 -10.2546209378843454 21.7349003542492127 5.5892940637759612 -19.8854962819868142 -5.7581705159238847 -9.6609924415782409 -15.7503040668882921 29.8326085237845824 -10.9031155267137638 -9.3936371463552888 -1.5745031962656644 14.0249283948791899 15.8531269789099145 -16.4530737012384449 -17.4209412003212414 11.6451926776642125 -13.1014282140298395 -3.5914129025051755 -9.6997381683778148 -11.8219922399688997 4.6036883765145724 15.7017265005136171 6.1417157828238453 7.3987231024042472 20.0276631352065664 -17.3589530934299603 -13.8469288564710169 -17.0612167738236451 6.1048355225432687 26.3066783470584404 1.4098617609804713 -25.5634349093474960 -38.7591572437157836 20.4501969993690196 56.0880600141689598 22.6115158445227671
151.0000000000000000 0.0749173480604708 9.0000000000000000 6.0000000000000000 21.1100952808728657 -9.6301143051309221 7.0524591328678348 -12.7707694925066200 -21.0569352150426390 -4.6935821544817928 2.5206898600987757 2.6852186206595974 34.0578151545246541 -13.0969458917294688 29.8633993815093532 -27.8594053714649945 2.3115213191857134 11.8021490675386218 8.8440277445915711 -4.6630924552937696 -33.7732124153813729 12.8701469631753955 5.4389939616663909 32.1084735953616089 -21.4715221597377344 -2.9868184930580823 32.8903078492743361 3.1298957933611629 -6.0942596420275725 -3.5675318103519800 5.0818554613256097 -3.6312079612531414 -28.5275168186438854 -32.5163241989680998 6.2510401629650474 -12.2205786248642170 15.9487323614157717 6.0088441086107975 -22.2076423281117847 1.8352411860456932 -7.5876114865698128 -13.7419247854301467 26.1964377883177839 -15.0960331602747821 -11.0295818914146935 -2.4350007006119361 7.6558445910901369 16.8931405614533254 -13.3913432586251400 -17.6329686142390969 10.5024709787236361 -12.2858972232043158 3.4254621528072811 -12.5511390509844158 -12.4138284504675998 3.7925195444003839 12.1005935613134028 4.6053797223736526 12.1947289417685205 12.3958692356854456 -21.0709801339995586 -13.2820600311557229 -11.3395011334208071 2.8836821651083624 26.8380843150533970 8.9664281554397434 -25.3690656303182642 -37.1830713418202450 22.0008904570135719 56.9694236219117656 23.0774307636023011
152.0000000000000000 0.1384447380026686 9.0000000000000000 6.0000000000000000 24.1862788466341243 -11.0196749278835462 0.4430316318222851 -12.0627027044765835 -21.5543186268745579 -2.1719846640672942 3.6961137147664895 6.1400292175906692 31.3656315593793487 -7.1471131419346339 28.9402622977049049 -24.4892004744280598 -1.6254787684427816 14.8041344804962662 3.6508017786733169 -1.1768479613013856 -35.9336232929773161 9.3154494654490509 4.0745327410586398 39.7149301655593518 -15.5070899678799119 2.5880984980973412 34.4269033781833684 3.1202241058177989 -2.5691567875970578 -2.6902301167384577 -0.4102171877444132 -0.8321230410593605 -27.2153954491954870 -33.0187257564420733 7.8907964065956726 -11.8829863543584793 19.4481736848641127 1.0449961356653032 -22.9651339328607484 1.5961100770102901 -6.7152184158995034 -17.7830986992792326 25.2244261949300252 -10.3208525737888053 -12.0157332796246195 2.1540291477138904 5.4277562508590407 19.8567725689750958 -11.9355264215728063 -11.8547532313698269 18.0416987315919215 -13.8985610064587579 -4.3869896836190296 -13.9954964757617706 -8.9277880255361080 11.3390028302869972 14.2858269154104320 10.1783727668027346 11.2973494637211029 13.5250755239737241 -24.0121065270585134 -16.3741086332497403 -12.1807996689894953 3.6146929803062648 23.8162943515632222 3.2175230176217022 -25.4005598871557403 -40.5697549142784268 24.6297786146561677 54.4664678819813091 32.3011567796231844
153.0000000000000000 0.1636481552336288 9.0000000000000000 6.0000000000000000 18.5430244442769876 -11.4584520366830969 4.6938745628287712 -15.6054975129788698 -23.3271144576985563 -2.3897870048864580 2.6136423506644531 5.6219735327884264 26.2917040849656161 -16.4913627960926910 29.0413101969175784 -28.2545526992352301 1.6306673586786111 10.1295127160035925 5.1056360314290874 -3.3854578383201450 -31.6033177088256565 12.0611045278080375 7.7337519902437650 31.4424898266410651 -16.1406626907890214 1.4683157338816435 37.1460232917843882 5.2370235199592567 -3.3419702712524408 -5.4803440313206124 2.7862612150567618 -3.2201756040874381 -27.5278059735812306 -32.5010079252225950 4.5632248185989974 -16.4431610670003927 12.3781668970215755 1.3381093329420897 -20.0557509186303307 -1.7144911583436928 -11.1749506340197868 -9.9242109320628824 28.7810258895200484 -9.1864728058794345 -10.9584712515947142 0.8667786283066886 7.8447985681165981 18.7075438509078644 -16.6432257499076606 -15.7923030864579275 16.2538641353095734 -20.1582865173930195 -7.2283131264227967 -12.5999851704319159 -9.6611456431505687 9.2421526357028672 11.4373164590848191 1.4425035833826865 12.5163901438443084 19.7920076526892963 -27.8189054579026980 -13.5015400109447885 -14.0045752765018214 -3.1810373826970193 28.4921652836191939 3.1930932307599695 -28.9811518400679446 -40.7108516685749606 27.7566773466089209 53.7270510163160964 31.7019925541260896
154.0000000000000000 0.1398180245621926 9.0000000000000000 6.0000000000000000 19.9909739834099867 -18.2459579173634872 0.5021408367100122 -13.6541500571775138 -14.9200540708713483 -6.7371996967684584 -0.9063388194610577 2.1070978812261205 26.0401703507612226 -15.2616663750397592 30.2113784621620098 -30.4455744248971136 -5.0227460448070858 8.3057239557612803 3.0833761513978142 -6.0472251299276154 -35.6362846770422053 8.5727932391958142 8.1872778213107544 33.8218851574427433 -15.9001559239759533 -4.7543153682063570 37.6136348885354010 5.5550425066608087 0.8968577821058052 -6.7212666649031823 0.9914693360474944 -1.1077095780127020 -26.6671302664013972 -37.1697028350978655 5.5423514827586704 -14.5576706720321809 23.7969762618033442 4.1812479223478665 -22.1281574619538901 3.2488253114449583 -5.0035768739943940 -13.0373625630383607 31.6458471255591114 -10.1408530804066075 -7.2706667069445867 -3.1821747495248092 5.9418285954082615 19.4650726890599337 -14.4871140113137962 -13.5849483238898721 20.4022824137196324 -10.2809621156939741 -0.6647639105695387 -8.5604198066260224 -8.9835117999000182 5.4661939379962439 14.1020274851295575 5.3489894395271733 10.3742026749398448 15.0116792597007418 -25.8818263556603760 -11.3086040487881512 -14.6989295913623224 3.0540423795101805 18.5204017040274351 7.0046699576065610 -21.2302966518642755 -44.1950174051826110 25.4765757564775512 55.9705270827431107 29.5257209323862391
155.0000000000000000 0.0691715775008819 9.0000000000000000 6.0000000000000000 20.1870153866188780 -9.1060188091193268 6.2470412889306388 -12.6022082162312934 -19.2746271233875675 -4.8802369458299255 -0.5567001733042587 4.7571110347737022 24.2515084952974043 -11.9117925461236087 28.9000267743221073 -21.4088941750160942 -1.5812529083526436 9.8901337487427217 7.5277417304864613 -3.7730523227775836 -32.5636541273447477 8.6623926244328526 11.4809298312572050 29.0779367187667539 -16.6591418810158807 -5.4999111885792642 35.0843079028295435 6.5406066995453980 -5.0609545423754563 -5.2949659591868095 2.0105303201734293 -1.3623227080952798 -27.2397165345621310 -36.8116790716883173 10.0465747610818745 -14.5977848897080680 18.9350193667830311 3.4239270854386938 -24.6256034886099044 1.4688748368393951 -3.9554557137701885 -13.2437389122201399 32.1949863619593017 -10.6337906744288144 -7.7829145634803290 -2.7682352938393864 1.5023873298800732 19.2792592169409147 -17.0848376897528524 -20.7810027754600739 16.9229407733830293 -17.1685925780406095 -0.8777057200435876 -7.4373803099700178 -8.1277866452545027 6.1343808763121164 15.4389194365842108 2.6177614755744969 10.0466848921065139 12.5731534787119159 -27.8980221574428668 -9.1208122714359998 -9.3996741919105364 2.0586969411060378 19.0523923101829098 1.3245588749600383 -26.9703282550433947 -40.6037536370388068 26.5932684096130814 58.4821506740855881 32.0608883400041478
156.0000000000000000 0.0621586453398537 9.0000000000000000 6.0000000000000000 18.4826603518518588 -11.7464518076886097 1.0273985315837537 -9.9915220098866691 -19.5426083879911801 -2.6189972720005823 0.2597776065854192 -0.0157865623758728 29.8244905205602961 -14.7553858601630683 31.5292402204587674 -23.7593380639945941 -1.1217394120464153 9.7799899498406013 6.1544862460308982 -1.2146512569460473 -35.1409981359457646 10.7245550992356371 6.6154113799061989 33.0286455227590210 -23.4701547174598844 -1.8772894121001120 33.9237157293124838 8.3201396567764689 -0.0169169303609356 -3.8052758990847124 6.9194258649962670 -2.4927618700900078 -32.1879414425173564 -36.5048578616647461 8.8318244964902668 -10.6014912244055139 16.7236331994244374 9.2951720373107918 -22.2130652416871364 -1.3564553988632981 -11.0807408465094728 -7.9258546145652939 30.0120846111608373 -10.1349845062849635 -6.4509467886948446 -4.2962245513830384 2.3070138966425002 15.9861451474854288 -17.9685291009730079 -10.9395465666811020 19.4058187651541907 -12.0947555923203822 -9.1816355211099250 -12.7552599414152645 -6.7742119898565782 6.0987383866586145 10.4233544519578114 1.7951850611718172 11.5481066123738962 8.9093936189497214 -23.6927337376269023 -10.3968914871704285 -13.8547946393550099 4.0003145259493795 21.1407959554737523 6.7032843515275715 -26.4263625823302775 -42.2206124367716455 25.8374179166224600 56.7905970580840531 28.8154872704134029
157.0000000000000000 0.0762781363985575 9.0000000000000000 6.0000000000000000 23.5700457076561101 -14.8087753326379232 5.5313127216345315 -14.1530171524600927 -25.6745447051651219 -1.8043083971018246 -2.0542519304366715 1.4579570272997289 29.3238301653889479 -11.4173454080488224 28.0101140279210092 -24.6240030342535903 -5.1685706794309834 10.5407262377033621 6.3656072611378773 0.4420826232516752 -34.7369887029397759 8.9587783878183362 9.8181431003453543 33.7916176193833024 -16.4446381870309821 -3.0146359902545301 33.3063513548724544 5.1417366511484452 -3.7917574665014122 1.7326738884727071 3.8564636202519225 -0.8739988989321321 -28.0188771410955688 -37.5134945407365166 9.0704215683519607 -19.5128102142796074 18.6182576387620280 4.8151808081908678 -22.6107772835136238 -0.2238452730974138 -11.0304169049281739 -10.5436351151793080 24.4746175699122972 -11.7972866406769832 -4.3964992985770941 7.2014744122478707 7.1330275602133995 21.5344875425343503 -19.3466956461494952 -10.4994898617568904 15.5534805548642883 -13.9682878905732988 -0.9477545072516662 -8.6328523033604565 -6.7988960750983178 5.7409610746690358 13.7596858553792281 -0.1610323844262926 7.9503698206347631 18.2581498079748528 -26.5322286549021165 -13.4662771395074756 -11.9207490195426811 1.1784999108000402 16.5674213407353719 0.5624235920301333 -30.2135368257484238 -41.8507747133181951 26.3752855842635405 57.8549109512774820 26.4621922938368499
158.0000000000000000 0.1395721537983385 9.0000000000000000 6.0000000000000000 21.0682515636153163 -13.5787760705468177 0.3138974122145468 -10.9815298338192129 -18.9149453181219656 -2.3882371475757735 2.5555769211618684 3.0558055869184910 33.3312433626305307 -11.0653284102769778 29.4574047631882756 -30.6442028323411790 -8.4833069592229506 9.0800091606524358 5.8323355205486251 -4.1438887493815981 -35.1092057030617113 11.7612162896087096 9.8965270345538769 37.5050066697433380 -14.7736691977343018 -0.8964361659855642 33.4564794595052533 7.6709138916153083 -3.4329087219387868 -5.6794638393536374 7.1898794626490066 -3.4055426464534371 -28.3647691591568645 -46.4712520582447723 7.1056099995507989 -11.7628961739768343 19.6891905516969672 4.9874730172009620 -21.9738525280434445 -1.2324315953199023 -9.4646690653574286 -11.9214505154234374 29.4875139906580692 -13.0680870731796013 -4.6238689228433945 -1.0851355150071906 4.7615454877052521 22.5841828681787185 -13.5013701497019536 -16.3979233407282550 18.0351421264618068 -15.9314652325202406 -5.7048004800715724 -6.0675243745251333 -12.7243559184205175 2.4587242195392536 14.4577193771780070 4.1648688826587072 9.9704503676172607 16.0057929061932711 -26.4001563376029331 -9.7298967994988619 -14.2090167030459327 -0.1313967869145047 17.9873666794864704 1.6308955857359586 -26.5678146391864054 -41.4347391778811129 29.5563743924123372 53.3880083743755876 23.5993259502137391
159.0000000000000000 0.1391963762538455 9.0000000000000000 6.0000000000000000 23.8313001825845241 -10.5108094478048724 3.5173782822120705 -12.6847838457722766 -17.5236915962659410 0.6954092941806194 6.5405455103528771 2.1520520882241714 30.2247987231858133 -9.0794213897221780 26.8595024395548378 -25.8342766089676132 -2.1124447952930732 4.5150634061008743 2.8740870208310181 -5.8781090167229539 -35.1700931243319630 15.8515268875739288 7.0897799239930812 32.5178133761859982 -17.6056687739392395 -2.9900807300331032 39.9296002494922107 7.7695221115793238 -1.9482276607990663 -2.3516921412291971 5.1933415809953765 4.6590862483758944 -29.7564393184497789 -38.3920437362269311 6.0809175091984535 -17.8716145368461525 22.0876813364572158 5.2849340273962380 -22.5821731840416611 -3.3224639053627190 -8.0211663697922972 -12.0056870764850903 27.5550065684166370 -12.7395479418477429 -6.2283628435910270 3.6500090775985337 7.0527824108432924 20.8017128614255817 -10.1100316064857143 -11.6566079414132382 18.9723166212807079 -13.3280478070363735 -4.4913492337447165 -16.0076062987031662 -11.0959620916319963 -0.8138667713823589 14.5697417364155548 8.5501048276030573 11.6739772239917627 20.9567797909175688 -25.1024597675184644 -12.3359984278961381 -11.3602386639969790 2.0879995615944429 21.8021353533159221 -0.3188558519267213 -20.9852687647829725 -38.8227237461776227 33.8284883615397263 54.3754663511097363 32.3516761689535812
160.0000000000000000 0.1389166959140267 9.0000000000000000 6.0000000000000000 20.4615487613564220 -4.5246859747481531 4.4669968947764840 -12.9844516095279676 -20.2537378309821889 6.1376604686644436 0.3521503658071088 3.5850184661354119 30.7629504040671762 -12.4805716018069806 30.7119655209523685 -26.9024640113652111 -1.3364035385639057 7.6832693283552764 7.4637588022461134 -5.8926131098749170 -39.5723358900764595 14.1530016465625152 5.4126932522480455 35.3075530324964646 -16.1247617456672963 4.3440897039721582 39.2121861622360299 4.8705382135050987 -3.4567789083206488 -4.7720957489298517 -0.6800491071233208 -0.9370337988586139 -27.3147259768918076 -32.0055091203327962 8.2878066783109663 -18.1590889310350541 19.3320166258960491 6.7987032488389705 -21.2277472090803059 -0.6979829900685810 -11.1040677509995707 -12.9486270138809978 29.4312953426684096 -13.4920552602637116 -7.4211015077533196 2.2106246633266169 10.1962446552105384 16.1801863689217740 -9.8163689816461428 -12.9454308857101612 17.3916497901638323 -16.2474876148093585 -8.6966567962067032 -15.0719755576425101 -15.5562259896320736 6.5124166552000977 11.2442435500263986 4.8179946634356421 12.5348898931673212 20.2349459320792988 -27.8108859621637876 -10.4423487956373915 -14.8056264463312104 -1.8091803016860240 22.8879043071392019 -0.0196995099450170 -26.8341064381604255 -37.4004467543215355 31.2058639391721364 51.4787642799803322 26.6804919407571077
161.0000000000000000 0.0673288736094324 9.0000000000000000 6.0000000000000000 24.0256657705768539 -5.8428422250397531 0.7282827394466542 -12.0764275899997688 -24.9979287201978551 -1.0140258271083926 1.4803630455994732 1.7628405113392338 28.0473207385606180 -12.4101897081076995 32.4669048792081796 -30.2204582841517571 -2.8633807449645281 3.8339934243562031 4.4232989395500173 -6.7124151852873073 -36.6901093951285944 14.3716255737236480 10.1797519742527083 36.2122263316538167 -17.8057656309004670 2.3721178949234254 40.3263299847194148 9.4081057244661324 -3.6995473080379657 -2.6344738237257412 3.2108016293774901 2.2960420497094134 -31.9015376761502161 -37.7281668381972324 6.6329387563590094 -20.2145058039521963 25.9220521623998366 1.4038823208454325 -18.3016538811307647 -2.2015124738831435 -9.3670064615839284 -9.8526045228934986 31.5608003180292833 -13.3812230100179104 -3.0978840621239905 -2.9821855636411438 6.8925344117961043 21.2577557083001167 -17.9604613288623156 -9.8033775412491995 19.4344506591681778 -11.1666151742967337 -9.6095975026680573 -7.6197308028063118 -10.0968425198780416 4.4662396186832325 11.9939456370403370 4.9309112751303017 11.9963728840745709 21.2260306731540247 -23.2057096661483264 -11.4227340555693253 -16.4249670996609751 1.8486112364676550 22.6207912492120826 2.1397531101674021 -28.6403970657020892 -35.5438216231993138 32.7806220478740116 50.1688097377081732 28.0968748927769596
162.0000000000000000 0.1641514312579360 9.0000000000000000 6.0000000000000000 19.6405789031638385 -5.7471682812030274 3.8063050542243633 -9.8121468621308114 -21.6872079279756882 0.2639807500493803 3.5835321414568773 3.7470219451560367 31.6436537961394571 -16.0698498496263937 32.3879880300574357 -31.7758273955507029 -0.1258137764616076 2.8516248379281635 7.1266648727905606 -4.0379399415527786 -35.7569320568894824 13.4142387301749881 10.7189903575193544 41.5470588766935904 -24.3867710601288259 -5.2006470710661468 35.1235984377343158 9.0880050455965122 -0.6256912270897366 -2.5510932212122919 3.6850626333837679 -0.5714148344399592 -31.1814059878427265 -36.7778650668572595 7.6970064403252731 -18.8049083426375461 19.3895471653850180 0.1322066172326337 -23.5887881378662030 -8.8603079318919136 -10.1454225200422155 -6.1034616098309140 27.9203614452719613 -9.5566337349073684 -3.5716563481145811 0.1100418683762519 5.2134369331525425 22.7550080184783852 -7.4260584831385392 -12.9682043341025945 15.0579831962264556 -16.2957260535606387 -13.7049748901354000 -5.6048076006163257 -14.6734537581648965 5.1383893086476737 15.8146279036730899 2.3941185930928843 4.4553183157386282 17.5693699100036973 -27.3352953665602989 -10.6097423679868008 -16.1798151136346497 -3.9817517237674855 21.0208961826739298 2.3481174606622739 -26.8082357100627142 -40.9855870465826087 32.1952538368623919 53.1793514975250972 31.1379480469955361
163.0000000000000000 0.1361815811933828 9.0000000000000000 6.0000000000000000 24.0824058945282644 -9.6742840122472575 -0.8663479698174661 -10.3927450622626534 -20.3400729080608720 2.8263089644282906 0.2661244806084766 2.1620845422613830 27.8713647003279270 -13.2206429369526131 30.2051982090503479 -27.9522547319293544 -0.5130443411835944 9.9672400659279461 3.9149461381179265 -3.3941986050941377 -41.1630237693005725 12.8185086288475851 8.8992906276051826 36.6352898248884102 -18.7262869876458957 -5.1336370851213680 41.5951660113439345 13.8950917578916773 0.8496155579985039 -1.6028076532609645 6.9544718960938621 -1.3938168112889793 -36.0808985507352133 -38.9259641283476014 4.7568670131928457 -20.4054746782111138 19.3019984139475227 -0.2599458154727572 -17.7197193395866108 -5.5748204699244077 -10.0507870608915866 -10.4529487670807377 29.3702525472060252 -14.0127625784481449 -1.5446541793855189 4.1278580386393031 6.3535363077189899 17.5409878333171321 -9.8406183694374203 -6.5915045685981690 21.8251497673986208 -6.1503503207502543 -5.6671366414973283 -8.5726685517392518 -6.1228433652323826 3.6459003467735185 12.1663914830601492 6.0193996415089774 8.7307794067707505 11.8182270140852168 -28.6140081882842026 -7.0067704782184510 -15.6373128465105111 -0.3221667606982175 20.4797826699502750 3.3820337048765454 -28.1749259695304453 -41.5292976156837810 32.4629403589672023 57.3985125450396083 31.6436005890925962
164.0000000000000000 0.1383979828193392 9.0000000000000000 6.0000000000000000 23.6178466732597663 -4.1325049600080579 3.6122487598937605 -6.7288028343123223 -25.0304396947601049 3.3375958681334135 5.3618026742773566 7.4263095897697795 29.4052328157239380 -11.3293904602057918 31.4326255294193544 -27.9534767448538943 -0.0655070772479438 5.9088443196058655 4.0092723854008536 -0.9740419804999014 -40.5919740829611442 16.7819916206280162 4.3873845902947064 36.9169415151607367 -23.0121528058151412 -3.0929170013941882 41.9800334643372324 7.1855522974122472 -1.9725018833397854 -1.8670718395458210 5.7594261351179252 0.2918645915912995 -35.9157965904155390 -36.6690583571193756 9.6673512824435885 -20.4410803622767254 22.4029236671712084 -0.5110514548310260 -25.5047072208867966 -6.9482614526075768 -16.9013490248938894 -12.1893672566465288 27.7186309419674402 -15.5000429688573682 -4.0366971384523218 4.2650608120679356 6.3160974412687700 19.1533393680723769 -8.9173128810952687 -10.2482034763752772 18.5460094057466449 -15.2314833982215649 -13.6503428771955946 -5.9038887716771322 -9.4017892761198212 9.1208642434262046 12.7021758223561516 8.9601916381227280 8.4056740568626971 16.3200812621754423 -27.7253194162960064 -10.9743564940713991 -11.5551645136926542 4.5522128684558680 17.3904932760022852 0.7398645773570207 -25.0597607429014246 -39.0262363157261944 27.2639898044006017 58.2213100101268637 30.7107106559680076
165.0000000000000000 0.0666738563268604 9.0000000000000000 6.0000000000000000 23.4549254548906845 -9.7099593072583374 -1.7365781274526064 -8.2181223723302832 -28.7004813051419383 0.0944420603115342 2.2097455148207330 4.8566991593061433 30.1708296144154495 -14.5274065695869279 31.5766131110971635 -25.5649314578526017 -0.9681742063630655 6.4577693324789509 7.5450971647251359 -2.9626697017786916 -34.4992180144863028 17.8491380279443774 3.9686373678583053 43.5206310121942579 -22.9859240179057416 -4.0748408440657009 39.7350895472542263 8.2179295855996060 -0.5328297896022054 -6.4984721876961711 7.7766726596603366 -2.0636584648604757 -33.0152645309901160 -31.8775084228702923 12.1614827680367981 -16.4366480776646355 18.3729088260693842 -1.2921171440269534 -21.1270217053111899 1.4884958549211573 -17.2572001018978867 -10.7529537630108916 26.3381618364195802 -11.5904338678369800 -1.2696948271379196 -1.9892861859895374 14.3099665667851497 17.0877661628903113 -12.0972043786455945 -13.3146621956945097 22.3381500559084358 -14.1358302547288623 -8.2552747586399136 -11.6841361832083557 -9.2707089454215037 6.8624912718173174 13.3404359078434851 -0.2978611302673206 6.0032497208894942 18.3155654978164506 -31.7484181658095750 -7.8836440451354521 -14.9406301607029590 -0.4232384971052416 20.8701347014225256 3.4883507600611536 -30.4825293319183110 -39.7447239206973322 35.6421124009499337 60.8191864226939387 30.2341666908800377
166.0000000000000000 0.0749304470175482 9.0000000000000000 6.0000000000000000 19.0967066959724505 -11.8897731521575842 1.8157952549324006 -11.2910867371646191 -21.1592174066936032 -1.7801620801557108 2.2129286551682115 3.4949079676494117 27.7093816902423526 -11.5566315298601765 31.3162312132040732 -28.2721912714187731 -2.6295511081054643 7.4723205205373437 7.8728788732045416 -8.8316662282650213 -41.7591561601660359 17.5192402102675828 2.0496347782442479 31.3861065801241352 -23.5673208346634020 -4.5467779119960561 40.4660300120316236 12.4472750846126203 -2.4701023338564347 -2.3658770340745079 1.8579512835871252 -0.2221935101252568 -31.8040495440275777 -36.5035931627596995 8.5334005635758086 -19.2810114389910083 21.7547237783619565 0.6291307822394978 -20.6451151443962857 1.3718045870172260 -16.1474581515513833 -14.0949709985858220 28.6365225253851143 -12.7330245891525689 0.3346572599761826 3.8407388401803280 10.8654321325179151 18.1332361370493409 -12.9572042339097990 -9.7009989685888645 16.7507289975197367 -13.9061509981229889 -11.9155053128823170 -5.9000250844084556 -11.2142832423219332 5.0443190653391259 17.6852553259292016 3.6718009592505934 9.1332990078876435 18.4419127771995015 -32.1941180117607999 -9.9875739372101808 -17.3860274382179725 0.6485252660633657 17.4737962315285138 5.4437669929292944 -27.8648190338308019 -37.4715347912966763 29.8919582526742929 57.2751697359115823 31.2536946374811890
167.0000000000000000 0.0694415904235712 9.0000000000000000 6.0000000000000000 22.1469113257428774 -4.0855227022920726 2.6694713838428963 -15.0650290650784058 -23.0061051207052003 -0.9617712044450335 3.3691083618721827 5.7362919393832108 34.8481437022382607 -15.2862650747900446 32.6936064100235697 -29.8249101469123232 -3.7651254340970901 9.3481163315302389 2.0362126404841607 -0.8813930495477162 -40.9149992317868723 15.6293795413190093 3.8660193441108843 40.3305284382200568 -23.1756240604499126 -8.8828919041962671 40.6946461329848574 11.2839873554469978 2.3761081169614346 -5.9237912658529490 6.5945402829256885 -1.3627077160661374 -33.8256160607377652 -38.6677620584953985 7.2048855452985814 -21.0887167830165936 18.4142107770403527 1.0475500003031610 -21.6468814411390156 -2.7817460672705905 -13.9250938993319604 -8.8675455498122968 24.9094332186653915 -18.5928132829765573 -0.2179266378771878 1.1162508494375396 10.6019805272728380 25.0994741771057619 -16.6528490495351207 -12.0836105626877792 21.1366519967495208 -12.4150975124711120 -5.1957148225947227 -8.2696657177038819 -12.3443300883068101 3.6791772236305134 13.3534303706772945 5.4800160939381062 12.2974616360736064 17.6859879180984514 -35.2721737957406276 -8.9429851893474481 -16.2164810787097800 2.8138095059796617 16.2415282206566189 6.4823257627070054 -27.4203276531348621 -38.1488367934365016 25.4645266314305339 55.7857850039272165 32.0475028088176614
168.0000000000000000 0.0731139755484415 9.0000000000000000 6.0000000000000000 20.3357947955050342 -5.5969750764116171 0.8205826478737279 -7.9067191523024043 -24.8304704379834469 -1.8532730542042903 0.1478593125705010 0.5261912126332655 30.0388096294513893 -10.4694888309811009 34.6483583405023978 -26.4761367999962154 -3.1648272841426515 9.4485026868907234 1.8783468248339750 -0.1317822560539628 -38.5808400280409387 22.2809022677337047 4.1865674783640721 37.8461494447528466 -22.2407379425587450 -1.6589585965607458 44.1271290035047201 4.5420764857919158 -3.4158148631800809 -2.2741481709886084 2.0622183766032682 2.5480694455086867 -34.5672048823919980 -39.4969551066706401 6.8942811401561768 -15.8177955038450460 20.2304103018598767 1.1879624156579511 -23.2588799949145049 0.0881636811217371 -14.6505820116007150 -8.2619906134432508 22.9107151536851923 -15.2662144474264032 1.9566068558473608 0.8588867376106157 6.6278564408936766 16.2911413516129144 -14.8460684071197004 -11.1826882067614886 18.8876576687990436 -16.8947614646803750 -7.6340960013822681 -6.7381066490672845 -14.3605336516858610 5.4260975753051461 17.3876214557222397 8.2482628172505432 8.0313457159229671 19.0520054315970739 -28.7701369261935618 -9.4658502909096729 -18.1382949227717987 0.6645311068881472 12.0623526322911339 3.0518477709652601 -30.9281247026506243 -39.8572114597036204 35.0419428291913846 55.0165224157480424 28.1803707738558487
169.0000000000000000 0.1396665739467119 9.0000000000000000 6.0000000000000000 22.0495740743710265 -2.0556235338650310 -1.3439840314806764 -11.9443553092550996 -26.9783349924837310 -5.1997790598399467 4.1524105329518815 4.4965869713250246 34.7238897436965175 -7.9100420207609785 31.9754190026669356 -28.6309960764265519 0.7750843214472458 8.9124801782824008 4.5039998319530428 -0.4461380304793536 -40.2305332108843388 18.8584847198672776 8.2799151422452653 38.6413032217172514 -17.2931120519156387 -6.7433466283100962 34.0646353922219731 10.2887799330209795 0.2528524073314944 -2.2433755927426331 3.9767924102935628 -0.7065132788953608 -28.7788873451882452 -36.3481398875856314 4.5082063255603000 -13.9166604579384874 22.0483431121625166 2.3524261394290278 -21.0075502871150910 -3.5206617977529682 -12.3448260835642287 -12.8857478679219248 23.9654161273463728 -14.5056890541251544 3.0161253181090650 -2.1514220017786565 11.2767520167507733 19.7903152673985048 -12.4846677882239767 -10.8856635897257092 19.0693760873558915 -14.0000998659518050 -5.1339229099574943 -6.1398503110864322 -12.8347241872030846 12.2668052221612207 12.4328668391948618 2.6435633636232563 6.7708837823459511 19.6312537542032288 -31.7957163831257894 -16.9491072899979400 -17.3463857220456070 -3.3152056352562194 16.7603639074535700 6.0505209689399742 -25.5805221309497917 -41.1847222829355886 30.4840245372155039 53.7072602769934946 30.7640420068154015
170.0000000000000000 0.0780145963565548 9.0000000000000000 6.0000000000000000 21.7960151678572842 -7.1328590851533722 -1.4800779115892861 -7.9417237021827116 -26.1887227742372701 -1.1820230982395947 0.0533263998182898 0.5689238443236160 34.5952262726133597 -9.3782079451070040 34.1234688243503612 -32.6960528451683956 -0.8603388446561488 3.6197503080033750 3.4964889825174921 -4.0071992536878716 -35.7543893406352424 16.9392100082819077 8.0374083497838722 41.4886646910435886 -17.8860916760684461 -8.1711421108640625 42.2140932169235725 10.4145636052259736 -0.8985683564939919 -3.8762713431511719 1.9186344679901226 -0.6220744102315646 -34.9842883461239964 -33.6771415976616950 3.6042755687712158 -16.3958503956871908 19.2051808124378347 0.4266445755167956 -25.8898156256902077 -0.4884419262366344 -10.4897160360843280 -8.4523079588965651 22.0707022100203503 -16.9055240575578694 -0.6408197584161281 -0.9032421004441880 2.7418812960993710 24.8520734180683114 -14.0369172026580227 -8.5945555714457740 17.2139908938036399 -14.4636277353520857 -9.2999296472877013 -6.9971395936139409 -10.4394206257561546 8.6895671631865561 13.7186909891699838 0.5859709348489783 9.8374762229024668 14.9039855031210458 -32.2630667773564213 -10.6303840586240970 -13.9025490916133911 -2.4144529382376909 10.6019935680390596 4.5755659925916046 -27.7803472530804072 -31.5158962839978152 34.5319156021623641 52.7191890581450835 30.3889028820126583
171.0000000000000000 0.0701739548928430 9.0000000000000000 6.0000000000000000 22.1451408329910109 -9.7330784204978560 1.4521771373662080 -6.9004722244947656 -26.4903909520701824 1.3859517369337735 1.7338728831553207 4.6854634679514033 36.7019165829000187 -14.3843733462987267 36.6475773276191816 -33.0593939114938777 -6.9640195170612511 0.5473193797290454 2.8444820562394080 -5.9908970487893463 -42.7826739613490901 17.5209155873345388 6.1057573478414051 38.5894137859285706 -14.6423644714604286 -7.4459456743804147 44.3136418157682215 18.3675038402411523 2.2056818260705349 0.4508025784140441 1.7180724735264392 -2.1150254809072360 -34.6215944276105034 -36.4749451244586282 6.9194257297618362 -24.8656542855254052 18.9946572944021668 -0.3256921806988095 -21.4865983258052609 -1.1044435313691370 -13.0629517841427987 -9.5621959497203459 25.3057144499912390 -13.5201817257673778 6.3944386913622751 -7.8774438942528340 13.7971702506455891 25.7679296013160979 -12.8278543513372778 -5.0322753356366743 15.9582920837525712 -13.2498145965821266 -6.6617354455890077 -1.3882902778651331 -18.8370220663129402 6.6500380403799948 7.2615835266216155 3.1732331844566923 3.5831788184131677 21.1287912967815039 -33.1901865001414009 -10.2531714241019056 -17.7430268349565416 0.9650260472682959 15.6505834677446334 0.4686212060098329 -27.2897745981187967 -36.2484826744328217 32.0860412589714059 51.3818041042428746 29.6741523631429160
172.0000000000000000 0.0631814467717700 9.0000000000000000 6.0000000000000000 25.2580851225767233 -4.8102003982599797 2.6294835679741961 -7.7258185002954765 -30.9114125248329934 5.9900986113841626 1.3169464103081714 2.3925868297848742 34.8163102344987720 -8.3860659273877598 33.0835913141704694 -30.9773282142368842 -4.0753203300190544 6.9164387903246718 7.5301275840369684 -4.5805578313370443 -45.7319416247301618 19.8428184450143910 7.4954665000687735 35.5452492964834192 -17.1668900265657847 -5.3362261039948713 43.8351767050135592 16.9013725886522010 0.5632891882257388 -7.2976173892783880 6.2737853133997987 1.0377623409819132 -36.9821120018172493 -37.5317409355332146 10.3662184601633989 -17.1241731519168425 20.6558279595300789 2.1867349430929695 -26.9037562564078101 -2.1242587953728376 -14.4208225158069396 -9.2395684491824728 26.8038553388352412 -19.9037585693400203 10.1408749173149459 -4.4635587783108868 5.1398397536573661 27.9125725874351858 -18.3430259827335433 -8.3234620018799959 14.7152371630352405 -15.7348747095694836 -4.0714979586429418 -4.9835889093795487 -16.7474568130388057 6.5681299935179096 15.9834390968169142 3.6643953165762713 9.9892500095442927 19.4621249409477208 -31.6229607282583274 -15.1956737839868907 -12.0557541116127318 0.1359576006081263 15.8740342069283589 3.0136157583065684 -28.4417160856460640 -33.2668344697788783 34.3811241457099044 52.9254326042831877 34.2028782179485873
173.0000000000000000 0.0654320501103500 9.0000000000000000 6.0000000000000000 18.9330703874830739 -6.9655190978179595 2.7063422985952315 -8.9953947585239895 -23.6505891052935056 0.3151082446501912 -1.9433840518587044 1.3684980618148250 31.4135872816733936 -10.6706732992641786 37.5445619906389680 -28.6989711351521031 -6.0642548437864576 5.3839676029155825 6.5803504037101757 0.8430473125413651 -38.9458490035515013 14.4343989041933654 6.1334114991689654 35.7152799489143575 -14.5767449700727116 -8.8321171057335750 40.6099349121651798 16.4301100121664732 -0.1128901761572576 -8.3339908132926119 5.6648615620509908 -1.4942543048997428 -34.4768764144970632 -35.9148444622881584 10.6931885965308364 -21.9817928686964237 16.2807198159347024 5.2579776700647294 -25.4404785574247221 0.3720166927417021 -12.2986416527444238 -5.7018966908268949 26.9626717515555576 -15.5099085695009382 10.7516301133743415 -2.7133052375923308 5.3887003909071778 24.3408990522125457 -8.0268592715025733 -10.5067808335498754 14.9600691431772805 -12.5814755304582491 -4.7874252483704343 -2.0248734343800443 -18.7986704058594505 8.3208899679266697 8.6371573228523282 6.7282235421056154 7.9643835239434217 15.9246115226686147 -33.9820145072665483 -7.3031485215319085 -14.2668288371147955 -1.5768939121651599 14.0483597060485756 6.8832976051869856 -30.2366780172438325 -39.6844789581038739 27.6185234418149079 56.1498374805307989 30.4252442156573011
174.0000000000000000 0.1637713507378923 9.0000000000000000 6.0000000000000000 18.9020749431910176 -7.4811196703290017 2.3457058227921275 -9.7906130515081440 -27.7899471083166318 -0.8224870795863410 3.6747416132820119 10.0871299678065007 29.8083712600670729 -9.9058031029128983 31.6643775562405452 -28.1737117640764687 -8.4211394458555446 8.0797576258554482 0.4248334259931399 -1.3586994049516281 -42.6382717676900356 18.2304717263978446 3.2406347357728409 37.8764248744486380 -17.9589009516326534 -8.6968091418974716 36.7385983007136971 21.1038209994289367 0.8641541593112753 -8.5611861993303862 3.6376776600158363 -1.3628589755365039 -37.9457865452889962 -39.7683042723308589 9.1671685640135561 -17.7245581827020118 23.3950369783144119 4.9335401502346778 -23.8901408943264038 -7.5023119871583788 -14.5652381093651897 -5.1574534780008516 27.5080738425665778 -17.7124363013560782 3.9229290092733420 -1.4841263652730572 5.8644798917340513 18.9160944751968252 -13.7193683310889902 -12.2059673790325629 15.6007892519979556 -14.6386606650279241 -6.8445394168452003 -6.0191488653745200 -17.5032057978921287 10.1142186513956887 11.4896294640673862 8.8217952999128002 4.8626738419833888 16.1574301837099767 -34.1689724651767648 -9.9246545128789698 -13.0096835624690037 -2.3069285956489654 13.5028739789480046 -0.5092326177182391 -32.5949295783766431 -30.9533433929183737 31.0216531566577061 53.6897523677453279 31.4902923278507387
175.0000000000000000 0.1807410512700751 9.0000000000000000 6.0000000000000000 23.3519258226978046 -10.6565792820995320 -2.0579000192941725 -9.0281968954695184 -29.8864694779684861 -1.7788044803188159 -0.1300841829375265 4.6779759005822221 29.1348777608233185 -9.3723351910556509 38.0814071016253237 -34.0025400560079376 -1.7395290196227209 14.8785930176739889 2.3841028160411257 -0.3359878121341506 -36.5912557617974414 13.8235446820920398 6.8146684594388667 34.1363815117688745 -19.0044848531888206 -3.4726854435065242 38.7019020391960851 16.2986866452383516 -4.4928263881319870 -12.9182127097045818 9.6548876029958564 1.5334884530297075 -29.9034341244518842 -38.0470453072474086 9.7163426188039796 -18.9184049625955559 20.2282922247704597 -0.2734097002050599 -25.3064228808260339 -5.2773199829476996 -11.5226526708753241 -9.8273026518842634 30.8927272796849941 -14.5504072564982074 9.2549207547424892 -4.2719176288173966 3.2505054576831007 21.5397950727347123 -11.7352565767901620 -7.4786118204412961 8.6236163744696981 -8.7367649693966989 -11.3564140667534446 -6.2103185496841506 -16.0906139691693504 6.7141168596421217 11.9179599968455214 4.7566722293561980 6.9643844875637368 15.7220071378342041 -31.2412384722998482 -8.9903356521397200 -16.5452115021715649 -2.1080296241453000 15.0290552982937076 8.0349818614365027 -33.6426794842297454 -27.8743487189079246 28.5140732816022506 57.2300187796895372 37.2783167468077608
176.0000000000000000 0.1642616258566881 9.0000000000000000 6.0000000000000000 21.4516560396567897 -0.7700558495126906 -2.3501139819515711 -14.3394897758150215 -31.0368512820768849 1.1151464222059773 5.3750022995553834 2.5541757194140717 30.9309449810238171 -9.3917124669123488 35.0936241846651669 -28.8989131169164395 2.4248752293821481 4.6167668008703071 0.8483224433099373 -1.9319207614506226 -39.3485039345118466 13.1310175423194053 10.4369468922740438 39.9006903596194391 -19.3323679540759450 -12.1346288261622561 39.4704395564453137 16.5474629586312503 0.2256216755420155 -11.5628924301526013 9.2351246266622535 3.3354396468155891 -40.2867174071586192 -36.6237190142429512 14.3543420259840708 -16.6915388284385529 20.0455397822868662 0.7513804301742725 -22.2532195703709732 -1.8743122189533370 -16.5629451326722013 -14.0484196835839974 35.0958216634322042 -10.7799055927836029 5.2624057934303146 -2.8726722721106341 7.3557574911893688 26.9513449747624492 -7.5092257622960936 -7.5112616974056277 17.1629793869364384 -16.7696945057857931 -11.8746299907937125 -1.4864211329766928 -17.1562495211789994 6.3317930003248231 16.7502749955325072 7.5322885310161301 7.9281779267843664 12.9648670647533528 -37.2984564446921567 -9.3126870212378368 -19.4689437413422155 -0.9696185795333883 12.6466226521719918 5.4497259229056620 -32.6154066003683170 -39.1377195999804286 24.6009904673927196 54.6766226987159314 38.0280420066752924
177.0000000000000000 0.0675927548104047 9.0000000000000000 6.0000000000000000 20.4322598102996125 0.0341732741237868 3.7302606083530239 -13.4434118578022908 -36.2391738967519643 -4.9992227491273082 9.2946099644735298 6.8443069092370488 29.4892611931319344 -9.6524104299932052 35.1520395205343092 -23.4212204895480376 -5.2430713548785874 12.4799653893429383 -3.3397963680491340 -3.6785473674554461 -41.8214067693619924 15.5528426485877471 6.9333039950935369 40.7795031389702487 -20.4088018872940609 -9.6630098936848654 39.1448250623393079 20.9082579999380869 0.8728005175818163 -11.3745724285979168 3.9007551173621073 0.2772803558135584 -30.1830133997329249 -39.9713245789756613 11.6456448483218047 -19.3475774649198300 24.9616156169039485 -0.3056060354937936 -23.5813210571006948 -3.2710140225942994 -13.5149080469177623 -11.8214316212527297 28.1764643960828174 -14.4965545400917968 3.9066223204991792 -3.9216487005186140 2.2584669714041876 29.4625015749576669 -13.6819769375528999 -9.9360291058630033 19.4067074488399456 -14.1246797264719568 -4.3367116034539936 -8.2455264937834691 -16.8397979031879146 12.1387150562227895 11.4893973138364007 11.9180543216091124 7.7047731621681033 19.1335730848439773 -32.2542777669526615 -4.4695042065112922 -15.1047706827963442 -4.1124422340973519 12.9294250938281277 5.3020380519755950 -30.5455828951091064 -32.7917248057638844 23.0171716365382579 57.6669273583633952 33.1384185933840385
178.0000000000000000 0.0703594962604519 9.0000000000000000 6.0000000000000000 23.0320604469936363 -0.8110983553105162 4.3570339480132052 -7.7700054259295053 -32.8598362438086085 2.3812326714824810 3.7406566164301589 4.2836476671574530 28.4453693396730358 -10.8405113945440501 30.8165191441793596 -33.5122316504076565 -1.9060553155064643 11.7798833826041118 0.8702008110179482 -1.7647456102337755 -36.5455191062274594 13.9315100858630316 8.2115586939049408 41.5009891583758517 -16.0045537241638165 -7.4795867637094569 38.1280540243458006 13.8455082310597284 -2.0647958751984574 -16.6359001192056510 7.9684402169305013 -4.0558388229299931 -34.7319650796071429 -36.1197817119744471 9.1521923538678998 -12.1488072918702308 21.1609160338136988 3.5161210908293317 -21.3841231447503262 -7.1014777638075648 -17.2267705241971321 -9.8737346706504034 34.8210834500268405 -12.9166737684449622 8.3001510065705695 -6.1701395534044599 7.5940062643202264 26.0090545738963321 -10.7947734976971397 -12.8844826113207223 14.2804657228810861 -10.2410006755275944 -9.5559055023835082 -9.8600988140978050 -17.0879092011987588 8.8235393777738551 14.7316437960598350 5.5685881295887310 9.2461349618121282 16.9917401497584493 -33.4432703603720540 -8.2125704066499914 -14.4958347259271001 -0.5753821346569334 13.6816772097128236 7.1892818577077753 -28.5783517970327416 -33.6699760921872624 26.9108672643892959 51.7660872406886341 35.6496613470875445
179.0000000000000000 0.1393483645969979 9.0000000000000000 6.0000000000000000 21.7062052858341019 2.4551271555373040 -1.1224227585804107 -11.5054614705731026 -27.1453720681319766 -3.1199648312359010 7.3904342582583542 2.9776929244809813 32.8302911022109072 -8.9394592329125384 34.5180601946951526 -29.4638406846457919 -1.1168811326712578 4.3132364806758643 -0.2516113557718576 -1.2023236842560534 -44.7489455264983889 10.8489340579784219 8.6033273812601614 43.7460730554495356 -22.4958879936624569 -8.1381377887057660 38.1603129220430546 17.6019521865615367 -4.6476212204513780 -6.8095358798782089 8.6187543716497483 -0.0621096281220368 -35.7308238912256755 -33.1100958402811969 8.5317877892607559 -11.9231214304490578 24.2482869105335297 1.1545527233836488 -24.4895228804941887 0.0029053051778076 -13.3447564954691220 -8.8443667935032053 36.9674508294937922 -12.2245552950256293 8.7830093218430179 -1.4773474317927873 8.6897259231261508 28.6278484242166371 -11.4709999646392724 -12.6868297848468643 19.6920543972350686 -6.0329893643780510 -11.7721651585744844 -5.3514635484028110 -13.7615993849343514 9.8280713691705497 15.1318983738750408 5.2917827581385453 6.5529109692734737 17.3880397787318621 -36.5741858826616735 -7.9986339359456258 -15.5198585140043299 5.2627921396724044 11.0878089256371428 2.9418110472185486 -30.7426353006260094 -36.2723347114688934 32.7260416353538872 56.9636401276605895 32.4673185516930332
180.0000000000000000 0.1381761689310121 9.0000000000000000 6.0000000000000000 24.5743277830912525 1.2090141244432371 3.3788407517791246 -13.1844022065338038 -36.1423839290374858 2.3160322110428577 4.2397603406478659 5.3939806481626453 33.7967601904495609 -9.5308576131349856 33.9028869977062399 -28.2370799492666045 -2.5103299229725655 11.5268342888968576 0.8064632481251235 -3.7004642180243139 -39.7465913966716613 11.2755388978099624 2.7994890059592867 44.3323608662772841 -23.8473504257758968 -15.8738870342909006 38.9460731359923429 17.1593844071757431 -2.8964085720035726 -13.5710031555580528 8.5009010236309788 3.8274742958576708 -30.2289114678437123 -37.8430644842934427 12.4190017245682824 -16.1158400520811647 23.9055740468574847 -0.8472542265883900 -20.2408679931732074 -6.5955593274152999 -13.7157699464985541 -9.6522756196569190 30.9783339386472321 -12.2892843171974047 10.3424928894624664 -6.3382692056066947 12.4080355706663852 27.9797741564970295 -7.0946140099539061 -7.8872613522880055 19.1509577967811708 -14.3632686934979112 -14.6492355548138509 -6.6433301762129053 -18.8178024613924606 6.5263934588689292 10.8370267121168826 3.7937712867075555 4.9257842565405170 16.8422334056194423 -39.4970115066848564 -12.2234214001834918 -17.0536809503993787 2.6863887950677880 11.8653243382956965 6.9717751187150370 -32.2427026709256594 -31.5575597543468760 30.5536133622498518 64.2242717713963032 33.6717514044608706
181.0000000000000000 0.0667752042732941 9.0000000000000000 6.0000000000000000 24.8785701907550809 -0.5653899616015602 2.0062945995403867 -10.7012737478467237 -33.2281822967470504 4.7221694489885095 6.7442665183620392 0.2958512414889025 33.4032930958531153 -6.8939001444508730 36.9778249472499922 -28.2779314468246916 -0.6724703190786818 8.1364731862413091 -0.7698858642150630 0.1665148699031893 -38.3620874834807779 11.9194801903868282 12.7982318368246144 37.9684060186597350 -24.6045351390432216 -13.0083389493602137 43.1474812530943908 13.6246787818715127 -1.7763922250168165 -16.3160142344106021 10.5018440817441903 2.4652575763918878 -34.9867804427267046 -39.0601865137296969 8.4292753480113181 -17.4113307930881902 21.9192000272763252 2.6470836470610677 -19.3688607693962709 -8.4813610343904919 -16.2077968541487003 -9.0197301926125739 30.0772388332830332 -13.5802357333841375 10.7501534370524041 0.5330847890624639 5.4304041679725543 27.3380585876295221 -8.1970036743970862 -9.4851311833862066 17.6293979351307364 -9.9623046816537659 -15.4703637432139516 -6.7309429332807147 -18.7821869525414762 7.6650728603519651 13.9959855834001488 -0.6996182680733680 2.9612463464154919 19.9923634490068416 -44.5443203969589021 -6.7589481246423082 -22.5692044686553075 3.1123399405709575 4.2849235617586734 1.4303426913054389 -32.6190719706027394 -33.5708591746300158 31.0570584179750533 61.3337443919694394 39.0724011260292770
182.0000000000000000 0.1395343540112079 9.0000000000000000 6.0000000000000000 26.2002139351843297 -1.9944198972337219 3.4775398662279549 -9.1176377003726152 -30.7278815545847763 1.0379970473320421 6.9013199099560900 1.9047881418791388 33.5812357893618696 -6.9242957219777983 33.0787671280234861 -28.2555329928550165 -2.3952291280516294 3.4663380036601144 -6.5581018835967040 -3.7353376632782105 -40.9960494910946380 8.2554396875256533 3.7962964913593042 47.0965066291683883 -22.3744161072943406 -11.5418026658926145 39.6021548993642654 13.6175338507352492 -2.5227562812156759 -15.9991201672164358 9.4039836928796614 -0.8913319346504713 -32.2372398761245549 -37.6951978735956246 12.2035794370642421 -14.5071167475406213 22.2070344390470353 4.5205067721772485 -20.4370374806660884 -4.6142288343739404 -10.3011981677427009 -12.6027616321249383 33.7595123682031186 -13.0334814982102607 13.7653891777733079 -5.2247671315705979 9.3541734208457967 25.6191519693348866 -6.9739845496726165 -9.4720944021312636 16.2399167374322282 -7.3475386079147480 -12.9665051016836728 -6.8907140115777246 -14.8140643908743392 8.8199553757736027 17.1142733478156579 -3.3591410127596846 7.4424836779175436 16.7341472039386723 -40.8250852404336513 -12.0585742114678283 -19.7380614091674147 5.7610037844007067 10.9394474195364406 4.6835575006871224 -32.2029917774000793 -35.0169128203727453 30.2047783498177580 60.7764457332098189 32.0305526832669401
183.0000000000000000 0.1809465842573824 9.0000000000000000 6.0000000000000000 18.1457954840255944 -0.0518383669696744 -0.0286620032300587 -7.9675750835999333 -34.5986435028059063 -2.4564748154871778 0.1706016033861992 5.4473541076206091 25.7487990561167024 -7.1282040737880399 39.9082193570144028 -26.2819044119427261 1.7882088390729893 9.5412299429251917 1.1838281062085858 4.4491237754220876 -41.6219504950548611 13.3087208356304281 11.6493325087042958 38.7536260549644780 -23.5499549507561916 -10.3582158457287523 45.1219884011609977 12.1316277073856806 -2.4012187592580183 -10.2032419360716435 7.8162190701986427 -1.8807018500088390 -32.5018128398893325 -36.9851762345457260 11.1651197331708136 -17.0767092800705917 27.3508148666682089 5.9908403035236084 -23.5996604532655674 -1.4136426378957943 -12.1239077708766665 -9.0720735588936012 30.8124947116684282 -15.1590120042505987 8.7810987453692189 -6.2787090220826531 6.7741922580980267 26.1820615450956140 -11.4142130972727536 -3.6595946005217419 11.3568581575855916 -14.3160456059669148 -11.9027256844068230 -4.2036468691053663 -22.5300964014387333 4.2210491229699532 13.9289943713463504 0.9054964897328415 2.7184032223115673 15.8768303638150563 -41.1324272610378969 -14.2300750746058569 -20.6428463356562517 -0.1188458848557388 11.8476432370746867 5.0172178506748981 -32.2998249766059402 -34.8121688253916517 35.2398244451134843 61.1139768004352106 30.1171331809863290
184.0000000000000000 0.1400229907272872 9.0000000000000000 6.0000000000000000 18.3115223805013265 -1.9970707076085825 0.3127918516926864 -14.0948178975516782 -30.3155364245367309 4.7439702744140035 0.0584742480333051 -3.0914237692725646 29.8344963263602097 -6.6152861213281717 37.8848092208802782 -28.6812312160294027 -3.3318319541773684 7.2679754721703604 0.0919853759511613 3.8948164498564650 -41.4556466569849604 10.5677770799988746 10.5550438210756194 37.3593112869354016 -21.5899695984457409 -15.3451300126151846 39.4093062542552559 13.4563446166506182 -4.9822759237767258 -8.6829345518178602 6.9889186567478649 -1.0026353573247935 -32.9794848446205364 -33.6256691348123482 5.7738139769970793 -14.1504423225505498 21.8184037728597353 3.6973416085255613 -26.0516297230515192 -5.0410676331231405 -3.8964607677089642 -10.2895136455471246 37.5733757593236319 -15.5554852394550736 7.9507852881971335 -2.0995244576092382 8.2216691244367173 26.9025704582857621 -14.0059918716124532 -4.3811274583047268 16.6768223807612799 -13.7130250084027292 -9.8344035994498338 -2.7834397510219540 -14.8217509408828985 8.4443227690529596 15.3085810663734403 -2.0753602722399078 8.3923691414773653 19.7032448150740080 -38.2090514521846387 -12.4061906051175512 -15.8592591612106872 3.9431884356700673 12.5410544992439341 5.7436790517534595 -27.0518302905654053 -31.4636447103807342 28.2378622630291893 56.0085098234922611 31.8961267835300966
185.0000000000000000 0.1386944262066040 9.0000000000000000 6.0000000000000000 24.2615664715845085 2.4002774320177451 -1.1196339478467050 -14.7923538100085885 -26.3631130599278052 1.6814164123793727 -3.0187295675180668 -3.3317270106163690 26.1272463516845086 -3.1893423667355507 32.4995694227944156 -25.9896237195029975 -0.1738975901937427 4.7030593504626701 3.0299453646507080 2.6683168000565298 -40.4832744457489326 10.6333954805684439 6.6082173446083772 46.8212208503678653 -21.6549896499250139 -18.3650515102116039 37.9958628730974439 14.8796454769706070 -9.1163422943318242 -10.8849783054561993 6.7093814098472500 3.8279746661467220 -37.6349686743430993 -41.5429440802949728 8.0202950058468598 -11.9790931644149978 23.3055218582762684 3.7476134277106024 -21.6806039736545415 -2.5296165691461177 -7.0344003358620615 -9.6370542846565161 28.3250164387229120 -11.4751812700770177 8.4148099327397468 -4.4365550588618277 8.1573977043740395 24.0811918587230558 -13.6658239779755775 -4.5960170605227164 13.4191728648513671 -18.0820878676029047 -10.7962657816554657 -2.3931105532445005 -16.5939978534489505 5.8736820416248987 15.2036895671960082 0.2822360766775962 6.9839490739686489 11.2628719853699621 -33.9221873371376148 -9.1979284704976969 -14.0147491775089428 2.8870742886475318 10.5467045488833921 3.9859236942466407 -36.9253862504853387 -34.5329210564999656 27.0185113504698400 57.5206785508598486 28.7124381461304559
186.0000000000000000 0.1393299029500757 9.0000000000000000 6.0000000000000000 21.4911449098840315 -1.0401141013523645 -3.2368406977064859 -7.7495849084086244 -33.5176082420489436 -2.3156045730595483 -4.9519326368378529 -2.5952090522270717 27.3032138990596032 -8.5472911844316020 34.2224569907864691 -28.5096721190645965 -1.4605973600092983 7.4304156798166474 2.4066942923849881 0.4982109858686365 -42.4673255353541350 12.1668911173393433 11.0929207030629300 49.6532043190561652 -21.7293599592756550 -12.5733093594291692 38.3609734332727896 16.6480327890499176 -4.5455563426103307 -7.8881358991130579 7.1049582479669704 0.8295710479483044 -37.3254070729844258 -37.4413202056376804 14.1210690857498431 -12.4127976827390327 26.1577423488323859 4.6604039546598202 -20.9828301948217728 -1.5404463059832481 -8.7122688446195813 -13.2555585684523969 33.6403954909054974 -14.8018773950419806 8.7673975269214353 -7.7363961058543413 11.9502743808498249 24.9595125148826398 -12.7977416549599994 -3.3831702550144183 13.4496135590837547 -13.3775110268345703 -9.7896024395624544 -3.7656894260014830 -12.7212256144485494 6.7954655486894122 19.3183011638960522 -4.2063534331091548 10.2325165105069900 10.9848404764190182 -33.8833045766923533 -16.6342541663546228 -19.8279835973301708 1.3541320791483629 6.0087105938163115 7.5350857055239047 -29.9447575225636129 -38.7347533568715718 22.0718154907198425 56.3576556615551425 33.6092788445671573
187.0000000000000000 0.0690731619712473 9.0000000000000000 6.0000000000000000 15.1798635228098711 2.1784691966590053 4.4506988572211643 -14.3472992203137224 -28.5020773026766996 3.7267105396858167 0.9036855150422386 3.5300095321533016 27.8658759757213055 -10.4859146857207435 39.7094525458244121 -32.4821576198987430 -0.1636482729085629 2.0762388519240096 0.5060403267390372 -1.3307976784061681 -44.6584685017949496 10.2812516980997675 9.7615116551776318 41.5084935986913877 -26.0624827098077958 -14.0462880649298363 38.4986739281549859 14.2808847279844429 -1.3200166167825160 -5.2296839247574125 5.1550736748101560 0.6525294499167142 -37.8655167458429887 -39.7676774362696008 15.3686266506030016 -16.8066622522928242 29.7981998718725691 -0.8890602914932058 -26.9998518760597008 -6.0270052553595441 -2.3510563024548370 -19.4013574348583511 31.5647164452739055 -14.7089186641665943 11.3353807768092718 -2.7649619847116056 11.8853249094379301 22.7081025809566306 -12.9979000455853626 -5.0014627073877449 8.5085474807798427 -17.9157043872899280 -11.0929282078768914 -8.2513861389719594 -21.3308194420514070 5.0584175294686897 17.8371919710085649 1.0833524137483150 6.6623212408600061 14.4093620171058969 -34.7344006322493257 -11.5576028235618171 -18.6039230849761701 6.1810013772287205 9.2071235035056596 -1.1006544511645338 -30.9173212110828324 -33.2543077438173782 25.8632055421077993 56.5774524608297043 31.3503950009091170
188.0000000000000000 0.1636871486861993 9.0000000000000000 6.0000000000000000 15.3414824533137484 -7.6247696876688922 2.6410216969701956 -13.9142461428046449 -32.0542326817147938 4.7235229475722855 -1.2810567669511346 -1.6462004875699667 30.7825125694570474 -7.1265995267902014 35.2810314894737402 -25.7027570412368824 2.2055096270534218 5.6697039831189322 -0.4246639440440887 -6.7463917145059691 -42.1506978753152382 9.2290109172689707 10.6603927995249848 39.6789415874072660 -21.5440226227208065 -12.9119831955887783 39.4037446686039630 9.2279273378794748 -7.3322592574779009 -6.0280820018372374 1.9750327263384850 -4.4001723509302995 -26.9568138012186864 -35.6232186669410282 14.1691627423210011 -14.2158172765178907 26.8530857913730649 7.0919719647647046 -19.9019756666470720 -3.8423616715754987 -9.6460588235991729 -13.5116253605478818 37.0490727469620325 -10.2056156117227275 -0.6051627867964937 1.8062537674024695 11.6316202547506400 21.1765395549534823 -18.0063361450916375 -0.5488341284665088 11.4275507080525376 -15.1633090327143751 -10.9215552840138166 -7.5039276555443477 -12.7008249492706682 10.7969444065189553 16.1596344056801797 -2.9508041323104051 9.1713625664243796 14.9517875408971488 -36.3905110043283955 -16.4585900743921201 -18.8956322710956997 4.7079396972671512 10.9865060408085640 3.2708821961786732 -32.8067519257627112 -39.7406979241680176 24.6942166935968004 57.8704952148418883 34.2320499604669877
189.0000000000000000 0.0769038772861607 9.0000000000000000 6.0000000000000000 19.9263361933132934 -12.1761039517012506 -0.2201082812177950 -10.5185066252195529 -31.6686980004194538 0.5167767668349015 1.8765991319552975 -4.9438955155918061 30.1752986457606553 -5.9527458587952253 34.3835974472578698 -23.0056308537270375 -0.7662539148815843 6.8477007933957044 -4.5959657247055477 -4.9370569493522378 -38.1307145165958730 10.9733183116592841 14.3279776153008509 44.1486675610463379 -22.8057927430410388 -14.8600587955647860 48.7050466055421083 9.9765308923461973 1.9932607943481067 -7.4019431122442736 7.8625281646377854 -1.2542697293684784 -30.2470514514637401 -37.4517957914696353 14.0524930101339400 -11.1998857946281127 26.3907849427693399 -2.0031805005470433 -19.8437349936404814 -0.5252982145083596 -8.9419072458815414 -15.2535681957167597 33.8499443130120383 -17.6974089112064163 5.4291376159147404 -8.9616434225592609 14.9324760259751290 24.8715926897084181 -14.9605476889146214 -1.8973923865647675 11.7391292541963921 -14.8830247762867849 -6.5935526977332461 -9.2668813959013328 -17.5015372489109140 4.7395387009255741 17.5198122690385212 -3.3778427331483654 6.5745409342629095 16.6706561289738957 -34.8744874532946838 -12.0044308790474066 -18.9827472976754521 5.3654103267803954 12.1592864818612973 4.0064888297917314 -35.9692895463572526 -38.5016445079797265 26.2217321083981894 56.4342252995929030 33.2014054327815558
190.0000000000000000 0.0710193842771522 9.0000000000000000 6.0000000000000000 22.4629870073592315 -4.6854818248613013 2.3922982333205915 -14.1947120893847707 -23.1561361706907256 0.4732750751904654 -2.9891165684184733 0.3069481994758259 26.8149463590620023 -8.9113253638636376 33.5974983977602122 -24.9270082095144154 0.2861110889501631 1.7276242818148337 -1.4009148081883460 -1.1838195616407670 -42.0418603361207985 9.6914072997012397 14.4616795825609774 42.7878832734411247 -28.0617377548840423 -12.4225569419543884 39.3390993151845834 5.9890803003860817 -4.2983545126648810 -4.3131866002102219 6.4046418828060698 -3.8853724297475671 -31.9164005746743094 -39.2159951331969765 10.6400913310132648 -10.7996620039413660 30.1558243282561733 1.2277940312216318 -19.7932762397303286 0.2399894610501181 -4.2083920082082660 -15.6190230020116978 33.0621090894052259 -17.8771268293179375 6.1322182106042948 -9.1455385892369190 6.0813576008819918 23.7639542391343888 -16.0515604183604772 -2.0842979362675069 10.9930521562942669 -13.6041061530017071 -11.0820271912338661 -0.8388198313058863 -13.9411672972769498 6.1640245910727458 13.4275427402356868 -1.4239852801755490 7.3799914860325142 9.5076164621905477 -34.4600389942766014 -7.6117992040242832 -16.3992863167540044 2.5348747303269490 16.2071632079902948 3.6174087115820814 -34.7214379711065604 -33.5085214058721661 26.9019777607704320 58.5071518997672797 22.5772455029355505
191.0000000000000000 0.1403704819177997 9.0000000000000000 6.0000000000000000 26.3694472199950773 -11.2236959256895190 0.8056591579433283 -13.0322857465277355 -25.6341657978003425 -2.4555574381412493 2.2713741712464035 -7.3238071500035913 36.1726631281199928 -7.3832436222586333 33.5288732885437568 -26.5934477955420761 0.0980371241642651 1.2596750608895797 -6.3124688364099910 -2.6134486647973985 -35.0019257689847123 6.9452297057450325 11.7827196531824612 49.3757009466189487 -24.0894873540935528 -12.9367481585853206 40.6945328793037788 13.6009665609718517 -5.8874587212281417 -6.7884510152267108 8.5883797928321997 -2.6632177278593110 -39.1137888035811301 -39.6640932134816353 12.9501742087187193 -11.4603442450823625 23.8675474019539315 1.0171892043048758 -25.2301694793347338 -2.1041486943286647 -4.3814267236691542 -8.0576099288376035 31.0370034341601517 -7.3202196447170484 10.8681482166257517 1.6653874929641237 4.0151941291297000 28.8343364383698173 -8.9340057467622458 -2.0044588689752558 8.9455605413656016 -14.6114364433045516 -6.1150946745892441 -5.4556604453070010 -6.1674615993857653 5.7558068916391845 14.7138151894924736 1.8263035630172655 7.7578256166448849 9.6780789338302711 -31.7076850341902201 -12.9480232652846823 -14.2507029477578691 1.6023163033975711 11.1948420623184539 8.1363682671175326 -37.3237537782868500 -34.8375217974244578 29.4490813082148186 58.2538965213422628 31.3219840344522709
192.0000000000000000 0.1391894400263668 9.0000000000000000 6.0000000000000000 18.6037153879433461 -7.7731379902034607 1.2151848165263712 -13.4285417491877546 -31.0835327662707854 7.2961594498192701 -5.2406869698245835 -7.4915339481029690 28.9935231091685601 -12.2808602249603993 27.2695102388609705 -25.5800038306208393 -1.4065255208589942 0.2959123090435096 1.2680602580962870 -5.6751911917154167 -38.1405604466981103 4.4647004325423580 9.5437344066676317 45.0107742196596163 -24.7450592903461164 -14.4480701404425496 43.5752740381755643 12.2394183666257526 -6.8265358161223153 -4.0337717040422367 3.2557211573785878 -1.6463573651894046 -28.5070594315264536 -38.1528941348794035 16.7681768623896090 -16.8392039995836420 23.8620253290742710 4.7224795778090254 -21.0093064938828675 -0.3864539297255347 -5.4489267251921127 -13.1028823629540749 30.5108288129956193 -6.8436498452296464 7.5284892585638366 -8.8229175283349921 1.1295469323395766 26.4124339807832413 -3.5441518485772949 -3.6910227452739974 12.5002772250535035 -16.6912346996208107 -11.6908428565370226 -1.7251602535920503 -10.5559930778581919 8.9019111239042648 15.2368633632717874 0.5367635042564958 5.8610234563499448 10.3622023466210820 -34.1633822477426676 -14.3889832578103114 -11.7923854714478296 3.5525029802058201 12.7083327123796916 6.2873135250377032 -34.8327952987755225 -35.7218045491923206 31.2361020010131085 54.9884327781850359 24.5829013510213166
193.0000000000000000 0.0669681676002889 9.0000000000000000 6.0000000000000000 19.7969150103769849 -5.1094535689404026 1.9483033906428431 -16.6301562715395761 -27.4085294550247944 2.9741978802003493 0.2716543388686654 -3.9325516814699677 34.6796745985498660 -14.4665195803943476 32.8266110819103645 -23.1775889820104624 2.6280162820915436 1.5841094288551183 -2.1128890155701017 -1.1728149897460618 -36.5367820152090061 4.1889949501240604 13.2021898381333198 41.7089047623526596 -19.8028450178841275 -12.7777964574549028 41.5114115850920342 9.6664848574160107 -3.2901268017451359 -5.0662673336893036 4.6704825340875900 -0.1656824014984772 -31.3472948986705617 -42.9382498459520221 11.9541379532844498 -10.2644691823684635 20.5605013996750294 5.5420737044224664 -22.8300848395416054 5.8323505107704232 -5.0695505670947512 -14.3022824935856203 36.4261704496506766 -11.0278400250375395 7.5847249624181030 -11.0647110580074841 6.7577855682391892 30.6449181019335093 -2.3011968868987944 -4.7428794007020532 15.1085618999265296 -11.5240684869715366 -1.0355292273812502 -8.1317910411814420 -10.3564432278998115 4.0935035373078774 15.4526278494819245 3.3246893952592380 5.8661022420722695 13.9018239946202566 -34.2482747820421949 -8.4817134101623886 -13.8430088983672679 1.1283308065516859 11.1855822987779039 4.5064953099032259 -36.9882223808031796 -37.2770980479369740 26.4546527151056843 55.3854295039763116 27.4623811024357138
194.0000000000000000 0.0748690256644989 9.0000000000000000 6.0000000000000000 21.6123158561940016 -8.4771680468767361 -2.9690577948521319 -10.7940040885292845 -22.3927503915710560 6.8682122521784290 -2.0293087771217877 -3.4624501772716827 28.1755831865528030 -7.1578911809899424 33.7813639929476537 -28.0653227257855882 0.9478911780385884 2.3384363350668016 4.9032792269069603 -6.8768319700872542 -45.5900460201598747 -2.6777111469394059 14.7717576449228751 40.2409686599364846 -20.6283762477161154 -11.4824991014028033 39.3177746846108391 8.3305811402274070 -6.2507754770980517 -8.0036717664086456 5.1765391409245556 -1.2424129068611467 -26.1969710024264160 -43.2257776168451286 14.1874233391870987 -11.9813692515264272 21.6412739479906122 3.5480440102510142 -20.4951699099200546 -1.3525246929785983 -1.8368681322875808 -12.3322426867310959 32.3086068216120665 -13.3947317779875732 6.7891346323258066 -5.7623107149735340 10.3836919528235399 28.3517938142916606 -1.6078304571495936 -0.6561697825895394 9.9464898604294536 -15.7749265067488391 -6.2825833408675162 -5.3124824712436816 -9.6751861521505695 3.3633311273660458 16.1261613445720826 3.0446346041858057 1.1006983231538969 14.3979425881349652 -33.0069064823615790 -13.7108819128314270 -17.6386399760983501 7.0333763023665421 13.9240265488828712 7.9783887053884346 -28.6024322340331096 -33.4076588549571909 30.4355545096747733 59.2141711897915641 26.3680575765468745
195.0000000000000000 0.1638642064432716 9.0000000000000000 6.0000000000000000 17.9632051847621419 -10.0788523029594437 1.3869951921335342 -14.8368466572557747 -22.7713826019314212 8.5510050548193899 -2.8096619148806488 -0.4940262379308407 26.6557605580873300 -5.3715480319015310 35.8739746068815819 -27.3570950703866664 2.7166391257248939 6.4663645814698523 -4.4397618311410723 -0.7407824911141456 -39.7479378474981573 4.8339052674828196 7.0658734974400410 52.7845307729021087 -18.4528219117757253 -19.0581159230159436 41.8108171471478727 8.7516306581621350 1.2476104388895202 -4.6444747148630698 6.6811735013222133 -0.4882701040001358 -30.6545829297944614 -34.3503690746603851 16.7590041167383035 -19.0883860645274339 23.5055603346499851 3.6528302776936821 -22.3673062604342761 0.0282332051467831 -5.3044496951303923 -14.5997324288190580 27.8239630652664331 -7.8404825193945626 0.0383526364311759 -6.8478345244224963 10.2428773986434649 22.7706096427823610 -8.2842951671431333 -0.6345694290161628 12.9257672422019034 -12.1553135212541736 -1.6322158008917631 -0.8817999936782663 -14.0840919463437224 -0.1313050548780446 15.2847900978051090 -0.7063363453493197 -0.7931039195068195 11.8018061838470096 -27.4207925188531974 -13.9835567338162949 -18.2226886550458538 8.3854702260042391 14.6721862818812951 2.5358108818160763 -31.8988679703590599 -31.3775043452361864 30.7982761328159853 57.2585853352307339 24.0743928155561981
196.0000000000000000 0.0603160324600503 9.0000000000000000 6.0000000000000000 15.8234684246709634 -10.2097323175779255 -1.1552641814784776 -14.2807578205768628 -25.3931342022288469 5.0697490250992301 -1.6471576224746762 3.7663192259289069 27.4999405595391622 -8.0946590965424932 37.3648817803905899 -23.9752823404115816 -0.0041903975141683 1.1624669782512234 0.4725851103182479 3.8369757505275093 -40.1534625516347958 4.1856204089294895 11.2621669308059911 43.4634130703602253 -16.5103138365622684 -17.9622737035856268 43.7569129421960881 11.7688048633872953 -1.4795211669553898 -12.0652973280310967 3.7361743254651141 -0.1929885885955189 -29.3849441060250776 -42.2666993560322837 11.9735901953581951 -10.2285206579173682 25.6133997051020899 2.0925292410244829 -21.4182487304061624 4.4899764085535843 -1.6093976162913668 -11.9132021507512214 32.3327760133264235 -4.1619016447535016 2.8553306077979226 -10.8859594038410261 -0.2543611980259879 31.0442396125059545 -6.9838688452152953 -3.0455238451047162 17.9465770066134667 -15.9522891682369092 2.6881826287309059 -6.0172895049788435 -9.1354054092068928 1.0918227104469720 6.1355510913811724 8.1922403584923771 8.3261838220955084 11.9118829648918769 -26.5142078418097675 -11.8487787693292681 -16.5896832114772508 1.4999832146446428 16.0721525497601654 0.3565444092898566 -31.2442963886785101 -33.8481528672173582 25.3208828847326757 52.7312874059122976 25.8711014958220247
197.0000000000000000 0.1398217923145982 9.0000000000000000 6.0000000000000000 21.8808374995956534 -11.3756012342043746 1.7204490316906658 -15.1368638126722672 -26.4993672878712871 5.2316478340775090 0.5413986555764252 1.5179206064781530 32.9312665023173423 -4.0912150132245264 33.6221591483071762 -22.7271265063134074 3.0411909281109768 4.3386013793522178 -5.7646342432198505 -3.1998305909523892 -38.0622694123518883 11.0556524997965973 13.2910012277281915 42.0435128697839602 -22.3262978111040482 -8.5164179788902530 42.8881637995758567 14.8548772982514414 -2.1086634677668181 -13.2114692861459169 7.8787403595147278 0.2464428553608159 -31.0576302450425281 -39.5971730966986826 14.0957487719813965 -9.8122027382713419 24.7422367516017871 2.7094065212303882 -23.6217331993155923 -2.7455035331832613 -1.1651457553833175 -8.6437785895481127 34.0925190804880458 -7.8627541707188495 8.9412400206004499 -10.8247163167866525 0.5992073229704857 27.5788477104766017 -3.3655550073577318 -5.7839070362125033 16.4663527846415292 -17.7345015708950591 -2.3020678195176600 -6.1465412517343845 -10.8340366446557077 8.7110888796951436 13.1439324118070946 6.4780307749123951 4.1869811783786650 15.3293481345787761 -26.5350151785779147 -13.4164966720100178 -15.2663865918541912 3.4980715456273277 14.7084684042480038 -1.4855679245442102 -31.2399646945021878 -34.7645358913038436 32.8579299510959402 52.4699965097538552 25.4461138672531924
198.0000000000000000 0.0699496148262074 9.0000000000000000 6.0000000000000000 14.4218199688859841 -12.5181659546845712 1.6658203674445804 -11.9707052582961158 -25.7994341557915376 9.4260455893895525 -0.9033779143529791 0.5919145128752380 30.1378367873059219 -9.2104526257797357 38.6087680325611586 -25.7505392357370830 -1.1499023101165062 11.4793463192321177 -3.9232404070836306 -6.1117750046003367 -48.0923440991972626 5.1619098847990506 17.0138278959899338 46.6050225228968884 -19.4481544446329160 -14.1505148966563770 41.8356139108848595 16.8855068411419111 1.5954945566954226 -13.1064180276747138 1.8797611307728841 1.5154013264258883 -27.7520001479267080 -44.2173543495710959 12.6014765949382337 -8.9267825439816448 23.8052645497944155 3.3781555336665741 -27.5238512712208419 -4.7666947383344898 -3.0954081924250159 -10.1120403114677853 34.4802755778024732 -10.3428550488429654 5.7704411945345084 -10.8706715915080565 4.1430348014975902 31.9667654106159098 -12.8567961275316236 -4.0400822362302495 11.3794179483764459 -17.3803655911229811 -3.3780263926231253 -5.7215939664943329 -15.5638653119191375 7.8446739667523389 17.4661964224481849 -0.5783500224680380 6.6583549947029894 19.5428686242666316 -27.4237335263593778 -14.7418068133502107 -17.0229638544800039 5.8953279436733226 17.5783308562028253 2.5588227534588928 -27.8545424839703877 -37.9098400798673651 25.4638018753497803 61.7109429800750249 30.9492841719675376
199.0000000000000000 0.1400907245289613 9.0000000000000000 6.0000000000000000 17.3382795136025898 -9.1253741783559992 -1.3303986217201174 -7.5937076104004069 -20.0491165403038352 12.9854480386039235 -1.2758285595536920 -0.7797615657658067 33.7364898502008117 -14.7606339306431593 31.3163512108009385 -22.4668821272445598 -0.7361667544067072 9.4731585494728581 -3.7523169070743299 -6.9957117380681098 -46.0297864992257857 5.6520414429376116 12.3942905796445277 46.3030468528279400 -27.0661547056175742 -12.5682273940937854 44.7605295904258469 14.6563663374510007 2.2796770204185410 -12.5578081033592390 9.2813106783678698 1.0316174365918749 -33.5336273068966548 -42.9147450922171814 21.7460681975073093 -12.5850577376153279 23.2437956407260415 -0.2588768212095602 -19.9267731917813151 -7.7394359931538057 -5.6397657305750952 -12.1819586088092713 31.9867855644275707 -9.1108976400581714 5.8091096621533742 -11.7771594944295259 -0.2301766469645374 29.3430842233968683 -5.8416077344759572 0.8521724331834037 11.6252849270028076 -11.5720838712770533 -4.4978697753273158 -5.9552401276226838 -16.7558685824281923 7.0738011913819916 13.1796003383552751 5.9077219880290404 9.5476349010255230 11.9275571754177108 -27.2913759218302125 -14.8559548200619354 -16.6943049874646547 7.1943948332173413 11.5859934729060097 -2.7946021525208939 -30.1182856975449127 -35.6302221026357486 25.5279396188401719 53.1496922164728645 30.4262749727952659
200.0000000000000000 0.0728922880532803 9.0000000000000000 6.0000000000000000 20.6189707362158927 -9.1668205866469812 4.0649877050475904 -8.0856711315348662 -20.0976319932411940 5.3836807537728131 1.5290710764395670 -2.7165612423849841 31.1156548601902863 -12.3505703740704575 35.3885776973041644 -23.3574056993943948 3.2075322585512112 7.5890666571156213 -6.3572241374762903 -1.2422038137110714 -40.1487625492159879 -1.6881464674866882 10.5193167405286605 43.0444042517896222 -25.1316491805370106 -17.5375806835361310 40.2924403262329349 13.9901685227580721 3.0568341713782656 -8.6752205964314122 2.9851046504333922 4.0129708652550766 -27.1272877730008553 -37.4974408818709435 13.2116679986792587 -11.0368501767353209 24.3780629907331345 3.4285929810051456 -22.1927267180933612 -0.4218854690566975 -7.4934655212840049 -11.0574574900680656 28.0187152854976915 -10.9375031778973639 7.7411160926546358 -12.1869986447403100 -1.1979817812584381 26.1521108820881274 -7.2511618758262406 -4.1005112960170065 10.2458352270159256 -11.8369770731691499 -4.7689010132414325 -4.0215508881411530 -5.9822868413403816 9.6888241271749838 9.2390000698068917 0.3714400371372011 13.1989381879248988 5.0628175626081751 -26.9459798117718634 -16.2646172611354025 -15.2584093581767224 6.3018258926180142 10.9429386507844519 3.7274142357482667 -26.1530870779680775 -31.1577664086094543 25.9399442470732815 54.7537648665855201 25.2067693488697131
201.0000000000000000 0.0759283272717265 9.0000000000000000 6.0000000000000000 21.4477876309881168 -10.3715063256597908 5.3908729198139769 -14.1494510403161833 -24.1987280677179868 12.1931427336071287 2.2251522798829271 1.7978565316984008 32.0201230268067363 -14.7939048619917415 35.9742316970492055 -28.9960165868921464 1.9771678131739681 3.8296731493957061 0.9102475154543859 -1.7111650853743243 -48.9783933485370255 2.1952097794073571 16.9019420055541900 47.0358745613609841 -18.6455704376592735 -14.6888066652260623 46.0900017850059456 11.7164481319718199 2.0421564542012973 -13.9465875429066255 7.2485810692654935 -0.6988685602147777 -28.2650956366395398 -38.3263839769358157 18.6824211359243897 -13.8330192786850734 26.2967361701812692 4.2513846489404976 -20.8881538685244337 -4.7116234945210911 -5.8324843232957404 -8.1372489159789509 29.7678019682625497 -2.9964351461746510 2.2185555181882211 -10.9744009828003559 0.6794261934686590 33.9491477964346089 -7.0905240031388619 -6.0192108594159937 12.7069189357861791 -10.7428348129485727 -6.5859380485863248 -4.6398237711483459 -12.4963880610202711 8.0003478429606307 5.6899716832845577 0.2510287452197755 9.7458068067146844 15.6002099693987972 -29.5078980959417443 -13.2841770339939433 -17.0808776195710799 6.4073353649840428 12.8109738610315276 -3.1010787945993101 -30.2492145389848481 -33.8332099211680628 30.6542055255755805 55.1606077118107976 29.4531774239217903
202.0000000000000000 0.0563206892453906 9.0000000000000000 6.0000000000000000 16.4672131760135478 -13.8925211495434180 3.4354608755785776 -13.0475998952400793 -24.2156850653237612 13.0524114930338726 -1.4828697463312992 2.7295139011580982 34.3916381076566466 -8.2398090119089638 32.9490481503204080 -22.1740859191428292 6.5395537573586733 5.3924758530970447 -1.6740946604926807 -6.4955727620091182 -40.9411202527626656 3.8116245079987379 18.6625499268626811 46.8754088510599587 -19.9954953851282973 -16.9732777799157724 37.4154742656621409 15.2694604124839017 3.5681709137722306 -10.0101788495267972 3.0595452797299867 -2.6030943656353474 -31.6996221179064683 -41.1422565894262107 15.7110778876822597 -13.4169506863453343 21.1404576361528278 -0.1415159936210961 -27.3134930719354969 -5.0397339497954841 -3.7433781289592507 -7.2521511561648060 27.9497982442380106 -6.2582031938605187 0.6543263374012094 -13.1812302830079524 0.1067607853765233 22.9449114466264135 -9.9534424165747648 -5.8445685531698528 13.8751228016050252 -12.4565355788859939 -1.6259343487653650 -5.8331863822345396 -8.0821476748880698 12.8577897494451960 14.8574980948004711 4.9581072137301536 8.6361201977886708 9.6662346220481563 -29.4127308915106838 -11.3640820515635710 -11.7002286051973119 0.6460259326179925 14.9099694499801902 -0.4366832600598878 -30.9031600893760725 -32.0755790651621453 27.2628652276361976 54.8778869256743178 27.9819284988196557
203.0000000000000000 0.1388662078053761 9.0000000000000000 6.0000000000000000 12.1886036124068973 -8.1000945144608032 4.0275442735297009 -10.6214643380842890 -26.3030439498989743 9.6202821274874992 -1.4028743956275236 6.2645899325087129 33.1807978417112963 -13.1364925987596433 33.7505451527650706 -27.2889190775785764 -4.7092328590931540 6.0433689221828173 -3.8200431994734489 -4.8366618607030762 -46.1477940768148045 2.2093037308824051 7.9236955050145061 48.7767036578929947 -15.2375676325532350 -12.8603643614842635 40.7641696702838416 13.7664136576874228 7.1542418369342462 -14.7965828765280296 -0.1303865000216122 3.9514485651724272 -33.2378860090414747 -39.8315802444540807 8.5579935502939541 -10.4598969306638470 24.7608405782456984 3.1337499037871854 -18.3717725915205108 -5.6192791532296393 -4.1942792543386220 -11.8450218925010340 23.9726983350586451 -0.4605923744165770 4.1599519863899603 -11.3016557104698059 2.6453061544611249 23.7435077879030132 -6.6749744746273247 -2.3401835762022118 14.1478224252071758 -10.6849560691837269 -0.9482196283460507 -6.5933772816660277 -8.2038391926623433 7.8838858667840395 14.9419568706379309 1.3171039564719802 7.4719883098669513 11.3853077981598325 -27.2951444341240652 -10.5273959587219181 -19.0747200352083794 1.7564177934616718 22.4229743304499607 -2.1568798887363649 -30.0213564634531203 -38.7744520687421144 32.4779323243399105 55.7678335783703787 29.3366135186531878
204.0000000000000000 0.1396666346408123 9.0000000000000000 6.0000000000000000 22.7860087688157691 -16.4384383033878407 -0.0317216449652074 -15.5510747328191332 -25.7392957610451631 13.8075693932640604 -1.7826371427734271 3.8585926189728967 33.6185971967931607 -6.9643432546561108 29.5948036672412620 -24.6448640513564783 0.2972831405483689 10.0388028647294476 -6.8765467565831857 -0.0437783407056380 -37.0352341439423256 4.7681735530301639 13.9375457522387407 43.2578768618687377 -19.6994527821566017 -11.2245678311814565 38.7486230589077252 11.3138222857444415 0.9292018500298882 -12.1719506037703038 7.3640870312599311 2.9112658860740881 -31.8186834564310956 -38.3161568251895233 14.3359146268490036 -11.6983608317486905 20.0966703702612151 0.3488865616132020 -18.8740197460140315 0.4663065177058270 -6.1108095226399755 -2.4967423741568471 18.6284635588986447 -2.8564311811973875 8.5431958510856170 -12.4252073910821217 1.2475097876533894 29.3052567745485639 -6.1143392376719010 -6.5295258014764999 12.6873182604379018 -14.3092279755673140 -1.6958246054168438 -2.7817639096797455 -7.4079621912525191 8.9691169693802930 14.5317338937417802 -0.6674631643481139 8.0503440296631705 11.1895766428838925 -23.6687348285261479 -11.5427642037867315 -14.8976792459340714 1.7657028631975278 19.8856751401176872 -0.7634159013581501 -32.8210988578680158 -27.4885648937198361 32.0299212868003167 57.8717471704115951 26.3656395997884694
205.0000000000000000 0.1384779208220052 9.0000000000000000 6.0000000000000000 21.7915273867649262 -9.9345724400038389 6.6770934721195374 -8.5658628957901968 -27.3435259402275825 14.4467979544331726 -4.7275265282217278 3.8063686150813845 32.9784867142087634 -5.3707267881370857 36.6582052314643292 -25.6809310155167800 1.1609493798834545 9.0671490170244429 -8.2650248853852730 -6.9672334502732651 -42.8557214521550094 4.0451595489082459 22.6493577454287234 42.7987981148470240 -21.2824259389961306 -15.8649840888671907 38.8685730010965571 11.9439094601261324 0.3076782548365169 -13.1219639566922766 5.2037636998540115 1.6105674306608795 -24.5833613275792935 -42.8777830931886186 11.9479940407861953 -10.5626590332541994 26.3328772886060278 3.3840501504995943 -24.7430521336383507 -3.6342952827547208 -2.2297947069258521 -5.3843500273455653 28.2307975455205522 -3.5679697502121295 2.3600961584800473 -8.5560899132077992 2.5373608663286706 28.6132768458776106 -3.9515990848104074 1.4434585203729897 13.3159004741825946 -15.5936348934310551 -8.2515817528477893 -7.2957477698085631 -9.8684094431384075 8.3191670739314816 11.8239546427126463 3.4519151160068082 4.7476827936231576 7.1873113583625816 -24.7912268010735986 -18.7063334118582105 -14.5251575756623161 5.8582723073938094 12.2347521013204990 4.5263549541404942 -31.4900907022010799 -30.9267551492744062 29.0389839872870716 57.8168445880823896 29.0652610869390955
206.0000000000000000 0.0807063198677096 9.0000000000000000 6.0000000000000000 18.7756117518159016 -14.1208831496465663 -0.4244403381942599 -15.0596673346446313 -32.5481671442269871 10.8284418184314148 -4.7197420334200659 2.6599029606953613 33.7277440193857245 -8.0334179988261045 33.5463685276903831 -24.9097761926589172 0.5446320503378310 4.8091945430523531 -0.9839307206929915 -7.3297961489472607 -42.1506447996275071 2.9370332455415946 13.1913625935921246 45.6853575421688092 -21.5234897516703363 -18.6568040403936841 43.4124953419187278 15.2667441967365338 2.4634342851285620 -14.0828952899866842 3.6381540694554446 2.7038769144697179 -28.0657921360358493 -44.7912821453495980 11.3570834276325066 -13.4241662342207366 22.2784656386342519 -0.1707190706053971 -21.7774866148850244 -5.7984475537171649 -7.5389683431310246 -6.1786494144180555 25.7037060135014990 -6.2878559411595027 4.7428842058117748 -4.3224457513634249 3.2384589361746796 27.9178206308377810 -7.2866841572742143 -8.1224040346198958 17.1217263717967576 -15.5316152118122464 -8.1173019294718980 -7.4295570834302094 -11.0945402540587494 7.8833589263359345 7.9056415957902546 3.3639774658140587 11.2031493452140278 6.6208422452313282 -25.9284349925058493 -12.7688320275248977 -14.0568401842132467 5.0287490183409425 13.1601859183303986 3.7239959556758171 -33.1191278657257868 -32.1182231611459628 31.3947799496106192 60.9547086314744107 32.4217836165648308
207.0000000000000000 0.1402725425499542 9.0000000000000000 6.0000000000000000 20.3800805115794290 -10.5605040947073121 -5.6138166039524249 -6.5353003248414225 -24.2484511790439967 11.2859973486627823 -4.3446735826468359 -1.7195550119059799 34.3676786987197502 -11.1522847296897929 40.6258980401646994 -25.4478097726368482 -2.5145493784289474 8.2776858431607323 -8.4133798359749008 -8.0689423526005974 -40.0905985401792009 8.4491348906346424 12.0654749185930896 45.0488646930858039 -24.0103600895431946 -9.5548558072492042 45.5273602728221718 18.0451012681438065 5.4130086241187749 -9.2999972829239006 2.1817669010180505 0.8581191653732313 -28.5319588456482869 -34.4655949494877589 13.8066481703898933 -18.4783761240898059 24.2125147792041453 4.7079685863579552 -25.9881242772896286 -0.2834545245278459 -11.0198563915067425 -8.5235672671293763 24.3850849426623704 -13.6815319876792607 11.2129269536317118 -0.3729286767977351 6.0268699265667465 26.7410500010689987 -2.9018317725394089 -7.7939679706439637 12.8029696308750598 -13.7753073336654630 -4.9158469323653486 -3.1265778582661765 -14.8134337437841062 10.4884667382962622 8.6761059068283437 9.2923846684073261 8.2172123231434480 12.2201219312689187 -27.9937356477313095 -14.1919565452288658 -16.3667645039337621 3.3425062420319627 9.6529108376980339 2.1175444360740641 -36.8289977383993872 -34.8549242622620596 32.2756035855323162 60.9507752078100680 36.2533709377788469
208.0000000000000000 0.1389072388337371 9.0000000000000000 6.0000000000000000 13.8330353517347362 -4.0757263626281821 -3.9431861808377029 -13.0891640706756842 -24.5791069518148468 11.2122742106759716 -3.5407660885214050 1.7675804605246421 29.5813431870681178 -11.5915609075109920 32.5113098981847841 -25.2059190496195029 2.6314658012521384 6.1125442714374714 -8.0638832659175925 -6.3491201306757956 -41.8301827934673156 7.6485779316337457 13.4252769296057188 42.1517519334762341 -17.8599725618726879 -11.6187647688604372 43.2620173728217523 10.7368235412418471 -0.1418689708077352 -13.7508105036372452 2.8197530250153395 2.9902679701748047 -27.3991869556884424 -38.0840775926638742 11.5964872106987400 -10.1668882435063139 22.0790191435462049 1.3532683939467989 -21.4637134359416777 1.2371518537238386 -4.6225532240000726 -11.3240754491637841 26.1001335270545276 -8.2896142575477114 7.7642989973665006 -5.6614888907315164 0.3722667763141096 28.6890234500127974 -4.0447428038239792 -5.9273921203983804 13.5221145628935133 -18.6804879773394958 0.5771656410731145 -0.6569012101431095 -11.2666214266024713 13.3540104934474684 11.6054873704994943 4.4148066730919791 10.9948974294642507 8.3276764887678354 -24.6311976782259769 -15.2801040234094767 -15.4706547585630130 1.4137184378194398 16.1615633516209165 6.8779718493660731 -28.1839926114237223 -34.7980738493554398 28.4468575300407451 59.7438817441687107 31.9406360495489281
209.0000000000000000 0.1386454577890809 9.0000000000000000 6.0000000000000000 20.9884914771059847 -3.5830391129643209 -0.2082139916062504 -13.0566730666508910 -23.5912066024378220 13.1665637724213553 -7.2115503332899182 -0.2639294575488415 30.4551436587306767 -3.6626285685184667 39.2361324268408680 -30.5849209561343898 1.8373551962283692 9.9261466021795233 -10.3750844626912446 -10.0951786249160875 -43.7295754139907160 0.4635776978302664 16.0871609959578947 46.8421578619893353 -23.5629881801098868 -13.6775978982722961 37.4222763225416486 15.8740333393260276 -2.9129405138031208 -13.8345894516715209 4.4654981440098549 2.8625765539982151 -29.4292400375918533 -36.3013985396151213 13.9742265774397705 -8.9972810638357181 23.9318925722552329 0.3145629497937341 -25.6478504761326356 -3.7237161094930720 -6.3032537069960952 -3.6075433450543222 29.0579068022604901 -11.2410110708477973 7.8382259696363858 -1.8141498947516439 5.8568877415933907 28.8374306653990260 -3.9663284126018290 -7.8363806397006108 14.8147252613549743 -11.2992247471293474 -6.1408311415443766 -0.0943404766006601 -13.2619854914247952 5.0333873289846718 7.5820368825065465 -0.3822333527702160 5.0087670772072954 12.4118309801563989 -29.6167906538314369 -13.7495984563586049 -14.5592949462146279 3.3368688504645867 7.1396683658486193 3.8426716827972371 -37.2971126660307633 -34.4530685139655262 32.3673029364626856 59.7062250445515801 34.1053098837027306
210.0000000000000000 0.1384188729141206 9.0000000000000000 6.0000000000000000 20.1147885364315187 -5.6954515624231172 -2.0080154336941760 -11.5459720005733324 -28.4928937198735355 13.6065600943369809 3.0887527816783438 -4.4718449273645735 30.7025768242996442 -5.2409156871611433 36.3876658034069962 -31.1322672493266417 -2.6738933774154168 3.8265948533909619 -4.7064644654126759 -4.8155903793165544 -53.7178244958881876 4.5615247712329818 12.7574343303178050 43.2368822624667715 -23.8531072972040974 -14.1930488945530957 41.9111905298755545 13.1650098774884849 1.3838903132414122 -13.1435109647314530 2.5126850711561137 2.5441561465202387 -30.5861342715730729 -44.9655048506694826 12.8310247408902889 -13.7311028775926793 26.2238386996694466 6.2542234661938734 -21.2124750864846483 -2.5163623270254862 -5.7084782384505948 -7.2144458401324512 31.7643354895654646 -7.7610802775852710 5.1552339831612137 0.9604124626433475 6.2607183687674794 27.7238021321173989 -7.9407756346779443 -5.7227901100414762 16.4206456459181815 -11.4310841893517985 -0.6516988928805261 -4.0201715036995802 -8.5247737457735582 4.7404240200925720 11.5104050334799570 2.2358313492548976 4.8061284055968123 13.0814773475757509 -27.8507673819455839 -14.4742691664980505 -18.9986251747668717 4.7244361905268448 13.1308129878175546 0.7562941319003071 -34.7146917697850057 -33.1650628268538625 35.1200015217436103 61.2846973548397571 33.6360577445102606
211.0000000000000000 0.1386431787236298 9.0000000000000000 6.0000000000000000 17.2480068069858987 -9.4595469868513202 1.7578984254718428 -8.4736452915287543 -22.3574111231476493 13.7300105150534559 -6.9165363984375698 -1.2543673116622687 29.0942088742385536 -7.8624983844356739 38.2758071074486637 -28.6048794151518031 3.1193878478473742 5.2443190427720001 -5.7785588494996141 -7.1440843222631027 -49.6295808075639258 3.5965310980711953 15.0047498513194970 45.6548245724993507 -21.8082697212737422 -10.0834603813429879 43.2865553967738990 11.1825063357073731 -1.5919773694648596 -15.2161869633774405 4.1730001070315925 0.1185506216448833 -31.1712709612702064 -37.7707696349847168 13.9576920357630847 -7.7989156996467175 23.6854844425541131 2.9613455605779548 -23.3010790453631884 0.3129095259981716 -7.6690791017229847 -12.8320340979241081 29.0598959873845359 -9.1600641100645515 7.8424648760016176 -7.6777515582826581 9.1538977646469686 25.8812944812000296 -8.7186977748204608 -3.7618224847978832 9.8974465118633734 -13.3945005820796794 0.2405295756881321 -4.3468387301800222 -14.3286285305489862 10.9914279121423242 11.4706882460703490 1.8511082101036849 11.1965334186891319 11.6123208970445546 -22.1783451119948296 -17.5783460670547420 -18.6260836381342081 4.7519016422040208 14.1314742682490664 5.4906448768153728 -31.6762091831603350 -35.0294802050641252 31.1160377731353996 56.0951541405847038 34.3641311473323228
212.0000000000000000 0.1375743498534771 9.0000000000000000 6.0000000000000000 13.5242740464128772 -3.8164684586894904 0.7367652028882692 -14.0092485979684582 -24.8967369724149172 10.1113859330441134 -5.0206831168659356 4.1229574083800058 29.5301517571959771 -8.6791474781088365 34.3162119687012321 -28.7385549595509993 4.5339053685956321 7.8458840059875525 -5.4909143612658102 -9.6050205213171900 -48.3173148838757953 4.4779468273916203 16.3393749810675359 49.4187366826993681 -20.1156296659037537 -12.0576104302860596 49.3803972510568912 9.4115516087886668 -3.1095037895922117 -19.8396845619116284 2.4920608055433240 1.0629285839639473 -30.3915739664559652 -38.6444660390826371 14.1218963840106841 -11.1652031477848119 27.0062225615520148 2.5687725170056375 -20.6440332779674378 -5.1349221889999503 -5.2320111906668192 -11.9924933008086061 30.2983455260246224 -9.7981642167035758 7.3378798681521964 -4.8350040904546923 11.1812583316176308 26.3159322004702503 -9.5101130397809754 -2.8643840374025142 5.6411579759992101 -16.0179191731653674 4.2419539101288608 -1.7864257051298900 -13.2057060078024691 7.9703017618736034 6.5548704628228105 3.1417461916381448 3.3982225989847201 9.2612651545060860 -28.5958545552417718 -18.1764423371936346 -15.5395072275084729 7.4290602757440709 17.3320159871356552 5.2254268600967997 -33.8571628429866962 -30.6324829159843119 30.8126877520002651 56.0121051070652172 34.2291890485592205
213.0000000000000000 0.0730316780539076 9.0000000000000000 6.0000000000000000 17.4562958017310770 -10.7118096741403033 2.7891466531062852 -15.0117409026711073 -26.0545812017094427 11.9844876001030087 -5.2891647534057551 -2.3132697225634224 30.6486268739563457 -1.8673245389360034 36.0163248431023888 -29.1425467461490726 0.2689208954174394 10.4851003319563674 -8.3274308029164352 -10.2957604356720118 -51.0206041071561671 4.6182225068277925 15.5421703906213526 51.1789948968212869 -20.4932588780720089 -12.4887756267295842 45.9832767775850044 17.2769940678745542 -0.9936182319996255 -18.7152423590721710 5.4941312435338139 6.8654874205898793 -26.3621179250073965 -43.9268139876067778 17.1783683840273262 -11.5258515685327705 27.0330070619378695 1.9746315290449492 -21.7696233664183190 -5.0210031385912028 -7.5102721154716559 -7.8252917044360721 34.1501693955274988 -7.1810639510025602 11.4738297971163377 -3.1710594445184896 9.0986712406180779 27.6775830472955597 -7.9906497992739514 -4.1478426871290290 10.5622372736800756 -11.7481202133982325 0.5050624810769211 -8.7163894656693888 -13.0072870337559383 9.9265615803645275 13.0390373619595845 3.9251383517327856 9.4143667649612386 7.2948518312458903 -24.5325663145261039 -13.4988958319907582 -17.2905944397588556 5.9102983153153676 6.2802148414895331 7.9091252084565253 -33.1186130565775372 -34.4278953549877258 29.9162947519696729 54.3993309045283127 34.5357790311570412
214.0000000000000000 0.1387007207569143 9.0000000000000000 6.0000000000000000 15.5523980086720766 -14.6678290992439919 0.1743931994199310 -13.2807086766959141 -26.1035435669758016 12.3118467001475569 -6.9207690532337498 1.6077532498251248 33.8431623455679897 -5.1624798469837456 33.6368428108871953 -24.9930396490597353 2.4859001773937779 3.2941215418395866 -9.4511874252513248 -6.6721162289284734 -47.7391391369976859 4.8062707048931399 17.9312367644466519 48.1304739317030013 -26.5878181010884838 -17.8596732804567253 48.5075332749013057 11.5571047250848125 0.3710103100579952 -20.8193025394602316 2.0840344450685873 5.0745488175235671 -22.0475734523502283 -36.5234790016192079 23.4366065815392162 -7.5690779775322001 22.6109813271313200 0.5807347393031252 -19.8344203566681223 -5.1628285485888235 -5.7900482773879860 -7.5361954652920282 31.1448665168882037 -2.4709518900371372 9.6755075392783052 -4.0046743148816866 7.3844749209208738 26.9426958471988769 -4.8106025150949474 -4.5526635421704640 12.1033322421668981 -9.1453806078061302 -5.4545736536871976 -8.7269065361317377 -13.9102089430551299 9.4282574378916415 11.0659553973804137 4.0861190319694147 8.3231395329330251 11.4174556957365461 -25.1717930811728543 -14.4167597235536817 -17.7149410984903746 7.1105817115946550 5.8377827273403691 6.3128954938944002 -33.2145404157338646 -33.8985354408796979 28.4999859328805769 55.6602046181899368 31.0245188231718849
215.0000000000000000 0.0680823671438065 9.0000000000000000 6.0000000000000000 17.8052731896241774 -12.1916248444996338 2.2702689201394266 -14.4534438495943185 -23.1928435494571801 12.2941633488807014 -9.3429397587857945 0.9581828331250900 32.3207547812839238 -6.1236270542074651 37.8983499559606756 -27.2813521303364155 -2.4316476273025347 3.1018727470315333 -12.1888609742563858 -11.1869487779960064 -44.9948666424912744 5.0181721790110405 10.2990195530519344 48.2067898234192924 -25.5870504681898296 -20.4652914007772964 42.8551233766890931 13.6916139396367296 -1.4323348734538432 -18.6963046410585711 1.7767782859276637 0.3757474297639918 -20.3998582654321403 -36.5074404033548916 20.2966219932651057 -8.3202738429453014 25.5024039946325658 4.3622950152936024 -20.7060990880799807 0.3557455152217011 -6.9465834541046618 -10.5572359568107572 29.6576305125417932 -4.8155373910353942 6.1966664166144207 -4.9912709571075773 5.4498416936363183 26.5725879931720748 -9.3589451221524360 0.5503489400672121 16.2820561301370113 -16.6992065249949029 -1.4093109478264738 -4.7187530818607488 -12.1360300801924605 8.6382747745633601 5.8810473467912079 2.5201581351746150 9.1384140040512456 9.3793377795956481 -23.0968480464219041 -13.2619887710602029 -19.1512010864702411 7.6636090021463854 11.3994270666979229 7.0525515893807258 -32.5261054412463722 -31.1941146247932437 29.7998702547040715 53.0401192081077539 30.1754439796876177
216.0000000000000000 0.0625805528677185 9.0000000000000000 6.0000000000000000 22.0102629847867775 -13.7755710460623266 -0.1166325649595421 -15.2436902735499888 -27.9730465348184616 15.2894156734253190 -5.7643203972487482 10.2594060889720389 34.5182024916318895 -7.0541648280144313 37.2460374960152478 -30.1748732714316965 -2.3917374386921120 4.1978792126042581 -10.4056270787218832 -12.8229300825292079 -54.2043536843747731 9.1254667390261162 15.7064927744069429 51.8281193362880686 -25.1597109002171280 -11.5980360633223043 46.0939132035588344 11.0831440138038140 -1.0254637623348066 -19.3529337420379584 2.7410535993213787 3.2880179451309886 -25.9516298041292082 -39.2846191374689511 18.9736515615618835 -9.3417754549338596 24.7582204224170823 0.6534659692792546 -20.2987725281290317 -3.2573339753514938 -4.2956109756953493 -12.4532005095816416 33.5489510207177801 0.0515675103146589 5.2866981974060456 -0.0780751585530086 9.2128952553759262 30.3133730632473721 -10.2265513316757630 -3.4694802254451851 7.6994789888011503 -19.1487611277069725 -3.0879730575901903 -9.0552813320005718 -12.7309713707224272 8.2345103073624308 12.7164377260951067 8.0793942526648088 6.1823806849518306 11.8733890361008996 -24.3315961890244807 -17.6240909510981325 -20.0782683764088432 6.5167152373428188 11.7414861458387385 9.2556849928377964 -33.9156641043543559 -35.6869064076279443 29.0059141536995497 58.0725609114386145 36.8164247243140039
217.0000000000000000 0.1388366406854590 9.0000000000000000 6.0000000000000000 20.1364371754790952 -12.9118152101078820 -3.9025206578917566 -7.4821215243039525 -28.7612250417318975 10.8333531865811992 -1.9587726997698969 2.6695835112050839 33.5826395152888040 -9.0040281478812219 37.9997555082290717 -28.1900950998018622 -0.3928923948167458 1.2910940620833822 -7.9155096305378896 -8.6146161395837808 -48.6975995605037326 5.1236815632030455 18.8023186868194614 45.4279292015761129 -29.5744791525362203 -18.0352176899390173 48.0204810180467518 16.3905787649515418 3.6936366455076977 -21.3899246021804466 6.7233075445912949 4.8491735368203992 -25.3548809917246452 -35.5193248113588709 14.6170993891856504 -6.7118533949574264 22.6583910328671436 1.7439176862891808 -25.5300875521679060 2.5700523080625928 -8.1439812481491352 -6.4004284034785659 25.9528273873466517 -6.0320430787151995 7.1819432441979583 -3.6754088078724410 8.7730482399422041 25.4809637183595825 -10.5575143547854893 -5.1235831212365390 12.8222415370004175 -18.9881026948114737 -2.7936686797308794 -5.4497671334463531 -13.3421351470099712 8.4646731651092537 13.1287083888854816 2.4973005957693526 7.9988112849457345 7.1633183307729311 -26.3639662420831371 -13.1267913828092784 -17.6592624037068227 3.8926608661046314 11.3439927285752375 8.5400293639209401 -33.2051239274052961 -29.4714523597520923 26.0237542355471909 57.2923347324915042 36.9986551118609697
218.0000000000000000 0.1642478375593601 9.0000000000000000 6.0000000000000000 17.1160584586199747 -9.7375029128536053 0.8337994948712322 -14.0437273224586399 -28.3152814628191223 10.6206370974461546 -6.6839233447004069 4.3800508198133850 32.4276002253813118 -5.1556279876682751 37.2079346876133812 -28.4353119187529906 5.0844143775224140 7.3330961953509846 -5.4525218030095761 -10.5608309766970869 -43.9909237630566565 8.9849548780082067 15.3485875452185940 44.3542326661350614 -26.5141242159754249 -18.4136843870779714 44.1292920405607134 11.3754460443314773 0.6305134120651834 -17.3160139008469933 7.7970073903429462 1.3711557022601508 -27.1576967647748688 -36.5545596313284094 17.6120196749298223 -7.7120412176436064 21.2706457123886601 4.0194610429448687 -25.0929462186539389 0.8062597077636560 -10.1572760240725248 -3.6318679090006194 29.0412367640906233 -3.8557044468446819 3.5293273347850178 0.7873864796203588 5.4630212234424000 30.8836429029268587 -10.0791509603950598 -6.6278904151889098 8.8169372466795011 -22.1712752923944123 -3.2569326514904366 -7.6296146110012071 -12.6110715772807591 7.2268565990580491 10.1961936322409077 1.9265769408872901 2.8208630352821782 10.4142445130563281 -29.9180940605323258 -15.0231993272755027 -15.9838438592808512 4.0182711731202474 19.1680145987122366 8.1494051506783816 -33.2289171680126216 -33.2267551379477339 30.4841195872676387 58.9462314676449637 32.4806608937469505
219.0000000000000000 0.1384309905313859 9.0000000000000000 6.0000000000000000 17.9493879618698173 -7.9671252584882923 -0.0542440638728914 -11.7466702815940458 -31.0705497169140052 10.5870303772552941 -8.0019969196682990 4.1538977360598643 38.5517345862344811 -6.6035534187795211 41.5423171480918612 -30.3829133444790926 -2.0377180155777737 5.3688851843905629 -9.3581536151053797 -14.4071330002662990 -47.8280031451967957 5.6598344494504795 10.5094175366373257 40.7502643869783796 -32.4317224230903278 -16.5650414799966690 46.7172321063661755 11.2979750566432244 3.6196575265441422 -16.3494387072165708 3.8166158513796060 7.2235008129270089 -25.8567655643706438 -35.5359122284984181 21.5596256025395938 -5.4569597400172078 23.0984835266640367 3.3565131404655046 -20.8188511270160639 -5.3154847190427477 -7.7404336615174918 -12.0722593155877949 29.3066266176410721 -5.2026300122169715 6.0239848039418495 2.1905350407801167 7.5685577858929118 28.0756447948143020 -17.6472741938908300 -6.7718015051498943 8.4590782304410617 -18.2419717619801673 -4.8762844350671797 -9.1484917329883384 -13.3225455282128422 5.4782247546536400 9.6756077391409772 6.8459289191720725 4.9461423833933242 5.6824861546623291 -21.7513288661630924 -17.6977271603343489 -22.1929648276870495 9.8030828274870387 13.8083043711955504 7.8225748765014709 -31.4613521702014545 -35.5878359799861030 32.7004732130339377 59.1800022670063584 33.3836603184036491
220.0000000000000000 0.1390663832610150 9.0000000000000000 6.0000000000000000 15.2700294848875231 -5.9614702260244457 -1.2242677663950059 -10.2769745022028722 -26.5275256506404737 14.1398224302581763 -7.6115693186456230 -1.1318916648517541 36.3647863732197507 -9.0472909220135751 38.2189062565067843 -31.2212525553824420 1.0788770403248757 -2.4397936667503339 -14.2069743565980993 -16.2543412171534953 -44.6434176627080674 3.5527884926397895 15.4346202715739267 43.1125790213597426 -28.3503411225019164 -23.3394622447428510 40.3630625323117371 13.8313164537613957 6.9154364888282061 -20.4549860672191919 4.1608120946864222 -1.2555881384857606 -26.8407444967957645 -39.0341897418158013 13.5363092842443749 -7.1199833883680794 20.3145551868385930 -1.2047378209703954 -22.4712100246305155 -5.4672048841137961 -4.2489167552682243 -8.0832430621725138 27.2979083871489294 2.3145253364993987 8.0835789093188151 0.4014284501876171 7.4970960180094623 28.4116396183441964 -8.6824212670520033 -2.1304099109435910 8.7147942273229386 -16.9205036854339887 -1.6185403619098668 -7.7406598210155453 -6.4089522107395958 6.5898697665335533 9.4609027717166327 8.2457443671564228 4.2074269122582235 7.2198231525490373 -24.2315938947193459 -11.4748623295297350 -16.5476217871340623 11.4519750524453006 12.7351336241531676 9.1899097645912775 -33.1531360401378237 -33.3324353260692376 30.3497570379284802 57.1709984402076401 35.3707945971275066
221.0000000000000000 0.1380676505306070 9.0000000000000000 6.0000000000000000 13.9612997658855740 -10.0560970196271473 -2.5692167161354131 -14.9679398581512721 -29.4625338879891387 9.8825482737834793 -10.1115051764551112 -1.7916880608375747 35.4579791739618813 -8.8662543870543082 38.8906456594766183 -27.9644497217906256 -0.7403994152410186 4.2622300205626678 -12.9457481272470414 -19.4096000978732448 -47.8137336692824633 -1.0924169024053101 13.3588763560890289 43.8514426745207402 -26.3916849877469382 -16.4461192716149469 45.1790093783220215 15.2076192406774826 2.4428833317163727 -21.7210608369328284 2.3026006422395486 -1.1398294712812538 -25.4400381609963304 -41.4571320601006832 19.2945531946939184 -5.8791185858600219 26.4050787008661381 4.0275074556464414 -21.8585632248522828 -6.4045506871357638 -6.7282489181221390 -9.1650726462408585 29.2537862999396019 -2.1651509879673636 7.1668648251551970 0.3965630303770451 4.4458150379979102 29.0544400209121321 -15.7242017677832369 -6.4914862221282030 3.3065704285610478 -16.2959923193836751 -1.0601616439243071 -5.6525296217980960 -10.2416891211074734 3.1915539489403746 9.5229146506726643 8.0129451885953031 8.0155408140805253 10.0219665757276619 -19.9862408873585657 -11.1559459581877203 -18.6539381497991066 5.5222018735231364 10.4790747920780198 7.1750068831000178 -29.8796115732025385 -33.4083904941161833 27.5649490439622831 56.0667585504572372 39.0765357922473129
222.0000000000000000 0.0687056294332767 9.0000000000000000 6.0000000000000000 12.7597091000890703 -9.6436973697650821 -1.6231691539625639 -13.9167347994807322 -29.2314699948542227 14.2039041638519450 -8.3564741890690790 0.8961447379467068 35.8750717702247570 -15.1889358438601061 42.1763682120553440 -29.2956998092048586 -0.4024832340193410 3.5289957845034650 -9.7204489707971540 -18.8615161162016776 -50.1797407130266890 0.9818751490738171 15.6682162664590585 47.0085449453709785 -25.5586771815424250 -16.2583451429116224 41.3760520790257189 16.0437394477039632 -0.3492672402740513 -25.1671353743826991 5.8176806778889505 0.6426059509208573 -24.7388962534349872 -39.1014418190052240 23.1972887062246329 -7.4651012266140340 22.8428351114224029 5.0262823848584954 -23.8175750375947679 -7.7257265360589056 -7.0487710278677325 -5.4683384280796687 32.3246645841465323 3.3584922961661796 3.7436332629876077 -1.3492465909720546 1.6306872809657200 26.5444883614300515 -13.1327927610470940 -5.8115695762230075 11.4457722314007508 -19.3075747926899979 2.5070139884686578 -5.2290166973068981 -13.1458794775014276 8.2638619281087031 5.7098610673243915 9.9309271466406326 11.9920758658100013 4.6991639242272294 -18.3414891936880764 -11.3365272045665897 -19.2984720525629534 10.8129456257061527 12.3817844482285331 7.6222556770704424 -31.6857126287244206 -39.5991853416127739 24.7468942175590314 58.9779061959448683 33.3413327493019054
223.0000000000000000 0.1387225951312235 9.0000000000000000 6.0000000000000000 15.0139320253088080 -9.9736405266668946 -2.5501923230693251 -15.6274393183902767 -25.3639076650523094 12.2773763168720098 -10.1151882309835734 -0.2895194058949371 35.1016923493178652 -14.7242025414575490 43.0405559054968094 -32.2572761651892108 -0.0234346473686566 4.9421893844334210 -12.8601785992071154 -16.6250184335749722 -49.2798798084906480 2.2386283893960153 17.9670102743361291 49.9744880463491867 -32.7322406581889709 -18.8211578201801899 46.3235694856185418 16.6059302229475954 2.7404787344202588 -20.2733614947627530 6.3033662332727181 -1.2570095212388415 -24.6187013117808782 -32.4049009725272583 16.2791849628581318 -4.7612872212653752 18.0840827114014608 -3.5202174196326150 -26.1988320980084346 -5.1667053297187504 -6.0842462011637215 -8.6866254250614681 25.6824805729970898 -0.2959779885717340 4.3762585485135546 3.3338154348826907 3.7449765887202560 28.9647203587282327 -10.7317136396483690 -7.0499743806959660 11.4638227212661281 -23.0216442211663193 1.1720775812053599 -5.1212380112138796 -9.5922822139958779 7.8200487716270697 9.1428502517709802 13.9869813156788183 14.5235007814121229 8.5571378307304080 -20.2991614200619459 -16.5350488925303019 -18.8807920253680166 7.6837397596960741 13.0626427156272360 8.6610096768100764 -35.1495914451409561 -39.8004854004401594 29.4240581948541120 56.3423373123358502 40.3899893769037135
224.0000000000000000 0.0697249819729367 9.0000000000000000 6.0000000000000000 14.1941191110690639 -10.8254874615702636 1.1871958577335349 -15.5490507477592210 -27.0353056538026841 7.1267022220748544 -13.3041964708747624 -0.3809894905587531 34.1623429649687580 -13.3401317506273944 36.6486079240684930 -26.9688483160081454 -4.3412871119450580 5.3513315624514766 -8.3608965721883752 -18.8032981529502727 -41.3195533364602170 6.6572258714426749 13.5713772397262122 45.7950412899715289 -25.8733579737312702 -10.9566553736516532 45.0004371088025152 12.5074944370320456 -1.3975289664520290 -10.3291710583136780 5.4886359054708862 -1.8516286502895998 -24.7606030134384199 -37.6289547692752748 16.5437119154453853 -6.7319414414755503 15.8811571030767258 1.3948859149401578 -24.4903526878804776 -4.5731948693215632 -5.6432402638842909 -2.5736026679997153 24.7699973508024236 -0.4603702967255667 4.7596143205405861 2.1672745939881617 -1.1406650053957632 27.4246923777276237 -18.2017617005567232 -6.3468295616609742 8.1491663373226224 -18.1138089790319903 2.2980980705656502 -7.8752221921588994 -4.0956888654815984 7.5143533389735078 5.8736086974561488 3.6544573374901486 5.2610603599235244 2.2540898719257756 -17.0907282777057823 -18.7303719101699855 -13.1135309169915217 7.8323220922715633 10.5595176015424332 5.5938632065366818 -27.0357334464008758 -36.9349486744102293 25.1843038765061173 56.5655576797830904 34.1736254824669246
225.0000000000000000 0.1403876225816102 9.0000000000000000 6.0000000000000000 8.8795080927008563 -10.6081839840461711 -1.1595064301732259 -13.5594300345420500 -29.2162975987121882 7.1662694155612723 -10.5120218256022770 -2.2280996507597761 35.7150290989248944 -11.4726608329011981 35.8095375991093405 -27.1655598880377873 -5.3550186990480473 6.1444267813606404 -11.9071479117974537 -14.6004580054094451 -40.2703578766361474 1.7934483236712777 18.2905137755002798 46.0200145917392618 -22.0816630250633956 -20.9806050105989286 46.2144522029400306 13.9336427884746588 -1.3636714584840792 -15.6873576462844930 7.2676759844076164 -0.7067595810826067 -22.7538555522555725 -38.6592574047560973 18.3938029822828248 -6.5102846463214759 21.2299964869082771 -0.2706073641272897 -20.2490788698946389 -5.8489296496215690 -8.2227087487804251 -5.0895863831548143 24.8136929061007301 3.8621713929286887 -0.7422611824699854 2.4237096377687264 3.2852927044876381 23.9549304377295691 -9.1307667121913454 -5.0512994064532890 8.6725881286156401 -21.5974844642657793 0.0264092680660884 -8.0570301528976760 -15.1597617279325245 2.2005790385019401 3.0389488352664653 11.0778759442721810 8.2840953751659026 5.0531101779919716 -18.5388562983888683 -17.1405474000418607 -15.2683889443111873 8.7652470912429639 9.1095540464028701 7.7253352356829517 -35.3163683757219502 -35.2838047529753069 26.2331170960468896 51.3176695915765535 32.0154265059671062
226.0000000000000000 0.1381297912509753 9.0000000000000000 6.0000000000000000 12.7517497498252972 -8.8279793731565981 -3.3553254837899900 -10.9999043368506300 -28.8153522594064633 12.0363941244775603 -18.9741960921786408 -2.6949861506277504 40.1369719587877114 -10.3420051559987130 43.2584019140875569 -26.7067922514451297 1.8734697125249675 2.7821022378975697 -19.5162564206856182 -23.1970449512408869 -44.9894833000859364 0.0004946323773811 19.2503811509942793 41.3170722320292967 -25.5748660818774916 -21.0868621939408847 43.0636340007366414 11.3737785759412446 0.0603784818209909 -18.1356458095420621 6.7006264729337293 -0.7463166280509668 -24.7249623604473676 -34.7977762688916030 18.2260038902556829 -13.9245507892269131 20.1681796211083402 1.1596596310058547 -26.5184120851351395 -4.6829134882989933 -5.4405044180985866 -2.6782179534574277 22.3275085477937125 3.8570580842716655 5.9530723764945552 0.2948215304349733 4.3295024782603608 25.8995690950703121 -13.7098308076804845 -2.3241493599977612 11.9349569907489919 -19.0754059217671390 -3.1010748097524603 -6.8512409873433393 -10.7232880513007505 2.6227052922044094 7.1483203025590614 7.2237977997030871 6.2813919340033557 6.2582798577531493 -20.4490420079377238 -13.8975232520939294 -19.2510277786339721 10.0219594387586106 10.2950255723867681 11.6452672576755560 -34.4861689678974486 -36.1593933695212399 28.8167255345034263 55.2978200910699584 31.9365193509126044
227.0000000000000000 0.0713560735629812 9.0000000000000000 6.0000000000000000 11.9703838566587013 -7.3472486672486523 0.0184588224783986 -10.6686740694914075 -32.4655685073375864 10.0128792489161729 -9.6389408169123634 0.0810248334495405 40.1366330079150799 -10.6634100379790429 39.0697781511599231 -25.9140165885112665 -4.0552330613649721 6.7243616816779950 -18.2116592395702313 -21.1465611081095943 -41.2372787083577563 -0.8864393819556876 19.8823051837758946 44.8635689185831481 -32.5034890528119078 -16.0866543731959339 46.5302677022831048 17.8632668715778138 -4.4286041991029403 -22.6747200030007825 6.8618219122877209 -1.4145975993342059 -29.9981735285200806 -37.2505779267132553 23.4026458047977535 -6.3101401857366852 18.3188228709042669 -4.8123423534326362 -22.8366430333623107 -2.9241359780151317 -16.9452989172492821 -1.4914267558749026 24.2858471497222155 7.9876497931836727 2.4607424074531874 0.8228246810312381 0.5649346280990372 27.5652609905516357 -12.8943993766905489 -1.7538326654812013 12.2496098654529035 -19.5282302781571531 -0.0322616177681594 -7.8887985023465728 -10.1428597790346320 8.3645603090055545 6.8070870552752156 16.2885296162655493 6.9672507418976952 9.4269882443431641 -20.9727232556966499 -15.3479832861671674 -18.7304725253909155 8.8888569094771377 1.9642834844222605 5.9837057736828854 -39.2569691372324030 -35.7886387063644804 27.7351917228805327 52.9531405913501558 36.3132064044224236
228.0000000000000000 0.1638040379857218 9.0000000000000000 6.0000000000000000 9.9687651417936589 -10.2498690267576134 3.2354196104370749 -15.4207797903691066 -25.7132457022959997 11.4556309877606513 -13.7937809902337545 -1.1415404827973450 42.8222387171918228 -18.1910033331724037 41.9510925118521314 -27.3942295004539673 -3.2258476953771926 -2.6762040923425445 -9.8588365405688272 -20.4538601917218053 -41.6868139728787739 5.3020914739268061 16.1775428526825067 46.1337845289504571 -30.7435655945188522 -14.8284085257300813 47.7331925645406372 14.7845929729462000 2.3950112915156656 -19.7067272522942218 1.8487452009803018 5.4667476969782003 -21.5843321721030001 -43.4964524343506866 25.7430972569639209 -12.8372965244666055 23.5092029278485128 -0.5933831043586719 -23.2853010342522779 -2.2477527529868260 -8.6558481568772407 -6.0150554294952254 22.1177359934739357 11.8680562406857000 1.8781336806929103 7.8178745655535007 0.4176185133797803 31.4188186294112768 -18.7543460880876971 0.5023026255201684 10.3093499536123492 -21.9057368487812525 -4.2879529388568161 -4.5590747192193612 -9.5883133366928970 2.7158692496319663 5.0190748853721052 14.4324367708876053 6.2967910095676141 8.2628634604791316 -16.0403457782735188 -15.1312178105979633 -19.4665009373482754 5.6431314575898224 4.7583528793017518 5.2077519515347301 -37.0407443114973773 -36.2978245026655770 27.5790738906393749 57.2026538946568337 35.5255380818754247
229.0000000000000000 0.1639214464491698 9.0000000000000000 6.0000000000000000 5.5491843752402481 -13.7479975078525314 -2.5884836319925899 -15.6756594484869289 -26.6199314586467821 2.8374097030603771 -14.7310913966784387 -1.5060512098203835 43.0708653184761729 -14.6455167281219047 42.3982729684641413 -30.7785526963379255 3.1471099271566843 5.7816510218793749 -13.6767110164191550 -19.1196580086438068 -41.9478747559152723 1.7153381677216704 17.2972803705565994 42.9503274993181918 -27.9527103781757198 -22.5347854138914130 42.9890297565910799 12.4543989964682584 1.7232159889217988 -20.7217064347678992 9.4943330796833045 0.7892198695463981 -24.2403433232896788 -45.0770826784992167 24.4014780608783575 -9.5961892042112069 20.4585492636896404 -3.1796342071214569 -23.4226673597147261 -3.8982848220386952 -9.5539433541479859 -4.6244677160041601 28.7341255255544041 1.3709805978007470 -0.0741300641309355 2.8198272293619162 1.6172278726076386 27.1365509806509628 -13.3561804176300249 -4.1440187742453070 8.7227641246960577 -23.4752697087698365 -3.6224535894605507 -1.2638240895957056 -12.0024009971067862 2.0860558826928273 7.7657089824118213 7.4931055540717200 3.6025364117122645 0.4375621020909515 -27.6829052884692928 -16.2177809069682333 -19.6493571333020363 7.7970462403957583 5.0629566052286901 8.2134020963937182 -33.2328413130262845 -40.8587046022634937 31.1352611850166490 59.9211982160763199 29.7959246506730260
230.0000000000000000 0.1385238375722606 9.0000000000000000 6.0000000000000000 2.6239196919386458 -5.6608511992778556 -1.7934750712355136 -12.7780814930092905 -30.5241302456545895 15.2589035547767828 -21.4559898517882282 3.8976054155425510 37.0714809603504563 -12.3527935829653206 43.9467483497981490 -28.2250163270249139 2.6793708423008815 5.3321541560372552 -18.6346078843832359 -17.7856188254558631 -43.6730577267480200 -1.6195109076727954 16.0048524807685411 48.0609152200524363 -26.2312721812964504 -17.3668463004851361 47.6040935429083234 14.4995060841768613 1.2520869756604935 -23.9986816601958992 7.4492166835260640 1.7244015884887727 -23.2279811273426802 -43.5402085584476879 25.5918222815735632 -3.9092914391443023 18.8753754536231000 -2.2909472955645986 -23.1190708386217949 -5.2144934422103173 -8.8533643456737785 -4.5496119057318385 29.8386774520172651 8.9354941520181139 3.8259025577035528 -0.5906557596803270 5.8941412685095695 22.2231024351908246 -11.8470054618993217 -4.5259694908861725 6.2687641770026321 -28.3827272719689212 -3.3485098380750089 -2.8393621015898960 -9.0453356736681201 1.5519823640870969 3.1608481115475366 15.6119653614097107 5.4979911051428711 2.7687815778081339 -21.6683083808991874 -19.7872817596123696 -20.6839122549373897 10.7580573294482846 5.0763308656038006 8.3420167981235078 -32.5731520106239074 -41.0399788643626238 25.3517044080961291 51.3950251863574366 36.8223791338296849
231.0000000000000000 0.1390792521609077 9.0000000000000000 6.0000000000000000 6.7444636995276088 -6.0818867082352419 4.8819806143664612 -21.7746505101894634 -28.2954913146251599 7.6649011407538374 -15.5541307399103594 -2.7882165429894572 37.2878180169771056 -9.4753372523275381 39.5654385058075988 -27.2044379633027518 2.4563075244920358 1.8844162417323038 -8.2536779509597018 -15.9434148731795808 -37.4472954837581256 4.0377069414334352 15.9496380918405922 41.8296920701010322 -25.3355460635939131 -21.6899627223617877 46.4852254558264448 16.5089211548812997 2.3255092128846071 -15.5742373441256632 4.8853746731412162 -0.2016919863698734 -26.5829559883125981 -41.1249867317082760 23.4193120746986772 -5.0272336978274765 15.6863326698055054 3.0319411239857201 -23.2027920500829836 -3.2817460178726283 -6.6554944456314855 -4.2734341166336502 26.5671477628196868 6.7197251274693492 9.9039935296646533 -6.7224852991414279 2.2464051021510145 28.0152623478704115 -9.9056835528614151 -6.8852325337784901 7.9926932114738651 -20.6173756359382132 -1.7101215429446726 -0.3660076740055374 -13.1014261660219660 6.3747102247955549 5.0524305439529851 14.1682718329989754 5.9922089474326894 4.1656978936248148 -26.0200355816802151 -17.3489581239150681 -16.2954852048995491 10.6583396420448047 2.5563337990788160 5.6687725945222809 -31.6837412424719602 -37.9945346803484938 25.4830304427838250 48.4987101036493513 27.6027497764475456
232.0000000000000000 0.0696493614301124 9.0000000000000000 6.0000000000000000 12.1017083735877726 -8.8138530570843923 -5.7429834118841212 -14.5149530733010046 -27.9129584742986729 5.0002192359054440 -16.3495903619461842 -0.9363032532529052 39.9521846729578129 -11.1040762742264558 43.5045988237188510 -23.7438931106144757 -2.1373606835272443 1.4852474259083839 -16.1574064449640176 -16.2773801783525407 -45.2251991598142240 5.4380698929264586 18.2633901081234313 43.8932451477910774 -31.6979524638054500 -14.1826408132830952 45.8347452346080644 17.6372989032391594 -3.1714158756761064 -20.8403246554256185 5.4994543603709962 0.9509748269425966 -22.8366463710627663 -46.3420235853959568 23.3126002879334706 -9.9200985333819034 16.5537110266919143 -2.7129681569442994 -24.9603396201867191 -3.2489171177292615 -10.2643161294356613 0.2577673916716607 18.8753572849187456 9.3088311047520964 11.3516842271042471 -3.3244875678395873 7.5502583263218703 27.5010485225827708 -16.2911641635663749 -6.7183284804889229 3.9129214865802582 -25.6183525464699109 -1.9733326662069788 -2.4857027383303190 -7.2890029840280643 0.1365633524244410 2.6166354210929623 10.9314865606754186 7.9367394135402733 -1.4890885531844358 -24.4027260208090411 -12.4144536193238189 -21.7675174528693347 5.8368260925397975 4.8131960744857318 5.6409970539008016 -32.5271023215727553 -37.4580046436261824 24.3974297227484236 53.2467016872184331 34.6003502031546049
233.0000000000000000 0.1383594402322324 9.0000000000000000 6.0000000000000000 9.8316824103190292 -9.4363526172456442 1.2108573924253936 -13.9011631413142087 -37.7042762990576890 6.1899252052804936 -13.2302501766952609 -2.0895965380939128 35.1268778925406764 -6.8466414493960182 41.2906377252257002 -32.2340797442154567 2.2506060776857879 1.2580089530668057 -16.8261133324337173 -20.1733667183281042 -42.7326182316525305 1.2045954688881375 22.0943298650028552 42.9224214245523754 -29.6296864355289458 -17.3919943605121965 49.3299627817770840 17.6955619616786777 1.2114490271152114 -25.2551914853383508 8.0203296748505615 2.5877054437301101 -17.2474186528261129 -42.2040141657648888 21.0985595188350921 -8.5687554262683143 18.7121530032165282 0.4867106632034625 -22.0011754768940939 -7.9775526464882942 -7.2585294549285662 2.5736074342688964 27.6154914900476953 6.4349867661366735 8.0244811557710420 -2.4241643996314002 5.8378761579149137 24.5724961704541371 -15.7754019568305122 -3.8595527154111666 0.0034190705620132 -25.1270808297319448 -2.5427680219415612 1.3337618038428047 -8.6958526450205209 3.0302719833105938 5.3438083626472741 6.3418281388429838 2.5576767224555916 8.4053811646827956 -23.0306635069896650 -14.4663518739019050 -21.7096363780036015 7.8942574830897643 3.7091925553493326 9.5226832615090888 -34.6014687889703012 -39.0674324696013429 23.1034910288730018 60.3008173128879150 36.7210151229597699
234.0000000000000000 0.0653470748677486 9.0000000000000000 6.0000000000000000 5.3577296980355147 -16.5951795073161747 3.0011059000763436 -14.8356396530607011 -25.8293215921313752 7.3272504169854304 -13.3191805834255117 2.1806258487405965 38.6356128632973679 -5.8693263825609971 43.3111799255524446 -31.9306896764417836 1.3410319710577365 -0.3491058535981431 -24.6793329834011743 -16.6329481293084882 -43.9986906630393975 5.1967768955722509 14.7142800152057429 44.7459192863081583 -25.3177464178831642 -15.2190509667957397 47.9195011550923837 16.2253036349394222 0.4658234258859599 -21.4095261343656560 5.8030040632488600 1.3516332882303850 -21.2427101766972513 -50.4129945197228508 19.5346220304682134 -3.8600394141105348 18.1934562617988504 -2.7025498919084248 -21.4687053877938503 -7.5882470044748382 -7.5221560223558139 -7.8399044328049996 25.2252724255804317 -1.9952390760263974 11.1068328161950021 -4.7734247510277434 0.5223816294066910 31.6702133204158400 -14.3554125362565266 -5.2992606041219235 10.3668066700589669 -22.4147896309209500 -3.2241532256859475 -3.0027268224708168 -7.8650763357550781 2.8719664170260746 -0.9192359143807849 8.7375942917291773 7.3596653178234801 4.4374449446396813 -25.5475347699689195 -14.2971416198271033 -20.6750677977899748 7.1918536352068472 9.8244589542035605 7.0260258043473813 -32.9324566255859068 -32.3846685381796959 29.0673043405105034 52.4290519168679836 32.8588826477782874
235.0000000000000000 0.0716190179733081 9.0000000000000000 6.0000000000000000 6.6616593662403316 -12.2619272296356847 3.3616046088462102 -8.5028218929214958 -30.6132286533682532 6.3012653770326503 -13.2425894747574446 0.9020592171814410 38.3000866556034723 -9.2735551924797690 43.0807110474306825 -28.6448643585851670 1.8231030427121726 -0.8783973519937924 -14.9001464806599984 -13.3737540606695529 -38.9684373792262804 2.3025270866753935 16.4462280923665567 42.8131077761266425 -33.4921946242944912 -19.4421762843344652 46.6471028537713295 20.5948821217546296 -6.8702265815240526 -15.9741183883042623 2.8025424620561314 4.4765267277260268 -21.9136090910006480 -45.7624787445422783 24.3757363777431380 -5.0538480465684206 17.0120646502058079 -2.0929307233607490 -20.4972441762406703 -8.3485553731608100 -8.9602480853168096 -4.5153697431788231 27.9177530726837411 4.1449059371363681 9.1377387520938615 -5.6045762555973759 3.3433095491740019 31.6204939377961836 -11.3921828482004575 -7.3669311637953854 5.3381287839745557 -22.9871759903538937 -1.9207530253578722 0.4515139581568786 -6.1978698902793985 2.9582215084411247 0.9395606697692136 4.2773551107847707 8.5067080126059249 5.4117817533976158 -21.8943289996938333 -14.3499361310080982 -21.9059213391446299 10.2283228572738594 12.3385694037337430 8.4598647222564161 -34.6340602407346339 -35.0443188218761250 27.6883143807260694 56.1492212138864133 37.7238150932392031
236.0000000000000000 0.0604309059352666 9.0000000000000000 6.0000000000000000 2.4368129394757965 -10.1735143213223331 4.7180223897985440 -8.6088051490116122 -30.0535873496367358 8.7163133148661274 -17.6596265134680976 1.0960439619285363 34.3315324409871820 -14.9445142416470524 39.0131428728464726 -26.9964172589065896 1.2069007120144915 2.7906262843411525 -19.1202785255171719 -15.3904824873787689 -43.4737573832644415 2.9535954905768991 12.4325148956017451 43.3235290708921426 -31.5592467632912665 -9.6873208316173738 47.9271282043448181 24.5605384052938547 0.7924689284757793 -19.1645918438423308 5.5026273241546084 3.1016779620035515 -26.1299201502965417 -43.4036497081849149 21.5321000247765220 -6.8240355924365996 25.4540347412266925 1.2741311684791232 -20.2091043272455657 -0.3644082507886326 -4.5762325315672241 -5.1481156117910567 19.8111672377173029 0.6914641120255403 10.9269861660532754 -2.0915493833193728 2.9842237658829651 26.4819141052397669 -12.4129353337093029 -2.6891391880386086 8.3734946950990654 -22.9400310087455459 -4.1463893711822983 1.7629885289200020 -9.7530724662658166 3.6964420062012890 4.8055537345304495 11.8247287958009828 5.5134272760619876 3.4549846059920251 -24.7269969307279496 -15.4011296288058031 -20.1046763368023811 7.4258257687907694 7.8978870877691136 5.8309978098263802 -30.1803883052793189 -38.7650351141648386 24.5174003465364265 53.1987001031226541 30.5758043350793614
237.0000000000000000 0.0627809545041211 9.0000000000000000 6.0000000000000000 9.4020157278740939 -11.5107186434459425 -2.1126232443283448 -18.4396177306766766 -29.9545562583281395 4.6277772499657495 -12.5867122475371858 2.6025803401038465 45.0558331694982002 -11.9245922240936100 45.4965103945311853 -30.9241802374101198 0.4569804434157529 0.3170132253157235 -19.0048078705606223 -14.7440032080705272 -41.8780309330383673 -0.3085868424561284 13.1448254272273761 41.7809761628782539 -26.8088562691188876 -15.9706968754394865 50.4152863322350910 12.6510899162475017 3.1768413043944546 -22.0638085594691802 0.5300693620941246 0.8826657264832924 -20.9075139934890970 -49.0796933128366106 21.2587177380254317 -4.5935742122425847 16.8869213282489667 -6.3638624434706328 -20.1222225551983378 -5.3178426918181652 -7.8217780383794171 -9.4119318860025221 25.1447465934955403 0.2889302699514507 13.0943577441139816 -2.2047148121624542 4.3091548425220294 28.5176878643624718 -12.5540416350156860 -2.7456873864783580 7.5407159942054776 -23.6072125504591668 -3.8154753090233537 -2.8489226853665328 -3.6769019344673044 3.8750049051402651 1.6065649169732086 11.0658231725021707 2.9335901750714952 3.8448536584894111 -24.1348445243933547 -13.7029895811010825 -26.8389560305610324 7.6679525860725013 10.7533909657123541 12.7954610301116301 -32.8616239492776572 -39.6256619949114466 23.7190799708769227 59.1226440029366103 35.3955066469133186
238.0000000000000000 0.0701737918294257 9.0000000000000000 6.0000000000000000 9.0704371701319353 -10.9805511560885272 0.6521479861257329 -18.5850532133157493 -34.1190636036261310 9.9528906285540995 -16.1146456930342978 4.7438826779010661 34.4040678995342830 -8.9564646869858144 41.7687703913810751 -31.4312934594141637 -0.0108529373062185 -2.1997893983825310 -14.1867544785080231 -19.2404672515207871 -48.9022319072297478 2.3598835279627917 14.4346590340842429 41.0403032466926945 -30.2842924183819733 -9.2329246934327500 48.2886026273089115 17.3643490976957757 2.6867253999165039 -21.0080271527069300 4.9440078147937641 1.8354528626270461 -25.8269037572718965 -48.3044951806407070 17.8009695003166826 -5.3273701268292788 18.8649439655049029 -2.2955262858490748 -18.7434423602849805 -6.7710196095561956 -13.2734649391414017 -4.7228810051453740 26.4186618734081868 2.0611805092452773 8.9962534926639144 -5.1369066749169088 4.8906045889709091 31.6339638670169983 -15.4548922337550660 0.4395318337572314 1.6392835143443514 -24.4800633893006108 0.2895075191505532 -0.7815063997906153 -6.0126128513033850 1.8810534605959266 1.8726658363483968 10.3846250330179259 1.6599582167602884 6.4370904561545439 -24.8445949659920799 -5.8787856284146063 -22.0347000835827629 6.3732010485949626 10.8540543517534669 9.2129407709971822 -38.2374891258683078 -32.4681489867431097 29.4296720950501580 55.8021723408657948 34.7924432787011852
239.0000000000000000 0.1397651450077147 9.0000000000000000 6.0000000000000000 5.8451441541228766 -15.9010423475773841 -0.6377534128859559 -10.5448318006390700 -36.6958968985185336 8.2898068693634013 -15.8336504029979501 2.6385280547032743 33.1936680658641734 -12.9006257707585057 48.3087719678939891 -38.5201013411034410 1.3481526961516088 0.4755794863110511 -16.2906990281713711 -14.3976230165790096 -44.7915336738208225 8.7787511121194992 11.6556575135290608 50.7993124159355176 -27.2303661592718100 -11.6154112144028350 53.9032821731372636 11.4720408145979356 2.1680690168550454 -33.3654288371517040 7.8793843648898054 3.7222982216420335 -19.0578445131372192 -49.9130381197903432 20.2592902876215533 -1.3655636053008173 19.6263613941140100 -1.9578857288179399 -23.7034377132804899 0.0223473719345604 -10.6869135845889023 -8.5719805187564670 29.5713419156326438 3.8973192146080846 12.2865324594689973 -4.1410412676587853 0.4438521307375765 33.2944682144436044 -16.4127925972620758 3.3490781667311822 10.6891717578161014 -26.3334866949859467 0.4647523755240555 -3.3246390510818689 -7.3672346986582777 12.3668725456558963 2.5674732175345349 5.3817202208546853 6.1506994835446989 2.4917540131969513 -26.6339113496739799 -8.8525337316308477 -22.6227061476109483 5.7767042056229991 10.8728818057274346 13.5124776697656497 -32.6964824884161303 -36.0011763747617479 27.2734217436957920 56.9891342295972692 39.0732663140219216
240.0000000000000000 0.1388516913505421 9.0000000000000000 6.0000000000000000 10.7307386545510646 -6.7106389574586363 1.3887619648680489 -16.3358920625199175 -30.3168584057715798 9.9801610896644153 -11.1156325493848005 6.5468579235512925 42.2313417721791069 -10.7335728819484810 38.1277763299103540 -34.9922196832514913 -3.1028924893964618 -1.8821456751884846 -18.0615904205136424 -20.8746976632394663 -40.0590391059408049 0.4670825804242411 13.6821380063716092 44.6037265222885964 -32.5503306423492731 -12.0266607938556405 52.1976768942256442 13.9615428682663758 -2.5930168105291345 -21.6709824560307105 7.1119311430317946 -0.5163402803197146 -21.3353711262606325 -52.3543041119516346 21.0058131379961353 -6.0711500154606153 15.3880079791537394 -1.6643343454056521 -17.0710964199312336 -3.4871820828482432 -11.5782118075499465 -7.8576518863091911 27.0612105840924961 -1.4182072868642530 12.8754079762915801 3.1782527119973905 -0.6660302218671508 27.8101535035261058 -16.8133208999346166 -0.2454334091033646 3.6952359231946490 -22.0919874777492602 -1.2141699752443356 0.1607171970844314 -2.9231969353049547 -1.9265300817749704 -0.6298304322112553 8.0810218191999184 0.5609759732049238 4.4752472757369492 -25.0115026161877196 -13.9037783106893968 -18.8163375267208082 10.0146106737635421 3.2085009934579318 6.8720688200675006 -35.0167504811816528 -29.3888099434051178 24.1650709959900460 57.4196387330391218 34.3595266878621999
241.0000000000000000 0.1389117832221895 9.0000000000000000 6.0000000000000000 5.5635150502575339 -8.1387132807825786 4.7717770209146702 -13.1757655868794590 -33.2078271732083863 13.3272214059528071 -15.3746291904634571 6.8391928063928180 33.2896716107543114 -16.9384657233204123 45.1390885388707446 -31.5420882459561476 -4.6315912248265496 0.5239706809045237 -18.0770379333782927 -16.8877747340966380 -42.3083824798925150 4.8949984718658870 14.8418399794199019 38.1314920145026122 -31.3772950180099208 -22.4035920343810062 48.7485840926138678 16.7099147676931707 2.3390834473784636 -28.2443081421795092 6.4190989201277535 2.2214481997681479 -21.9919002060322306 -49.4439666012709438 18.5202672724401509 -6.5530079085709669 18.3377232956103136 -3.0127435131283455 -22.1689315609733271 -6.9641225843129719 -11.9082938496865047 -9.1392667518077566 27.0481594655031330 -3.1019013348546007 4.5730409979972171 -6.1248947224869426 0.9661671711693944 29.3283737474513124 -18.1359956305680221 -0.0127777498096109 2.6064734875316677 -23.9334397751543904 -1.4332935352884453 1.1661268855511548 -4.8889282474518847 4.7667831295603698 1.8815987311038604 10.2150648975841172 7.0002059802014891 2.5806087805233804 -29.0854283397054587 -9.3894218896109862 -19.9574920930067741 8.6816581897120173 7.4681964297386179 10.2371815261297137 -37.0151209059633715 -32.3234440708796882 26.0401541228089926 59.6699924710204925 37.0670117714318081
242.0000000000000000 0.0770695162872016 9.0000000000000000 6.0000000000000000 5.5591198636649537 -9.8233679361192738 8.2480749977248049 -15.4789092471627168 -35.5578450383269669 4.0771655525991681 -13.2357110234273101 14.9407954772771561 37.1126988908201270 -13.7376887242430534 41.9595552956314819 -35.4163825560634749 -1.6854926830716053 -2.0761573332333700 -22.8308564316519806 -15.1052898829070781 -45.4078558554184539 5.4797018982771712 20.5510593238804837 45.0428382248380714 -33.2855793729891047 -18.0291719256749303 52.2027057314979146 15.8138607733930137 -4.7337726930494757 -25.9695089209920589 0.8997731288907422 3.4094400120458035 -20.1233459643101398 -56.1765832708423289 22.6886069156247316 -2.6363092693372496 23.9223425762274466 -2.3508637296053880 -21.8748533016715392 -2.3617839087832282 -8.0353378304218879 -7.4543013848105080 23.7449961389132156 2.2608634351058270 10.3652047573790309 -4.6644142274371712 0.8684596433474244 31.7884653152143244 -10.2137374219656500 8.0723723698797851 1.9696885851008012 -24.2457142116385107 -4.2831800314476434 -5.0791634728751411 4.2170810056743342 5.1122816980692551 4.3645511406753803 3.2631216197534414 4.0897589870048447 2.8272129606477927 -22.9041653141095836 -13.4918721435937492 -19.9689810552271325 7.9421396831322859 7.5750258512734607 8.1710864511103338 -37.7830494531128949 -31.6616832082529243 21.6055353847091531 52.6232987822589280 33.7007026418060818
243.0000000000000000 0.0747057480037560 9.0000000000000000 6.0000000000000000 2.9312203373330501 -13.9709437887602235 3.4909494902884139 -10.6692088669459455 -32.1403604167369750 8.8837615625329889 -9.6485518195926048 10.1950114581221474 35.1308422058605174 -13.0714900667273994 40.0953459309606259 -33.9299818587328801 0.0688485414569890 3.2705932464642999 -20.0439667740586209 -15.7657458520759199 -47.1391174327418696 2.8926949946648270 14.6417443249157238 43.1602068805993042 -33.1485954230033713 -12.1885437439157105 53.5330536495773686 16.1621784894144724 3.1100503602035205 -22.2430626383245453 4.6643824698395262 6.4503306042967807 -21.8728290650039980 -57.8194221308547540 24.9529840991929746 -6.5729779669369002 20.7554488447523049 1.9051074574513127 -18.2591529039370748 -1.5288609496727497 -8.8315539676289188 -9.0942705141966584 23.0450848283082550 0.9851246891021053 10.0350919498162359 2.1581775691033442 5.3998255934006476 28.8262275772063639 -11.4455661055734819 -0.7960338596646186 4.0181212692027426 -20.7241321186563709 1.8969183949857591 -4.4513664944833859 -0.6564606820228605 7.8173845917198319 1.7921573376892945 6.9657990831254306 1.8890460034181289 4.1683282475104049 -26.2341704435800587 -10.2250083749683434 -20.8574332572277790 9.0698998677650575 8.6387514468845836 11.0663042328533372 -39.6471087508587274 -36.6789973446039141 22.7693039813555700 56.5641673439128567 39.0752347217725386
244.0000000000000000 0.0605379614660631 9.0000000000000000 6.0000000000000000 4.5772912608935528 -11.8214739191278113 3.5076630602570513 -7.6090688956045041 -33.2212904531343014 6.0955247412190836 -18.4633096435572526 4.9444434141791564 33.9440821777515822 -10.9095629870042448 47.5732107583787425 -32.2590263787826572 4.6897322004017967 -2.3716271909494768 -21.4465125740642080 -20.1796618620803550 -46.8572308948044309 1.0244400096654802 20.2827424631820641 44.7573518250710194 -30.8944340702431468 -17.0105015794685990 55.4423034244464432 14.8405263404211087 -2.9524149098362735 -27.0590832661581260 2.2105689382550220 1.4743811865869665 -18.3804672490654646 -50.4686076597156585 20.0431119236389073 -5.0558463217242906 21.7202544841818437 -0.1885120945266355 -21.0436065834087778 -10.0079063380747257 -13.0697928193084323 -6.9046299760348671 24.5838466966617304 4.2910020214842248 11.1953526515811745 -4.6283050444279406 6.1476835013347966 26.3886197934364617 -8.1651830522944095 6.3528705956748830 -2.2279182154404502 -28.2273936556377052 -2.1906304260129499 -2.1802253078111082 3.9321795504941166 9.5232049118723232 2.3582349680047661 9.6165680083288070 2.6305697256715952 5.2397086345483981 -28.4760197523783134 -13.6931465178088079 -25.4721963912807752 10.8805827209387296 5.0339699641838243 10.3912733025130564 -44.1082462749032871 -35.2624446448191691 23.9397636412063761 54.2338506628364101 37.5097010552492023
245.0000000000000000 0.1384979230416802 9.0000000000000000 6.0000000000000000 6.9217593538972189 -7.0536265848193640 5.3085538126943561 -10.8192917406604270 -38.0955344816133135 6.8317649735896104 -17.0494842501761887 12.2791735461618270 33.1727108130498181 -11.7737230305866909 45.5792148230752900 -29.5748943408712250 -0.8443665315931324 1.3081518745247709 -26.3828474388782332 -18.0206590565432450 -43.7473378047477297 8.2083721973713395 16.5615684202240132 42.5312562018610905 -33.4065356798770878 -18.4700404488540642 51.7302989652254581 20.3510469217226380 -0.2804474616843883 -22.9937027959710072 2.5654597634634384 5.1720525791802325 -21.0314234290444588 -45.7333953322247950 20.2000970199968783 -7.0308592300527613 15.4877282160486462 2.0684491910068785 -22.5086467708965472 -0.9277360125632805 -3.6259323894320517 -7.9085428362363785 25.4948657742093232 7.0538667488183133 14.4926262620343405 -4.2944787250936010 1.5133476060021027 25.2632073150025782 -8.4139408187957869 -0.3470902304366916 0.0329596367623859 -26.1272837911603659 -0.0809229087312936 1.5695895274008898 1.1803419217534707 7.3193615413243398 -2.7242617116937176 9.1615818049834772 4.7065317517560405 3.9142120053299556 -20.4836478327960165 -9.6102662311798355 -22.1414034440841689 10.1876010827727939 1.2535543567982934 9.0314425751210958 -42.5383097597836866 -31.9818593176837993 23.7670924647517303 53.3353729603646514 40.7404674613355837
246.0000000000000000 0.1389796864715169 9.0000000000000000 6.0000000000000000 2.5849295056837387 -8.7766750384027468 0.5490671688851116 -9.7239146691395000 -37.5144520663395014 6.7717465944849629 -8.6426432778328390 4.8014560303350518 35.5577620005181245 -6.3345301534865417 47.4286856891274979 -31.6988973065421966 4.0194834064921983 -1.9214126148018633 -20.0004936135185076 -16.4143262363480957 -41.0927326564286375 2.3137708295647852 15.2179987723294694 42.8031446266482476 -30.8405890570409014 -14.8093414007694193 61.0807392689376201 16.5210523370663047 2.4999965356307663 -25.9433629435764033 6.2035102380970457 2.0270125115204674 -17.9485853965516071 -48.7490350826214751 18.9785637182115323 -6.6005242144903074 14.7852678638477446 0.0129755796895776 -22.1127017833731259 0.3578487875326193 -10.5313594812556488 -17.2189674281978142 24.3856617635896598 7.2970448858242722 8.2506392595545819 -5.0907534439724129 3.0932719629395726 28.3006081740587980 -4.9738766038812887 1.6802278537867603 5.7131361254827873 -21.1920844787516174 1.4838781875683331 3.3617827035040766 -1.9137860267154501 2.3963026021143357 0.7558407452375083 12.9147607690526005 3.9029750834631800 -0.3750230596521682 -29.9217038112802065 -10.9151793208229630 -25.6949482566013039 8.7509112540127667 2.2336622925749721 10.1722937589259335 -38.6678877729202952 -29.9537651162558589 27.3967916180323314 54.9124498252089737 46.1066116218584767
247.0000000000000000 0.0622019704431179 9.0000000000000000 6.0000000000000000 9.2565314333981981 -5.4583879106305524 1.4899129569182841 -8.9341765342598354 -35.4187751230262080 11.0600287061102094 -11.1831659673940127 8.3282907404454960 31.9107611719774020 -8.0584080464648178 45.4300242097518634 -30.2827364997621515 -3.9505422090981686 -0.7306458884949337 -23.1973680059456129 -12.7102870402443315 -47.8383627607729096 4.3184593284499613 11.7628327002620612 41.8508521766107719 -32.7425806700937585 -13.1242465036623788 57.9165654189456021 18.4181813072480125 2.9719594037000645 -25.7681984266983726 4.6766391391734095 4.9665184756622081 -16.5050823148949277 -53.5856317215316267 16.1181091147174342 -5.8911037796754249 21.2846665588475155 10.0485106723108224 -21.3678036698076212 -3.3258765230579193 -13.1537194511090121 -16.7341790470079594 23.5878888299688505 0.2600488630113187 11.7094102926897996 -1.6043882803694158 3.9025829491560335 29.6531907935128913 -11.0354167099926990 1.6158951044519647 5.5618313409582898 -25.0738716317265187 -1.1895860743680295 -8.4151497404257487 -4.8236427794720722 6.8724668591955194 6.0441447909900976 7.0156847896525463 -0.5381254384145122 2.1016100501604562 -29.2660512195790403 -11.6032046115929131 -22.0624992975188832 12.0153765606990550 7.0629652660651336 12.4369262042014856 -37.9895204125246266 -32.5534574199310569 25.7995544289626935 58.9309956604574339 40.4959754572454571
248.0000000000000000 0.0606525881895729 9.0000000000000000 6.0000000000000000 2.1681540987990280 -7.9892924574761111 0.0211451728761964 -14.1533776262534108 -32.4029640165859405 15.9566918455355200 -8.1146931961326949 13.1753894639460167 33.4023700359955811 -14.5029633201393011 52.0977269280008102 -31.9277238657252340 1.3862708454881330 -3.9631228251889965 -25.9605906642556228 -14.5993761946108833 -41.7104233802097255 6.6625882735560316 16.4489925009385374 43.8365435904363849 -33.2969614930346509 -15.6474727833012857 58.6801346348883186 12.9368034242985743 3.1878935101132089 -26.8943802219855108 7.0848795139163823 5.3559466168515488 -17.6288686093366742 -44.2280428126384493 12.1589019213769234 1.4303081034747489 19.5036938573322658 8.5224424828147960 -23.8802107207823511 -3.4881252322124889 -14.1796860675915930 -16.0580923522667618 25.3947733626823435 5.6583901419729443 10.2315769739399798 -4.2576626301652549 3.9617549304479902 28.4027974629247701 -3.0512835289692735 5.0147465459514748 2.1327170324572755 -25.4511883693743997 3.8076151688197064 1.1464116781502378 -3.4691169780866606 3.7664386344354712 5.1981451484424230 2.2200423897657178 -3.4879202647223528 -1.6566960451447383 -26.0879782881831410 -13.6575924731210456 -27.5847163224980605 10.3637607632378579 8.2134883179444067 8.6961769717297948 -37.3274412839284366 -29.4011980498913061 30.2313117882233158 55.2241265764786036 40.1064228101926901
249.0000000000000000 0.0653588166795166 9.0000000000000000 6.0000000000000000 4.9171459079379325 -8.9359209322555593 1.9062923916710846 -11.6039295544172969 -32.8728534452631251 11.1616079571014755 -10.8371878165892337 10.2902708675694949 31.0391750814306064 -5.0427797521084017 48.3450966806132740 -33.6487418240653824 9.1736112925392117 0.0976799995600880 -13.0405122623992504 -16.2292719005151724 -56.1550590252061141 4.8622302056562354 14.3233144969841426 40.0460009765452440 -35.6237689310996046 -19.6795475990912436 55.0967092187040066 11.8320651079948433 4.2313879279313582 -27.6557084221504468 10.0168793596160661 0.2457668486120461 -16.7799045893836798 -52.1605548598280038 11.0744982579433628 -5.9422372659709657 13.7173063127000177 7.8789679924110505 -20.1826052444036534 -3.2098834175679802 -8.9622435602048682 -13.3574866963988814 22.1132730536076281 7.9833341450370572 10.0642430598528083 1.8548972523779552 -1.0724706264540003 25.8777427450051718 -1.9139160589687956 5.6640387372179042 9.5975819949475270 -15.7655241073603474 3.2613814552303166 -1.8475257897954376 -4.1508800000368193 4.6545881684642341 4.3169913252785888 2.1015966819263632 2.0356786573439889 1.7440911671671924 -29.1305318212028581 -13.7407800363281947 -26.9723186963369699 10.2835906466675002 6.8237811346732595 14.3187509590702291 -36.2281609744650837 -31.6187903949687943 29.5371785663794100 59.0255892560998774 38.4481793880322655
250.0000000000000000 0.1383276339476472 9.0000000000000000 6.0000000000000000 8.4750748180732103 -7.0544190587586488 -1.6447437478292928 -14.2798698690242851 -31.3525345731118605 6.1118288965082934 -10.2223454849150457 12.2473335463692159 30.6357411298508389 -10.7653399421304119 50.1119000576472615 -32.6761906313760164 0.5996889911064857 -11.0655994192907343 -19.2451669111687060 -13.7772731477130019 -51.4023121466737365 1.7499987851974841 15.7994111008389577 42.2724190707505869 -29.8922493216389995 -19.2745956462394687 59.3506065449204385 16.5393933992397280 7.0007635092217617 -27.1748837905935403 5.8687812543002220 1.3367071897230103 -19.7386816205674585 -52.8373884432764100 12.9428401621091371 -2.3096758151839776 19.8090213210278669 4.2490426064794677 -21.2746763219571164 -8.0370066039669954 -13.8274064880648329 -2.3005714781633220 22.8531135522903135 13.9957222117701381 3.2323025191718200 -0.1412127471242559 0.1807536017090079 24.6069248180512155 -8.2071453859446581 9.3062072430289469 11.6972602322068688 -20.2168780926949445 -2.5551581233600600 -0.3297251196300923 -8.3274587315125235 10.3373936641957744 0.6650549545628253 4.4170800879874799 -4.6547448699754677 5.6270498589586282 -28.6669122251050865 -11.0882317923422011 -27.2802004383237744 12.0733491944096993 8.0564776476513735 12.5985972446847239 -35.4343418630474076 -29.3304200102087371 34.2024925237018209 60.4853546569984744 48.0999564631653413
251.0000000000000000 0.1386935812477720 9.0000000000000000 6.0000000000000000 10.5458546931512629 -4.7157319283022421 1.0174504686844887 -14.5569386156601137 -34.1881196715808713 14.3863066192519664 -8.0141876366412301 11.6502716227083454 32.8728551779146088 -15.9425309951510616 50.4429819991994322 -38.7609469319129332 0.3951002702625025 -4.8683495058005821 -22.7852910152217696 -10.4686455846795372 -45.8078344805641393 1.6677638351570270 15.8331561847165396 40.1695846449614038 -34.1787201581576596 -13.4386701143252711 57.0124237445323203 13.2920238842818925 10.6083417358882262 -32.1356578296996105 9.1069559323554472 0.2375164275680675 -17.8699387762006303 -44.5025957624445070 18.3253708289924333 -8.9750206707685543 18.0116846233830969 7.1511683017267451 -24.1440000464084221 -0.5093256476618055 -12.7330029290949778 -4.9656167584700714 32.2658497399511504 4.7116637747433749 9.3148899323224388 7.4761077897205270 5.0033373074113792 31.7430085372446342 -5.5451092857631599 5.1361318918594057 10.0420027930388649 -18.1124553638299339 -3.9061192678764840 -5.3131808916223182 -3.4962272143494912 9.5072737375574068 2.1465765291422212 6.0175716454720716 -4.0001412911358507 0.4483770547783714 -31.8925918655504326 -11.9891746446909924 -24.6456040856609704 8.9276238179784233 2.4347958603257043 13.1045389834158854 -31.8714337619014998 -35.3073689646056792 24.3762063562390345 62.6308158025930481 40.2660319309632726
252.0000000000000000 0.0698215436242514 9.0000000000000000 6.0000000000000000 3.6035537772339206 -8.9398079032429862 1.0692034500286911 -15.7181308539387530 -31.8563302928025607 10.3100607325749252 -12.8109609120728329 14.6445440218076790 23.5356343971111244 -14.4067099080751735 50.6742829799071828 -28.4946820061239272 -2.6467616448176794 -5.7411810238386236 -18.9434471832400604 -13.6323551707779949 -49.0852138375735834 -2.4127219645719729 17.7993613783332840 39.3392277233067915 -30.5554383459535934 -18.9993034926239126 55.6975015791416652 10.7069373302140143 2.5209853296032527 -32.4235399038331593 10.6747908257595086 2.8235245402352627 -15.9112820823053518 -51.7297279414497737 12.5126944190884579 -7.9927427202596872 16.8424459600556951 5.5128405052133687 -19.6730147470779784 -3.3354129822392218 -7.0317937329764355 -20.9153962151256572 22.2891677481419634 15.5963941196521816 12.5048158020342530 0.3716370263640366 -3.5271013333806875 26.2491796619116151 -8.4366230276790350 8.0097423757776554 4.3602065628610251 -20.6940560534000078 -2.8250270890872509 -0.4193704260846176 1.0997369589991841 4.1895772510771589 0.5876317853857609 8.9127894163503765 0.0269539541480213 -3.9466561264475462 -29.0815517733034632 -11.6303429224440258 -27.9442658057225977 7.5196498607979363 5.6827251198344362 17.5772719513864004 -30.7341346073390511 -32.4476014501494561 26.1930048360204637 60.7301295938873977 40.2074672240692266
253.0000000000000000 0.1389265505756721 9.0000000000000000 6.0000000000000000 -0.8546510103737042 -4.0879470923538657 6.5455764314897413 -15.6347875734199722 -39.2791365666896439 9.7937936590866173 -9.3075680677636630 11.2155457824133578 31.4412927229378347 -14.2810602665278434 49.7416210108833070 -31.4333186728015477 -4.9385479408809854 4.7064891574538947 -16.4333604405233089 -16.1435439464204329 -56.5335684476279852 10.2667884071644604 13.8104148927586579 43.9242128509825420 -29.9722787041409156 -17.1007241892836142 59.4734928473286573 22.8661897252202770 2.1164562029045260 -26.9743516512209034 8.5671122726690463 1.4336205382616605 -17.1106795331115720 -45.3056302885203195 12.5955585259988094 -9.4408332055705628 14.9121757765647853 0.4917012291984195 -21.4137956714509343 -4.4456145849953330 -10.3350034357462466 -17.0695079716464093 24.4526705943845322 1.5410948971209368 11.8897488443280999 -0.4390865981049497 4.2386145485525244 34.7701640043262401 -10.2204874260283667 2.2301149137236491 9.5323034883993678 -19.5891729497622862 -2.6578112402505991 -3.9580446196286001 -6.2162936663893813 7.0464122569698020 1.6805669656478848 12.1239301191939628 2.5840917681346172 -0.3537407314816512 -28.0836554743869087 -9.0016724362383638 -23.8588021480655712 4.9985134013340673 -0.0706261682036624 13.5781745175462785 -40.7392962319110268 -33.6527446820010638 29.0588985604643639 62.7261503717786155 47.1332886298829834
254.0000000000000000 0.1391899327619559 9.0000000000000000 6.0000000000000000 2.6581626413575332 -4.2431698423407980 -3.8771489795400780 -16.3244871959842328 -33.6718569567262236 13.0626895069522408 -10.8646961237571826 15.7275412888386370 32.9627506372225199 -17.9015924149711232 48.9593923365440773 -31.3704210048859551 4.6914844854060878 3.7686339137018581 -15.1491056399697825 -14.6901115286945316 -56.7270920902663676 1.1942161411906500 15.7167851967376375 42.3216284980679447 -39.9663646255470724 -15.4509856876572194 60.1434523704983448 14.4344958776104306 8.2568891642460329 -31.9600365401374127 6.7157097537965953 1.9752643624390300 -17.1946774989104298 -51.9685445441674503 7.9871642066094006 -8.4667809822115085 14.4109751241507897 0.0807559240884277 -24.5679390400747693 -7.7888870404433366 -7.9801286131117646 -14.8124656457224511 24.2418711338128396 9.0626620368576134 10.3585868248142976 6.3137123619518105 4.7876188326930444 31.9385966642563872 -7.0111046000656394 12.2521472524337138 7.0734163027260024 -23.2588206977232232 0.7302227919383215 -1.9578219082336092 -2.5203167149546544 3.3173132313485860 3.2486750007237171 7.4913757723420353 -6.6880879333933025 -0.0678677474493792 -24.8425279453419279 -13.0791202525124906 -24.8250062893904051 7.3512221598657685 7.9877900463955740 15.3268645266407084 -38.4977260424228831 -30.6150364873842733 34.1328577159681217 56.6335563352906277 38.7663328546515231
255.0000000000000000 0.1380942981511953 9.0000000000000000 6.0000000000000000 8.1437537032430871 -7.2727441370983303 -0.5217612027030836 -10.2093166257894516 -38.1147295762168383 18.7026219235903746 -12.7915947132376093 14.4732269352239431 28.0593533701873206 -11.6574346228017660 43.4113580562059127 -33.5001013929620441 -1.3327582900667001 4.2563560880890803 -14.8752086374141239 -10.0755249492635439 -51.3142568165462336 0.9463034740086438 11.7001933190077239 44.8063168667578182 -36.6020243044230753 -13.2771409408120000 55.2572864128727161 16.1551430777308376 1.5751903374849832 -29.3032364671040284 9.9075233643225644 1.3551177756642274 -16.3249064843258900 -46.9708273862913614 9.3441632628680296 -2.3195976465912755 19.6257201892195567 2.5614504999639132 -19.4936372001826221 -3.0664410562059623 -13.4578115209447873 -15.7362731689569042 21.7020008155200941 4.7504761215488163 10.6089571227658350 2.9564069537641608 -2.1386473443030520 29.4175815547343795 -14.8197498123576139 5.3765368585136173 0.1077506095533352 -23.7743792660457949 -2.1066355362947045 4.1972386412770879 -6.1044134548396460 8.3075114041648028 7.2765929734454291 9.0610582283118362 -6.6182613970180730 -4.2899216305783083 -28.6500696077032515 -14.9020600623721116 -25.4294317607522338 7.9230363498675782 5.9607962796737901 16.9794603072057484 -35.9780505539091919 -31.6288566743416055 29.9712022873713622 57.4372331037177304 44.9927598787158658
256.0000000000000000 0.0671286567984702 9.0000000000000000 6.0000000000000000 6.5262191730803627 -10.7825882669451207 2.2586071540724562 -12.6478775503180980 -30.5085647546661960 19.5863692909505609 -14.9482542451078864 13.4150407061629622 34.5572271957118318 -19.2482774939932071 47.5631565751647472 -32.7292176873352645 -4.7452421567646379 -0.6546902548689419 -13.1309742502902687 -10.9396579981459041 -49.4958645992789528 -1.2081194546387570 12.0619874035704537 43.6802802987089294 -39.8689962186653091 -12.7503736252767439 55.8474203852679452 19.0921248465267119 7.7799210775461143 -28.7717211437939397 9.1809134979261451 0.8261256268598249 -18.1157596142029149 -49.0869673618561961 13.7897324865280062 -5.5563963105118122 21.1708651493395124 4.1239272141091758 -20.6807068994339289 -7.7284507828356075 -5.2866859140412821 -14.4877082623214211 25.1061014062634094 3.6580904962596965 12.1459603247563539 0.9012989000868684 -2.5808830733749977 35.4274037112078162 -3.9400263239416624 4.6603268352098164 3.6906015209170446 -25.3976635206218830 2.5289285240612793 0.2337886280749446 5.7716336182347252 9.4683944851573774 0.2625485242744217 10.6607552988444692 0.9124822215830939 3.7195339818327504 -24.4869910651327416 -13.9643669380206514 -24.4892974108893142 8.6191166507277828 3.2905160787166023 16.6511392530528219 -36.9874302624245814 -31.9092621859123042 29.6669619814280026 55.8809810556946545 41.2856607274599696
257.0000000000000000 0.1384928167004314 9.0000000000000000 6.0000000000000000 7.2080017168666464 -3.2948157154119033 3.1952710381326668 -9.3166595330406352 -33.5455993421807435 16.9689840896904975 -17.0658296883595355 13.2546767043427103 30.9372341626125014 -14.7090671179803625 55.3070594433905285 -35.4795314756515197 5.6046379407895728 -6.3809562975631859 -12.7303173683686541 -14.9321959743130854 -50.5746269007912304 6.7445395920132150 13.0297838737569176 49.2950332246573666 -33.8733184253914104 -18.2455005762178359 54.9588377475185297 20.3168200754417398 3.5148066040415258 -26.6737294140114578 7.9171001693268952 4.4532790098929080 -21.5217443569072380 -49.7376701415144353 9.6801271249251766 -3.5575594934575503 19.4371192600132225 1.0539628784144899 -22.4263318288498965 -8.1391884928043829 -8.7257871517211534 -15.8304737001518916 29.0714860489616669 2.2167664545870687 8.9978278112401924 5.3830786658512437 3.6171460888511886 29.6013856607499655 -5.6646470415330805 2.3935172180641437 7.9731227685405441 -29.9127964794200700 -1.7813339039470273 -4.6234738489009271 -1.8995884503252074 8.1094071047050615 2.2201614384862194 13.1085432335001304 -2.6505184570703899 -7.2994092590501367 -27.3193933761291170 -13.2913284930311733 -31.6574694176861584 10.8986359849892622 7.8807822983941556 14.1646951660402394 -44.0561586379512420 -41.9481240609041777 32.0429020474132074 56.9234526279594135 44.4750225451078904
258.0000000000000000 0.0765922591226408 9.0000000000000000 6.0000000000000000 9.5575940151010954 -7.2685033268717989 4.2727871343919546 -13.4212320642207281 -35.9757262592791491 17.2795036443201298 -15.0361901924770791 10.8710424330690625 31.7628857317603419 -9.1276442744161095 48.2447296024555357 -30.8406689997098873 -5.0720227377440148 -4.2263514595189058 -17.9760073479092597 -9.7958127849824184 -52.3321817180200952 3.8553948012600356 11.8127965909846306 45.3332931094078901 -35.3050523983895133 -20.5448832346311008 54.5166532934969510 24.7103993793756338 3.7749462661246742 -29.7880211473391157 7.9792250297223370 5.2374059180449706 -18.5733844970151907 -45.1075086714904430 14.0934725404389027 -9.6754126596744126 24.3356420890250114 5.2359128629694069 -19.1118480729775264 -8.4500478533317924 -5.4109923894115202 -14.4772689103536276 20.2405434407562836 3.7132075749740117 7.5364908219756543 -2.2219562330707237 3.6991637977312499 29.6534334756360884 -6.6743245566730778 6.7289051416253711 4.4634152005067325 -33.0971254025027193 -3.7269826694125014 -2.1260606763266789 -6.3129384576483147 9.9306148987397638 0.1220971805074842 7.1497250787474957 -1.2212597616425560 0.5258342854876525 -38.1836005196256068 -9.5607355821332263 -26.0649375324998012 9.0475463821180959 6.3279274219635813 16.8641144117022570 -43.2874363510460753 -38.7848752848311591 29.2813165321262119 54.5320839272348792 40.1136595261330697
259.0000000000000000 0.1640687473603177 9.0000000000000000 6.0000000000000000 7.5840677398408216 -3.9130051998577464 0.9268475239805758 -8.6418540827207941 -32.0964286964438088 18.2861332347763685 -12.4838222168588828 12.4758005150354609 28.2144165979447621 -7.4961160534905327 48.9872374283141738 -34.5766713569997890 0.9136644106532319 -5.2632519541898901 -11.0380947771486824 -16.6968491995507833 -47.7975536444585600 -1.9008154582189236 9.6119410771428093 48.4086822958576306 -36.5928441056049039 -17.0422585861492983 54.8510066465789947 20.3187499262238376 5.3156418773305090 -31.7539180913715136 6.5124605495042598 4.0212269927451203 -19.9877850864585334 -53.9357258449634287 16.2184407148966514 -17.0898991717027293 21.1699718757778648 0.4175925577010018 -19.9044597280955600 -8.5109828433930623 -7.1944954931579810 -12.1497956772190250 26.7877695356183843 3.3958809839761859 17.0781820834801259 -1.6091269511137896 1.5554361664027703 32.3688893157629849 -6.7953874576944155 6.1868015286146854 -0.1729106171195287 -23.0195276617788878 -5.6687566237176448 0.7636229432160548 -5.3930196646265740 5.4535915121785745 -0.3970328679335227 16.0926002064074360 -6.0424106841782201 2.8141863655790798 -37.5767524007748577 -10.1934827982113028 -27.0961914312706895 11.3913141400833631 -2.4155150574315449 18.3335326585211185 -37.7422694049949072 -33.6042436593218312 30.7547490532024241 56.4091609219350261 39.5999198351679027
260.0000000000000000 0.0723558552967569 9.0000000000000000 6.0000000000000000 8.2448165189986131 -6.5801310669848529 4.2885813822542387 -10.0286322720286059 -36.0540909066765494 11.6225249420009416 -14.3349849358804313 17.4968231108008503 28.4658505507138102 -13.0877823702457441 47.2580796998145800 -29.2398238111645767 -3.6533536260606034 -6.4627983777694142 -11.2723369030626870 -16.5611187279248888 -47.9696825990132609 -2.2832953957966300 13.4951070951255794 44.1165246654174155 -35.5052028499859560 -12.8777537717995134 56.4125843137090470 20.5753584474661615 0.1790410789776105 -30.0023244998170497 4.9661078577645794 5.0598289366884277 -19.0323713617826762 -54.2613340715419739 17.6595784523302974 -12.3092546261357150 21.2979797109264801 3.4920244113263355 -24.1141975795021146 -3.2571473952937238 -5.1704552074610675 -12.5209535008923609 26.0911252301719898 9.2648216304866828 11.0472813504147584 6.4264039607054908 -3.3484095492986645 24.7170792011781337 -6.6729079111718548 6.3210336903677131 4.1902383582245601 -23.2691662492985145 0.4954108060554607 4.1973309396695466 -3.9203048772012608 5.5944147891173639 3.6498287154115463 12.5102483406285003 -1.9284054249821811 -0.4759048842555164 -30.4722539306756097 -13.3569112589768206 -20.7628467958602059 7.0070806718675929 4.8603256636991352 13.5160964931689822 -43.5806874779444087 -31.2058022555404158 24.0728405034471500 51.2759605540112631 35.7390407215667381
261.0000000000000000 0.0670494371349007 9.0000000000000000 6.0000000000000000 9.8003315452930728 -5.4915675567964195 2.0455566157947445 -14.0051505525956088 -30.7376434312593290 14.0259653211708599 -11.6170367757056443 19.5201496995064865 22.1817420939836225 -12.0455777834027806 47.1775982320122367 -31.5126744236985665 -0.1161146354283284 -4.8348008999605145 -13.7182825237330714 -16.2272429277140340 -50.0021322842091251 7.0745121508779700 16.4861216920798235 44.6972115092988318 -32.2319326065163878 -19.8742787953371334 55.9163202818699432 15.7005987403651552 0.7065474155131436 -29.4805520430315191 9.7858972005936824 0.4866981835813378 -19.3781333477020787 -55.0717563985711465 15.3185318442688061 -14.1774359065370064 22.7096575122209927 3.9886336230342123 -24.6217159759743147 -9.4025799926950899 -6.9297424892336030 -7.8241923021701538 26.8857872961568987 7.0309472711297962 11.0515303571761052 -3.0241018258808703 -0.6327360583350479 32.7177425376104836 -3.6224300254657082 7.6544451491159951 3.2871547495416165 -28.1878768596082310 3.9197758410106243 -0.7059552528547470 -1.3537460654750590 8.0981612005550421 2.5704480320921297 9.9258571469285375 -7.5734176686704231 -3.4823492061026058 -31.2274423044199594 -15.0877473590451014 -20.4703099511295292 6.5649273227950466 -0.6830430931320013 14.2241669028813078 -40.1476028601486377 -33.4471929696194579 30.1090955170082495 58.6465249767501220 36.7010629074320818
262.0000000000000000 0.0692115089029065 9.0000000000000000 6.0000000000000000 4.0893688875232899 -4.6241035943659536 0.5562750301585262 -13.8752264729526864 -35.8977058206629778 15.4406547484926193 -15.3174575815309346 14.2150776221050492 26.1800316297481821 -15.5621930529031758 46.1499057178255612 -35.8929238880536872 0.5282229802618703 -0.0945827136097011 -12.4249661051968125 -17.0144816609501284 -52.4124269029243806 1.8197723938816635 18.5589300776642894 45.2190062349889956 -34.7362109298266191 -21.1896907459650912 61.0840763396656925 16.8561947633638276 0.9876553377773352 -28.2202368304484814 6.3854036811610122 -0.1984604090998325 -13.7887048715540566 -53.9363994894580827 13.0004374956763051 -8.3394112992153016 24.4768123041396208 0.7792113578015245 -23.0780735816304770 -14.3080533006943842 -9.6963854543987598 -14.0582483619640151 26.9092858776048267 9.5015397647845976 9.7645435146483255 -0.1683712317951738 3.2395405960643027 26.8386763462930986 -9.5113100287533676 4.0995306598733263 1.9956013234351340 -24.1454498231374473 3.6491891150795519 4.5184118935821340 -1.4973773770207426 6.7026256528870425 3.2830831032216796 19.9247805512991292 -2.8175997758335258 -4.8761070981155621 -31.7698666231515432 -15.9186867549110591 -22.8369112826839604 12.3312447185267011 -1.6924321987674376 15.1789650714369984 -37.0422389162829546 -37.4381848665739980 26.6826959779451052 57.3140936563003791 36.5806310928640528
263.0000000000000000 0.0690108489549669 9.0000000000000000 6.0000000000000000 12.5319589204686057 -4.8697858116954080 8.3378410888069023 -8.4706449439016183 -33.7924611664502663 9.6263890257402949 -6.5408379169620661 19.9084715427025039 30.3367957279147369 -14.3024029860447097 48.3207859246535634 -33.3002048242534414 0.1604836645028556 -1.7658464238345495 -18.4317096517935042 -15.0159847240224540 -49.6554887298252083 -0.2542105182912937 16.2685952497112574 47.5848906048197691 -34.2490255338029073 -20.6295815962103113 60.4069573164374347 16.3389770439835047 1.0870677152168038 -25.5337418254930313 8.1880743248243029 -1.7486159739010865 -18.1796658554753492 -49.0380773814322595 9.9815007695922979 -14.1031589656289693 25.0814874660773590 -4.6653796682850901 -22.8049792981682771 -9.7975088218591981 -2.1274288171562805 -12.9351540439764534 27.8508658407763789 7.6194715684604786 16.2808658593041642 4.6542022135263528 0.1156618404068570 30.0878864013511027 -10.4815987439721230 8.2037655686735871 -2.0736045518646327 -24.7243600305233393 -4.1262483863599480 -0.2943471769884853 0.1922145005778555 5.7803672180044048 2.5684722226191052 10.0511513733935320 -3.9641508974806117 -4.1608453213646079 -33.0438633951422887 -11.8826757142483981 -23.2250182626318207 10.8190391397468773 -0.0930822253223769 17.2521080652976693 -39.8832696539800793 -34.8965403070109730 24.0905230443376084 57.4515570325279157 41.9489346272203392
264.0000000000000000 0.1394799415779912 9.0000000000000000 6.0000000000000000 13.7867337683924802 -0.1709260814665630 7.0708053699454112 -11.6243586703364272 -38.5032582383491757 11.9363134402207436 -10.7627970661198553 20.7848587927653377 26.3513405379992562 -8.3683883561478609 50.3500533084797937 -25.8566492791590079 4.3919071228156001 1.1586353382886196 -17.2722686030945347 -13.6402432931388358 -55.3923151327437822 0.6050973347235067 17.8747102081457498 46.9037975015909367 -30.1768272732150713 -24.4960069147024164 49.4342812569033399 16.8192012244237823 5.5700777911661801 -30.8171136756622772 3.9524179351602169 2.1796477352533370 -15.4008449577149769 -48.6349786711344620 10.1685686660135008 -12.6149949042416019 25.1437872627213252 3.1256438319125346 -23.3907098404452434 -3.2766099790305230 -6.2379997352116332 -13.0932059962252065 26.1193773011543335 6.9564482288879006 10.0863243359261894 -3.1295896844644906 -1.3004246657495837 26.6277546837953238 -9.7970064279870481 5.4108170633102217 7.7618983403462840 -27.9913467359370642 -0.8491179358528335 3.9324806157800007 0.4966009207475319 3.7043378648480378 2.5542102480564037 9.7273467653688837 -2.0521564939914203 -2.8372651909890392 -33.0041056605323320 -14.7289435803138140 -25.0964343806613428 7.0013672732781131 8.8340726698331959 19.0213774046165582 -38.0420248911164691 -40.9677062916878967 25.1694113331376386 55.7084180838554275 41.1715179908489688
265.0000000000000000 0.0536708172413959 9.0000000000000000 6.0000000000000000 10.1603099633532636 -9.3805736665974706 6.4024208760357304 -9.1349295362272667 -37.2342785793984135 17.0489575104228521 -7.7186144466236684 23.5777235136389294 28.3168300287959305 -10.1957285464865652 47.5086074371327101 -34.6099606931745782 -0.0059834525522844 -1.4271945335753911 -19.7645251121576386 -15.5696735184818120 -54.5604902720467493 4.8724317661274670 14.7495995463737248 48.4734857617915154 -36.3900665792458540 -17.2366586464084293 59.5382380002785752 14.7467687157221867 4.5403177442792888 -33.7680986988611949 6.3822325013770342 2.9366018976677024 -16.7932266128475192 -50.8905484274030329 10.9313068624057408 -14.7400876976939088 24.5898286800908252 0.8799909406862889 -26.4335248196216206 -12.4821306314763163 -5.4959281250720560 -15.5957961864674566 21.6172073422060365 4.1362227673500982 9.4941761710508210 3.8320739539462085 4.2400355780757746 30.2530504421965603 -12.0193950869373758 3.2515746365581073 5.6831941178578518 -27.9392768478093529 2.6697419147684593 -4.6577771683643165 -2.7902347415920592 7.3216051349339430 3.5377872308481635 11.6819488706774646 -5.6689915772710160 -5.2879275535084256 -30.3198150642348736 -16.8409644061936241 -20.8706037485793914 11.2331963130081611 8.7407639090274571 17.1330035318408065 -37.2826105725981733 -34.3850781649799444 23.6224902778883674 59.8134031865411444 43.7768260705518060
266.0000000000000000 0.1362764234902986 9.0000000000000000 6.0000000000000000 9.8437729719290292 -6.5524745380892693 4.1110240969636909 -8.3645646518101486 -31.1198761576604923 14.3552329839515131 -8.1562118249554967 21.3263401879050249 22.2796872765761940 -13.2697366653645048 51.5883984141098253 -31.6098673150416225 -1.7476568367138710 1.6106007843102834 -17.4403139931273472 -13.6123892259334962 -52.5919515362972518 2.0040129827281348 6.5212467939541945 54.7976253352000811 -34.8382206644471566 -17.4112227278463614 55.4422618196229209 11.3991934072965240 4.9676771625570320 -29.2484654787697416 6.7370875253888087 0.8187665817101613 -20.5032281293390781 -53.6187339927764341 15.1509523622468940 -17.1581326335484974 27.7150497418749922 -1.9081032658304777 -30.2098740374188175 -10.2369306684646038 -8.8082786949959484 -13.6251081773791665 26.0490623292905603 2.0748977534857573 11.0539405424939368 5.4298960239235035 2.1152135584069565 30.9446645423932054 -12.9168249993988624 5.2196908987312804 3.1858155914696398 -24.7209443350404712 -0.1380554012285427 2.2515944474481571 -2.9982562419544827 9.6045522720777718 4.8567428719085228 8.4215161635032096 -4.1483084539875463 -3.8469207296386694 -31.6706307771438169 -16.7643974753562865 -20.3507180357430002 9.7365879423346140 -0.9065493595728045 21.5460540113669516 -38.6374879647614833 -36.8513471017241585 21.6469526571072599 60.4078716839208312 43.3569117331798921
267.0000000000000000 0.1636999840405636 9.0000000000000000 6.0000000000000000 13.3001363532065628 -6.5741481155653823 2.8444855377383709 -9.7504872559041385 -31.0571851694692782 18.4983332722395097 -10.6685113618828389 14.3400536689380136 25.7093856460843071 -11.4376340175005300 48.3348951604489372 -28.7591510029319117 1.0469336157857296 1.5982499089233531 -17.4865345977726534 -11.3859433729037587 -56.7187969558980001 0.4655783194051955 10.6418864923437955 50.8962499995009097 -33.7400698453459071 -20.0820759737262371 55.0983822341898204 8.6797938307795253 3.4876024207696275 -35.8663336291928232 5.5437433769671633 6.6222794622535215 -21.2288126879632024 -52.2166197992885017 13.2704235717217891 -14.2172837619460797 27.7963350603781727 0.6438818995157166 -25.6186632734591164 -7.1776038291262445 -7.2871132140121739 -22.0778443400651199 23.2782920545300449 4.8874466507878740 12.8227266407910641 0.9918216481632767 2.2178475534675419 27.6355912396971597 -12.2337782974781639 8.6704575599589830 1.2216214097269806 -23.7124469591988003 -0.3035879840844879 0.7945709277946000 -0.2013030550359778 11.8498670237216075 6.0009676193222559 3.7856906602982869 -6.5669325526458406 -0.4316534405640478 -26.5622987860170952 -15.8561328587155685 -22.2727253089097914 8.3337731791149299 7.7045324951867977 16.5181636892758696 -39.2703411901231121 -43.6457549258934279 23.7259153314893005 61.4361403849000069 39.7270668286944968
268.0000000000000000 0.0712588892539076 9.0000000000000000 6.0000000000000000 8.1926852936411940 -11.0104216421033740 3.6184370926479930 -14.5854334339946696 -37.4746582834838051 17.1608178063438430 -10.0671301084451699 20.9509001548670355 25.4371848800510705 -12.8418463384086383 47.4715427513284922 -30.9819184974988602 -4.0233089366534722 0.2162038709905436 -17.1898806888101987 -12.3809238793606795 -55.7175416738485083 -0.1889917425313574 15.3495440344717657 52.5791191587052182 -31.3846702622457379 -23.9931488824157313 57.1528915867337730 11.7246929981439116 7.1490771300098643 -33.0137052511566154 5.5293200738107791 2.3435452569678183 -22.6938927843061080 -57.5926888013530487 13.9460167130586434 -14.6640888491414962 27.6293750916532233 1.8002428414631630 -25.2607420835765950 -8.0019488357255550 -8.1892962095246844 -19.1488320713073463 26.4329085820456484 9.9432731684780098 14.8120755744524057 -2.9328057582467761 -0.9811450503331374 32.4583657551464242 -14.3419342906049927 5.2059827614633036 3.9011804377389039 -28.0980437419136067 -2.0660749013521573 -0.3031030050702175 -1.5571975469471888 6.8131811023478228 3.2293193320566109 9.1745720614114656 -6.1861976192949717 -2.0724845782134849 -23.3048943146983731 -18.7030345192223884 -19.5518336007422420 12.2514400846334155 2.2795042472312339 20.4211861397481229 -36.5261172134374021 -43.4907564681946539 24.6124474235409814 59.1370162294445478 43.4889262002787973
269.0000000000000000 0.1363055327441544 9.0000000000000000 6.0000000000000000 14.9913781609271446 0.7297247976685259 4.6154849595863023 -9.4340035279649417 -36.3990341408114375 9.6381979741439103 -12.4973891473050749 20.3597998117322376 23.6870343339964009 -13.7484300739492795 46.9553460271955529 -29.6611208889457885 -1.8219938547799690 7.3822072166981103 -23.6053444362101885 -15.5970698780875630 -55.9593692751223273 -1.1657903611105982 7.8034374045898636 53.1458520602367273 -35.2606073864254128 -24.9303097466888275 49.8109690428215330 16.2725687999704860 5.1763700419635814 -30.9640368714855434 3.9155986640123195 -0.1169848057332032 -18.7923414305928489 -54.0410580009163866 16.1324919864498497 -19.2627290095006742 27.4252528573779735 1.5350738736960070 -26.2333852200065927 -9.8837383948995345 -0.6865035570606532 -10.2848977862246684 25.8084125101386519 10.3191104354157126 16.5393911013205326 -3.6531588073192207 5.0101272525956571 24.8115153816824545 -11.6359113162203727 10.2140302012571311 9.0386516378997239 -19.9491601689240596 -1.3659980295234362 2.6540511464037602 -5.5739633256841810 11.5078536927253055 3.3632307273354898 10.9818374060242672 -2.9693864805558148 -0.4928601981769458 -29.6339207281376531 -13.3446880873053271 -19.7186747692006890 10.8321477327652307 2.6754735740249824 19.4063251642818848 -41.4866053366359822 -45.5261470819955036 23.8002642960215063 61.8137537792255145 40.0488244611751298
270.0000000000000000 0.1386403759023848 9.0000000000000000 6.0000000000000000 18.1854767496218628 -0.8211943190265436 8.7002609563306663 -9.9261479124248826 -41.9294524644171673 10.7429241606816390 -8.7999688696014857 19.2990699145832103 25.2854910175752110 -8.6575330791401974 46.5854745322259802 -33.9275464893878222 1.0284272592482757 6.1261807303876106 -19.9184062048322019 -15.4326563920945361 -56.1904864792528755 0.9609152331778295 8.5536997990543711 45.2942032574252025 -34.5857296402614409 -23.6688282317025092 55.5970420146395767 11.9595594875596234 3.4987766104262450 -31.9142760141056279 4.4941212794831031 -1.3844911367484953 -20.4548228276006689 -52.7561992314528041 12.3758857849197774 -17.3106042906884205 33.3343578383044132 1.8992571059920840 -22.3515530404027700 -5.6047410253235785 -1.1158062084468408 -19.7078192789863849 25.0370760528464267 14.2784428754250925 6.8426400595502246 -4.9890718507307623 -2.9602227569422705 27.0259416712893099 -11.9259737638500187 14.8466686591223116 5.3757579769641346 -24.5754754217821052 -1.2712165725246178 4.3443532706579395 -4.1738129873013463 7.0783232662558095 10.0691719202888450 5.9976369987157607 -4.9432682383861248 -1.6164533626285258 -32.5347911690072138 -17.6140516825592535 -25.0781978995258292 9.4370694263719948 6.2138572352910213 19.4631822345154895 -39.1329075556612906 -43.8503570147749144 23.2675687936900175 57.9495807671929626 39.9341985333436469
271.0000000000000000 0.0646218497018986 9.0000000000000000 6.0000000000000000 9.8438499806480095 -2.2935959442810825 5.1609061270364140 1.3856646333806371 -33.0847340313793978 12.3794801692298737 -13.0484198805361569 15.8796895380985106 29.7459196029594075 -14.4493634306734826 46.8169372530395620 -33.2951630135688248 2.4569514524766056 8.1270296006317597 -18.7591961611202862 -12.9805423460719709 -52.9480001951250827 -1.0209059626867030 9.4952133942710333 51.3857148924633762 -33.6416264039699726 -23.3281102510423608 57.0047716838294889 8.5199003655649257 6.2859784839912489 -29.2850710881811338 2.2923798689792441 2.8114436122848492 -11.7893539180629752 -54.1019736149352468 11.8913329710403239 -17.7700318468373766 30.1736805768587928 1.7854190056029418 -23.4668866317318177 -9.7001500556014193 -6.6497677716653989 -10.9806203992610847 20.2710479135390393 16.0799615676861798 9.6133334690669088 -2.3947606818620164 -2.0207998512014678 24.8005600787390215 -11.0514506590123478 10.6305955246162451 0.9284917850271457 -24.2848085480585070 1.3584445010744477 7.5828644641262954 0.9889038336720843 10.0454568650830147 -0.5001845715355007 12.1740509432454100 -5.0608314584443521 0.2450929687622980 -29.7526223418555169 -16.3274464571203453 -19.9721252041257173 8.3578933606602028 6.0641076024074403 21.0056012113815669 -36.0911913162034921 -40.7371662991784191 26.9545648182473485 53.5854221796966783 38.2681375627926386
272.0000000000000000 0.0652915800197465 9.0000000000000000 6.0000000000000000 12.6094080139935993 -2.4979039981042988 10.8827137997125654 -9.3281257385510195 -34.7361614162214565 9.1650770986829784 -9.1124912055415361 14.4511281437938202 30.1494394831397479 -10.0927342541310718 52.1123356068178083 -32.4490551171474735 -2.0930208703054145 0.8931972771782748 -24.2337785593153185 -20.1416153879563851 -51.8774523553781535 2.4315857691063365 5.8942419013107150 54.8338282016164840 -39.0770215092003355 -25.0996254867151727 49.9524453806382027 12.7818144020225173 8.0046470869988759 -32.5108302068085777 -1.2208492787751464 2.4509850688124115 -22.0465594935369928 -51.4118339374330731 15.7680354176939499 -8.9334748058710893 28.1374732123810674 0.0053449523869218 -26.8907432949336886 -3.3777840911887047 -7.5660624817377027 -18.9374662674200778 24.9679918534136647 9.5525093805702319 10.9742450113590007 -0.1271888021067498 -3.4292808253992897 25.4721386565409844 -13.5059090368754955 8.0332240233810328 -3.2730819224240699 -30.9861985203962718 -0.5411210297256969 -4.4819194799632189 1.0300033237705994 9.2929238600891804 1.8168789715492855 7.6434798386126364 -3.7274313847793445 -1.7597994883150170 -30.0465292510331352 -12.9786518801553541 -24.1824415895381044 9.5986956137468802 5.8496114185866830 23.9226077819003997 -42.8633622401815728 -45.2641550958603389 25.8027470644931647 55.4396901068148722 40.4164605782500459
273.0000000000000000 0.1645064817680069 9.0000000000000000 6.0000000000000000 10.0192478340649505 -0.1979599099919802 10.2944811428155560 -7.6972462993111002 -35.4875032979819522 10.6720216207925400 -17.1973458610785244 18.1040548219016024 27.8006927511198221 -9.4033234648372641 51.1265581333737700 -32.2920167443670820 -2.3902125184216585 5.8293891471443526 -18.1590293580901267 -14.8865253942635825 -56.0202231677374485 -1.5245741938618556 11.1142199487168032 58.3171404169212977 -33.7326513997042099 -20.3737447076557743 51.3643759802243522 17.3446100729415207 3.9790297541475605 -33.3326610763634363 5.9007206799810668 4.4851359212745905 -14.9360943683619727 -52.2710800198755337 16.8312740646731314 -16.8903527080606111 25.0511480472690238 -3.3884559042170217 -23.2239945433408899 -4.6059217587625714 -3.1504477690680508 -14.8502083530111957 17.4980646437034011 3.6911726296314393 8.3484558074687332 -2.0626121605120202 -0.5137668521957870 29.5233946873230337 -6.6846028219527858 6.8433704021964497 -3.4483688895524032 -26.7006978742846925 -1.5515083241257464 1.6947116404712648 -2.0458268872394711 11.2391307550638953 -0.0938081702661897 4.6108563294264995 -3.9669017044744090 -0.2668739885291929 -29.2518185250146878 -10.7851888254666477 -24.6276264995404155 11.9550038830911198 1.7560629312785325 22.0172329401035896 -41.1265758963494932 -43.8255438645608706 24.3867805654493388 55.3902291416481987 37.8495258528763188
274.0000000000000000 0.0732143553364628 9.0000000000000000 6.0000000000000000 1.5765706852178818 -2.2393039286986385 9.5758463562705778 -17.4881323402070059 -36.6093182625229119 11.0144546678171018 -14.3608609300238328 22.8360952339849916 29.3552616632944066 -6.6928053118893791 49.9156698206865315 -30.1522940557264647 4.2385052051065477 10.0570176641982343 -23.6288803666972456 -10.9545455864678765 -57.4446301784962259 -6.2204105831484693 12.2275970569832246 51.8562527691123307 -29.7882407875421293 -24.0659438645319455 53.9040757515151938 11.0897253870235808 3.9062928621638013 -33.2821418234779074 3.7387424662306907 0.7471956105810280 -17.1942695114614210 -48.1021263238500865 17.9149816485434137 -14.8152510199160528 34.6886397864663536 -2.8469617446293531 -23.8434501292106376 -3.7525174131830026 -1.1700765425716146 -13.8206054652988968 19.8252348814384156 7.9401497258569487 9.7937625305711045 -2.6328646614029916 5.1979759218736366 23.4337312924936612 -7.8655162161196124 4.7281941371986029 4.4521327477251544 -29.2431751396381117 1.5196878435705861 -3.2401918411887256 -0.8082774982922255 8.1672273072590382 1.3449547034727318 9.8254307274729946 -6.2487619827018079 1.4861220342514327 -31.8753579557440574 -13.9487277913374665 -21.7537200383051577 5.9760393755946684 5.3127701400402731 17.4767497206774678 -38.4715470643066126 -42.5733850127813440 23.4230859110495544 58.6556105399206444 34.6279182673228192
275.0000000000000000 0.0636358608487568 9.0000000000000000 6.0000000000000000 8.7783152640784667 -6.1517188923475210 7.9048130230320393 -9.3709400421557643 -41.8352636716430482 14.0572547750916552 -13.7034659152552258 18.0530458184935974 31.9133294208649687 -12.4551932907837291 46.5802021777753907 -35.2546961569566193 1.9650124025811784 4.2881638590251026 -21.2052914343738301 -19.5600576347455970 -53.3246196582971876 -4.4079244593094353 7.6753956721295786 54.1907966853661947 -32.7126764531128273 -26.3133516434854826 55.8943768427656806 10.3866143696818476 4.8230975012128123 -31.9449451907181050 2.9815892397797099 3.4701537390827033 -15.4112889037372760 -48.8152179013643206 12.1064924101176992 -17.2846203052153733 29.8932472188123981 -4.9255544160265332 -16.9166932452248204 -7.7938400209342902 -6.2436847297757918 -14.5995071582308213 20.7949273186672379 17.6678146462457342 8.8157683379583922 -6.6516318946549209 -0.1289041464090666 31.7706011260721546 -10.5988809616806989 15.6233411967495197 3.2769295438750685 -22.0058596460393616 1.6503614677869654 4.7220284213504033 4.2657841623346568 13.4178278585164676 -1.4232550170221432 9.7634536836830090 -0.8715127056089838 -1.6957300597932061 -33.6693488503195724 -12.9094907038241633 -25.0041123314157758 8.9047799426908902 6.3855679119288045 21.3530735808549572 -36.6495665341813819 -41.3271435706442105 27.7016100223698416 59.9626017162517968 36.9105642814583561
276.0000000000000000 0.1628198999122573 9.0000000000000000 6.0000000000000000 1.5862727101798457 -1.3065566432724349 10.6079278651167286 -7.4598377186473908 -38.8104655961494132 10.7219266058300811 -12.0139456436266414 16.4206722419671216 32.2049901095952720 -7.8390287604429769 50.1388313494792328 -31.2233048110521594 -1.0221746454561167 2.3978507486718459 -21.6637156859866167 -19.4167724878541392 -55.2998300703815602 1.2506476121238739 9.3388526315964615 49.9915726784012335 -31.8411994769713083 -20.2035036500538787 55.2004604040981874 13.5673722571394908 2.9674133302605181 -27.4153723995329877 4.7468443854016833 0.4586927153020730 -18.8654269895948765 -58.0826855455241571 9.7579859067497878 -16.4371764139823036 22.7755308272632000 -2.6741771576318007 -18.1180291137875606 -7.7337534208991272 -2.8010503186063613 -11.8103087920079197 22.0764307519721470 10.0382623801198321 14.7823385338597504 0.0784212365145152 0.0297023939627779 27.3506693338591411 -7.1473234277672928 10.2128627781993906 1.1801475518694524 -24.4597466386611551 2.6631788352968453 -0.4926921011594922 7.5598631742245015 8.2355403116960382 -0.7053161129325001 14.4777298641058891 -3.6943145574499852 0.6234619244139388 -25.6735925251888588 -7.6794430333227295 -27.7408721591158454 10.3772527526201745 6.8300992243994312 19.4259361025179373 -40.2634007564261438 -41.1817720064636958 22.1175376684333926 60.6402943750382306 41.3124676318528898
277.0000000000000000 0.0718566710169861 9.0000000000000000 6.0000000000000000 4.8579545898922420 -4.7415987896274938 11.3452276513319923 -9.9541834031930705 -37.9778099052262448 13.7210187017570426 -14.9995302709592195 18.7550387346752849 31.9388922846013834 -7.1899899674438785 50.1711174433693259 -33.2352497589851481 -5.3507281730267593 3.6045209329827728 -20.1157581059425503 -15.7084333468414066 -53.6911537351372203 -4.6841396151147716 13.1141583653522638 55.5044898843322798 -34.2782579812236534 -24.9278269007234279 56.6876795406949441 16.0735186930300031 11.5536488853220618 -36.8989452473655675 6.4113199356723900 3.1419492838941983 -15.8581774297668030 -54.2799645562853499 13.9464594805255828 -18.0185269207928833 23.9271498225595032 -5.2088542686112120 -21.1574618828058796 -6.0759506288544021 -3.7634243618765684 -12.2933399669753260 27.3162956109240724 14.9954601608414997 19.5252568432960665 -2.5940081120578644 -0.8838423556595509 33.0468328039781056 -8.1689966390312030 14.5399948125832967 -2.2244376747966319 -24.3778275059569332 3.8114456536261656 1.3078394495012622 7.9784321167835310 14.9701037458000616 -1.2721231983829708 4.5615855081867576 -6.5163907326003674 -1.6160819587087452 -31.6661222397177369 -9.7913414622498003 -24.9230124844905241 7.9679433848394510 6.6834677076064093 20.4227738004138892 -39.1948887663927508 -40.8174177523045856 14.9883126480111812 56.0038380532265521 38.7994680906214100
278.0000000000000000 0.1645212246582280 9.0000000000000000 6.0000000000000000 6.1708052675850755 -3.7733896048806881 7.2352027011814322 -8.1294196443363909 -36.5751359401133485 10.5408801701098582 -16.1260231067898125 15.9864624261618857 30.4254432285778407 -7.9253540450530506 49.9549067146964205 -33.9167082598091554 1.2532301987401446 1.1159902898635137 -24.5844567775987102 -14.9114927330259501 -55.1574691069771532 1.1457895796226374 7.9942691171548992 54.6333352400986882 -38.7597251993799787 -20.4491241781136068 52.7895082314460282 17.2588804045885524 12.6894284280576031 -34.9522903145666177 10.0462330539063913 -0.0863579985321968 -12.8013727144566509 -52.6879583220485088 10.1793020937992438 -17.2248673989196384 26.9051910461095254 -2.6191952170929524 -23.4567778996417182 -3.6852164024501968 -4.3909523734951925 -10.6283506184726821 20.4440213319778934 12.2726733698952355 12.9758811345772749 -7.5364197147972467 -2.1700262305051949 26.1080693496832552 -8.9986863664907570 8.4603678489536307 -0.3021957946028404 -26.7357111007540205 1.6780219837939616 4.9753571837031174 0.6347993990199026 11.4373167517767964 1.7809522032826552 10.9591391507434093 -6.5727899632245848 1.5977900874606268 -31.7822092231774711 -14.3680431871393051 -23.6666787092693980 8.2009922046944865 9.7238100667090208 18.7474942277618197 -41.4731909579251905 -45.1904704037818945 16.1522804786270093 59.3029665895908735 44.4907963759339466
279.0000000000000000 0.1384064842560474 9.0000000000000000 6.0000000000000000 6.8735837174440144 -1.8041526177663560 1.5673544123880205 -7.2998343459537178 -39.4818275036755466 14.5216857079214297 -12.8409129720057926 9.7047753051128609 39.2263974024555182 -5.6256337321715222 46.3564492163986657 -32.8291252567545584 0.4845992993512709 -0.8517958509199506 -21.7131506038409086 -13.0552762118309698 -55.5589481893679320 1.8347630334464520 6.2131446143991784 54.7911734590100110 -33.2628737540509860 -23.1398832600481583 50.6101060053427787 11.0255276833429026 6.9048713806435940 -26.2144391464803057 9.7952623660045788 -3.0843573863169094 -14.5402062861342625 -53.6043982597648565 13.3220346662684825 -13.0092761475618222 28.5956849241856936 -6.2628234929239461 -21.7441417427792700 -7.8614178834797421 -5.5497236575416631 -14.5329093662987603 25.2415041626574812 5.8974735387835722 13.2651455206976721 -4.1787096875379213 1.1881021062448209 26.8725525424445770 -9.4636950049990460 10.5441257530153631 -0.5908419300263433 -23.6258791106406072 1.5674573315270302 3.9014656617055032 7.2066786978374022 16.0239838792308902 2.6560128811729351 8.4590601626048390 0.5014349226015113 4.0689424791330486 -37.7560660493588784 -10.6362634757855741 -22.6661447377004457 11.7112464976868829 8.3317741677738937 17.3520283813066349 -42.1544119043093275 -36.3265191133768823 26.5495710543673624 56.7401484280653818 40.3931201336278463
280.0000000000000000 0.1630203811096604 9.0000000000000000 6.0000000000000000 6.1280896185424503 -3.0278124419599504 7.6954441194051082 -5.1205391620647820 -38.9813978840429911 13.3510831876172524 -24.2436269991194955 16.5770037902069731 37.2525027943432363 -8.1144551995725323 42.0642150646195958 -40.8570190660240371 2.4672959290241216 2.0896466523179615 -21.1999197821362060 -13.4151983028752415 -57.9719470419490648 0.8601566485518168 4.5481937387667903 54.7745004574311665 -34.0775247358996864 -18.8553596398102918 48.0304854460046471 9.9198265533020376 5.0871767816929987 -25.8152083908038321 6.8816701566217118 -1.2025881212152956 -19.7707729540900559 -52.1033664421170428 11.7419392808352878 -19.2426504431764940 28.0286363583662208 -6.7724859468737240 -17.6140774219552512 -3.8751663794396771 -4.0382759852208991 -8.7642229143049644 15.2854914927815440 13.4671552306441775 16.8898593010505103 -5.6583833539581319 -4.0044358919755956 31.3838055168671097 -12.2568740642104430 7.5097937334942237 -0.7813040618370479 -30.8883532246475312 2.0968554972328244 8.0688261376412562 4.0378926311949952 8.1139385986612496 0.0859520979131627 4.0041944960818796 -5.9368599025004931 1.5838817258837068 -35.3393042091205061 -8.4097464772003274 -22.0432812191323499 10.5212978553674290 4.8826766910822776 20.2704578179693087 -39.9903254454046717 -47.1565011845561983 22.5557410932836930 55.9302697514383524 40.7276420720153212
281.0000000000000000 0.1385258092776835 9.0000000000000000 6.0000000000000000 1.2090061985390550 -0.2584716626909243 10.7295636393804390 -5.7357394335960246 -39.0092111859796873 11.7086765878257566 -16.5006201293949069 17.8640037211620673 33.8759255074410319 -3.9504646809746173 46.6776905725708744 -37.4557738879302562 7.1409713723166011 6.6426921188535450 -22.1332389780183760 -11.5909288445374141 -51.5951234483976080 -4.3128639266511106 8.4775053185939839 54.7189302113137330 -34.6071946054789166 -29.3844144131238281 48.2871274736253540 18.7816024450127124 7.6493140411832368 -34.7052037424022402 6.5970398896741429 0.7979948049664038 -17.8518545094355190 -55.7864445553482113 17.3477009753000431 -16.8157161706206359 26.8856552647992757 -2.4117868717199782 -22.2308830223192189 -6.6584492493923406 -1.3136227261224005 0.9653612041683957 17.6822301433511733 14.4036620754346654 17.0651797242255086 -5.2726793547804167 1.3907458748210284 30.0003873776695364 -2.7962235084292786 11.4920840914204536 -3.2709518163371731 -25.5680565606262533 1.7400405300908077 4.1966745704015684 -2.3283952035442894 11.1677908120614688 -1.0314017535756999 12.2368658597348237 -5.2983915662467620 2.3213904073244986 -27.5598574095511673 -11.3865667617318724 -19.6279602921189777 10.9300668119065634 -0.6973730605505208 12.4768048011121948 -45.9980039678498116 -35.7994271170840719 21.4432703639785700 53.6756167115368399 37.6114461381273557
282.0000000000000000 0.0688754374693017 9.0000000000000000 6.0000000000000000 7.3718825305230258 -2.0286095222850742 10.9812383637919062 -10.7472237790017253 -34.9884410856582306 18.3022271477000800 -27.5423901890060350 17.8993898922097614 31.3095151312148836 -7.7370287093208159 46.0999368349668686 -33.0079744290901047 2.2844894098143320 5.0374843164456085 -20.8630434347516278 -8.8489061690393598 -57.2314317555351337 2.4221072112063169 8.6609867428601284 53.3445275247995525 -32.5552696983953567 -20.4435769829429610 53.5218089548844347 10.5174488096927714 4.2983224194324698 -28.0401471658268555 5.7785231934254009 -0.0439883670669448 -18.0642928679048893 -51.2779955294601635 15.2518786608773791 -14.8035499103124923 26.5951034978738150 0.3775336600853372 -16.8175706644476577 -7.4070582985662226 -3.7046249825660276 -9.2816012072976672 23.2269978501109939 7.8084505222208902 15.8145584453325991 -3.0529308312240748 -1.2477080497845763 30.7714809968860834 -14.5205769068615744 5.5905568701172115 6.7366526599990468 -28.6308728095597438 5.3038292889135636 3.3360565524672214 4.8522231896832810 8.7792409095890740 -1.3605705286736218 9.1322580947247847 -5.7295523273649707 6.6400407997244448 -31.8295426651372715 -11.0268416361148098 -25.2418575211916405 10.6811409876838219 1.1683081211356789 17.1553329005803903 -45.5608323216953579 -42.4151504011338645 15.2050609830203882 55.8717091028195725 32.3891758828467076
283.0000000000000000 0.1391125321493445 9.0000000000000000 6.0000000000000000 3.0697070838456213 -2.0032011722373619 6.9803376119318692 -13.7777212886087383 -45.8327658034996901 18.7068653348465865 -22.1093901932586014 17.2703440196048277 29.0027286864846694 -1.8736437832893653 46.9736275778766057 -31.1230549121454203 7.7549374861545246 1.4939323983861112 -15.2802781823716671 -11.6900826783904535 -53.6115296290045862 -2.5442989797393123 7.0412755102806086 49.5071102451104466 -36.3542332638834438 -23.5801657175603694 59.6718927560846879 16.9799420422498990 -0.2866094951636144 -23.5129057244388129 2.6591217668504212 2.5628768717032715 -19.1449252401850032 -56.5252240160951231 13.3431777576139865 -19.4581038761467333 20.4100511819579360 -2.1909863108778902 -17.7661763051374741 -4.7318102382902962 -4.7497713728031759 -9.1544193091501391 21.0385335687634871 14.3200360813050693 13.4934353914658338 -5.6181473592744453 1.2341944735282051 28.5324659952147925 -6.4052584046701231 3.9619017898199189 -0.8233525898248671 -25.5180607604765832 5.3248246633138301 5.9109584898566379 -2.6482533966155981 6.4972776353506569 3.2579806208313764 12.5403659109441730 -3.4786456063058004 1.8572524333547742 -36.3375476599726568 -13.2896344920909169 -26.3938006039378372 8.5307338159152764 2.6419665257233946 15.5505289916309941 -42.9793781458615669 -43.5212029023982367 14.1518540959877708 57.9771944905803807 41.5795947850874938
284.0000000000000000 0.1395696629514698 9.0000000000000000 6.0000000000000000 8.2782929797454088 3.9831269144056094 12.8819729299171044 -8.7286182894093791 -39.3052337912762653 18.1223413683269392 -21.3595470230062006 19.9377360184643635 22.5904545625756690 -3.9579289566914415 45.9892041990277818 -34.7191665602765056 9.3602127204969570 -0.2025825845968465 -18.8420050009350639 -7.8351816403025296 -53.6888729508437592 -2.5199384605912045 7.8560172120274929 51.7864266554761628 -36.4574049059239442 -27.4701420896905226 54.6601099458738560 17.1983780265204160 1.1787119547434202 -28.1779437105390187 8.7838825620818692 -0.5677079829436456 -19.7281009949912551 -55.4102014157718443 14.2194153176211486 -21.6449670406449677 26.5088424790032384 -0.4584571636794861 -19.1511356018360388 -8.2758311940382487 -2.8509627999999303 -6.2030709484245410 19.0863735358937170 9.3859633725031344 13.9788784344636134 -3.9452199506438053 3.1503164707123488 28.0483938428224988 -0.1889062484976733 1.5769059281942823 -0.5126109105349222 -28.4199040720833764 2.1254040821399731 5.1439946432771775 -0.1751320014243802 7.9709803630017424 1.2850254727721711 14.2425834319997122 -1.5819210634371590 1.9103557016179606 -35.9770713058225695 -10.1491458096116922 -23.2019851667457431 11.2655833754316781 1.9568047576383854 20.7016145612825220 -42.8733439641043006 -46.6549649637589781 17.3203692602292669 57.9532449962402083 37.3203972527544394
285.0000000000000000 0.1390411941244583 9.0000000000000000 6.0000000000000000 -1.2544778185362659 1.4041021742854558 5.0854473739511699 -7.4475494039215269 -40.0742511013433997 18.0335751257542363 -22.4663615021099616 16.5177328926756672 30.6382852196498980 -4.1705203483260878 49.5138528997068335 -36.9474199747806438 8.8239850989789232 5.0940313706185192 -13.6097865397328981 -13.1286719681123376 -53.7283733480677768 -5.3672403782260343 7.4873233157195207 55.8497360248631125 -35.0900942979825885 -27.3688739106668173 56.9641690307742721 14.0316412293860822 5.4868020898948942 -22.7240347110974028 5.5320937812073661 0.9020657797771835 -19.2646229039826942 -56.8985222023615052 13.3505599119048330 -21.1273324758391929 26.8553967981909629 0.1928898510380755 -21.9667573949552910 -9.5969488396343916 0.4822393667458664 -9.2216437906061604 24.8735357374649659 16.0611228350397042 14.1631812678085947 -3.7505533964691447 8.4025651621778010 28.7385547351989281 -4.0143284681892180 3.1798387076006653 -8.6083913242070302 -26.5631853562768399 -3.1941773761915555 8.8544806567669916 5.7629940730029672 3.3551720703268844 1.5738542720500617 9.7659878851834439 -1.9425621947134775 1.7245915522297635 -35.3745396984064726 -8.5776866266189682 -26.8960136288235994 10.2192716861904032 5.9562319733471867 20.7444116002923664 -50.1599111495862360 -49.3752956415555744 15.0992693877654087 55.9849819542864253 43.4624347069049577
286.0000000000000000 0.1386076715518327 9.0000000000000000 6.0000000000000000 5.4927659780412172 2.0046984708608484 6.7457123671054919 -12.5105846118472748 -39.5880275945868902 16.3818423689701831 -18.5989844225286838 19.4809004057967137 25.4018543889303778 -5.5169064251858959 46.0546144573015184 -37.4051626119119902 4.0434736428740994 1.0969898285113624 -17.6982774874563589 -11.4588115788148013 -47.7890077767822561 -3.2192540311841848 8.4424798439930075 51.0576754631506873 -34.2611588404698466 -24.1372077107760461 53.9116041414951397 15.8451867012040051 2.3858991787593014 -27.7847769185056315 3.4767437322077024 3.5995541296747366 -18.4811288141340917 -51.7476965503177837 14.9326485477763811 -21.0089045284328471 25.6628664801825153 -1.3293795763733549 -16.7623306678902146 -6.1004687060851124 -6.9834205196557688 -11.1513012361175630 21.5811783845508387 14.0200577532330701 16.3722546831391362 -2.4006620070728961 10.2297492803501626 24.1935605293015747 -0.6868511629501848 7.7021382447254672 -0.3678416015379851 -34.2605153542621039 5.4250082602540131 -1.7765153498783794 -0.1575595898184186 3.9130166467358993 -0.9791765973864068 10.7100270502243209 -4.5716371421078996 6.7678903970497348 -33.5578569788421177 -10.5848354284282404 -25.0670422618581057 11.2855596931988931 -3.5320568485057815 18.4358886504969064 -51.9835855154681994 -46.1451316365089994 19.0322792200430229 53.4983101782016490 38.0783303107369662
287.0000000000000000 0.1385922362915330 9.0000000000000000 6.0000000000000000 6.0812175460155480 2.9847209130397432 4.4071185250536535 -6.9820184992394045 -39.2288643956015832 17.9002791193296886 -15.6609447299109483 14.6223803119235107 22.6417318538394809 -8.6055639456688997 44.4140355083430762 -36.7225676916803323 4.0474352187606311 4.1662099580939964 -16.8529623966512609 -10.8775464323763771 -56.3377081984921873 -9.2650103607163601 12.4176853671212690 52.7391387096666904 -38.2225127358125150 -24.4300786602872186 57.9715511054645063 20.2592169691921953 5.0917046932388752 -30.1922604655744991 4.6954585607026660 1.0428557820300788 -22.0301878421905926 -55.9142671875821122 13.5437241732601681 -22.3400520073119040 34.5309850226372888 1.9567976098550006 -15.6063798937972784 -0.7540652019528364 -1.5442474308689702 -7.4943113793097007 18.0600805345342188 10.0666471091321892 15.1715672441514648 -3.9153291112272131 1.2337786660314864 23.7520921549594348 -7.2872185521828907 9.6298044300471144 -1.7112396815468407 -31.5784755235361274 4.6044167570277148 0.6735056951020866 -5.0054862592555764 2.7914596211834617 -1.2627606352750653 7.9307740905690025 -1.8485345572744527 6.8111825347019517 -34.4875101764345331 -11.5678998522971810 -25.5986189663945609 7.3707856266379741 0.5849124945868892 16.8098038571449955 -44.0606108942940295 -48.4306358060836573 16.9616669050702882 55.0689979228482613 44.6534223733237710
288.0000000000000000 0.1391424912783253 9.0000000000000000 6.0000000000000000 0.3840880541034304 -0.5108217582158204 2.7069504985715427 -3.9860630977280191 -47.6876658195398022 14.7901471792742480 -17.7020537952381467 21.4716882521127062 33.4028734853644806 -5.5589688384336124 46.6487777613193444 -35.7327099004779143 0.7487490250169646 9.3596628419549059 -18.4938449428922134 -11.9255343192780980 -56.6781091508167165 -9.2625590927553496 13.1581421452736116 53.6246270233868216 -39.2301451971770163 -24.8610749611307682 57.2262694334113604 18.3592126941474163 4.3104921216168872 -32.0608848873722607 6.7037024696688245 2.4742741595987088 -14.7747104493235888 -54.6753426950814259 14.3261622284351198 -21.2968818565191746 31.9312135088458753 -1.8680261573119505 -19.2191010479038624 0.9721672319241206 -1.1464888443358165 -8.4311752340482329 19.9593268688871142 15.7925902691353635 10.6867167113771870 -6.9140051274081493 0.5128309960351380 27.5210848515232627 -7.7927986074676632 11.0260094619300286 -2.2774369404354986 -26.0752184403424749 3.1032058261208157 6.8754199439150163 5.0908948347952991 4.0259068095494346 2.0202936031353556 12.4532291545139557 -4.7153882601156711 7.1622235883317753 -34.0170439364342343 -10.0932247128197385 -26.6056893642451016 3.2644272487931456 2.9552598788830005 19.9053950113289204 -50.2896894696529912 -46.6191709806860075 12.6405292162672573 57.4626097112196561 42.2036572942354908
289.0000000000000000 0.0704226460498021 9.0000000000000000 6.0000000000000000 0.5790718687817100 2.2131904327329770 5.7845653284857637 -6.8898376191302422 -40.3409632624321048 13.0929026596322160 -21.5113315462109043 18.9487410583243907 29.9686189465131463 -3.0648688212488406 43.8680277011596402 -38.9579335956078978 5.3738813322193195 4.9381752433728696 -13.7019545898390742 -6.2695960944017486 -53.3873315223617126 -6.6086405921929705 12.0007461532900859 50.4181034948828284 -43.3536938342311373 -24.9538273246558795 51.4691978131832926 11.9099746148535885 1.4776726807213703 -26.6103778925694243 3.8499493425825895 7.0455054875080982 -14.9653659406675015 -53.1316186808964659 15.5475201885618137 -21.2209636017162779 23.7219319761664451 -2.5045274223669685 -18.8210160530934019 -6.3591233453696328 -2.8735526480146225 -6.4834515042878165 14.9801902976882833 12.9752220849481485 11.6514787657017465 -5.3177232652700628 1.9654351358541753 30.7281903739685447 -7.1227590590036050 12.8061505810511882 -3.5834685102122030 -26.0764329276568319 1.0683952370509460 1.7037444247434645 -3.2452685945666548 5.9903105373492824 -5.0808054452479405 10.4142665196496420 -2.4314654849967483 12.4392139610519656 -35.1728046813118880 -10.8366964497389553 -21.9156188560350245 7.6684890230894345 4.2873378432990012 16.7739770190784938 -44.7280545536599732 -48.7910331100191428 9.7987351462841161 58.8209164569060903 40.1599494069868612
290.0000000000000000 0.1399844784394511 9.0000000000000000 6.0000000000000000 4.4648287479594817 0.3262795596552253 3.8628878534050850 -2.3115161010644458 -40.9676473737237927 16.3594790522180311 -15.5916174690540554 16.3649934047828332 29.0280086614617403 -5.7401967439294754 45.3486982478854870 -37.1385983214814672 5.0037946505715816 6.0199507017539826 -10.1082854926564352 -6.4666466078811302 -57.6020353547307025 -1.3986371310762102 8.5365115574141903 56.2632995564734699 -38.4462843122330185 -25.7211599298825924 49.4863091721560906 17.8718646364724059 2.5812006040000761 -32.4270437912802052 6.4795117285799231 5.5155481995391984 -20.4083615860337737 -55.8424138005008714 7.9241211499011852 -24.8716711935049304 24.3899698449687037 -2.3846667563832593 -19.7147715066788365 -8.2318439094665017 -4.7635886711497184 -7.2752425446649260 20.7799380979991106 9.5376471697347238 11.5659925075946006 -9.4408428945244900 0.9033232078065301 29.0379536184778324 -11.1411482182168378 -1.0039493959631436 -3.0623295023049311 -29.7787897852094687 1.3224268293901116 2.0420172302532347 -5.0599928703858827 1.0048665115111257 -0.5299410731086200 9.6959341082672186 -2.2339716201434845 9.4915174523437518 -35.5533678393351948 -12.6745950397044886 -23.2013442199337341 9.2554234343028288 -1.6236667674227281 18.4797819772205223 -46.9700429907259291 -47.6743174341347000 13.4704354112572400 59.1807201190547048 43.9141505643199821
291.0000000000000000 0.0784829081300513 9.0000000000000000 6.0000000000000000 1.9494000168249359 -1.3793673757175173 5.3710842972625574 -8.5962904674707303 -40.3978529380534894 8.4945889234118503 -23.5323823334316344 16.1063656575783369 28.7913186682846387 -4.9545376674408743 42.9329319066171706 -36.3992550396554222 5.1329274733897439 6.3872740386003510 -8.8615934099562015 -19.3927746325302444 -53.6341285074485938 -7.0607342479165300 11.0663900817505017 49.4629626313032986 -39.7733822592902655 -26.0281867120166801 53.1984198467606788 15.2960469252344016 -0.1238486020392591 -33.1585740135499378 1.9629400585211974 7.0681074625094107 -15.1453335562579454 -47.8612437383959062 13.3158984160019216 -21.9911113784532439 27.6993061221660497 -2.7514348124627395 -19.4296701743466684 -5.3361189857816429 1.7550811565830360 -3.2170804331825256 18.1413618555458065 9.8680616926887250 15.7954838275003091 -6.5897852986971959 4.9679403109379026 29.2473535420914459 -3.6285696006074293 8.4272797863802218 -2.6645518830253647 -32.3240619305164572 2.7728403365731822 7.0870461844440999 -4.3295845128068047 2.5324662008935266 2.3294288194353285 12.1546330936367859 0.0477367106412800 7.2991129735990548 -32.7771520995483527 -11.9852036787127432 -22.3087671190446599 10.0940801233255701 -6.0667981445665600 19.5292878677271204 -50.2941175354049790 -44.0692139268055314 11.1883266820519118 58.1975053917620357 44.7824819800279386
292.0000000000000000 0.0709389407350374 9.0000000000000000 6.0000000000000000 5.0672064225634044 0.5539788946814492 6.9886580833985157 -6.9399430018193096 -41.2646909460813376 14.9198560816141210 -15.8987613613697718 15.4353588990629547 30.3393986611982314 -8.7575558075308599 39.8635952488709009 -36.5993135624463193 -3.9106000641302847 4.2297991852427312 -14.9507146154932187 -14.9407173482015487 -52.8769507257909552 -10.2200464173752366 8.0475272768564317 53.2327416060531462 -45.4443047402070874 -23.9467928977160156 47.9662697490277452 14.3755860086277565 2.7153948687024405 -27.3612506699873279 4.4084823312104549 4.7561764631990480 -18.5364102775372857 -53.3654519758458648 18.8258219572876122 -25.1538015695037735 22.2668315193880133 -2.4273046545312189 -19.1377185928299092 -6.2192078639728789 0.6398286484251918 -5.7046867800532937 20.2324098348216950 11.9276301888996770 16.2732652747378310 -5.5667849129303573 5.4788663102103303 28.6148322842083083 -9.8391854047790694 6.5903182458096934 -3.1439380493579212 -30.0348707178228551 1.0789928412569609 7.3316175984835619 -0.7997530869627234 1.0738088140858317 0.6980087110811704 13.1994398647628959 -0.2060755323255707 8.7116967155381975 -32.2468780099044849 -10.9660740918216888 -19.0181289568958825 14.6145605888346868 -2.4729922406288627 18.2707496519346719 -51.0600775364061974 -46.4147173233693167 12.7370688293087966 56.2248156381155795 48.1414678831205549
293.0000000000000000 0.1386477495137931 9.0000000000000000 6.0000000000000000 6.4880460646893008 2.6310206623209478 8.4066248648349919 -8.4388466419981718 -38.0234002138328080 10.5058281493597327 -22.7219687316888752 21.5457915184909119 28.5735616724137422 -5.2450065324829493 41.6347359470432536 -39.7622387112420910 -0.4665997013191103 8.9636713954720939 -17.4133825353603164 -15.9974634640548192 -55.2425742180254460 -5.2816739119783787 12.1367503630174660 53.2804616349945164 -41.0321738841241554 -23.7048523205295893 47.7481176095782445 19.1116931400445083 3.6620723523270118 -32.0848994235763811 4.1373757607556625 0.3586889543678620 -16.0149687286767097 -58.6456200378171673 9.3879270227128231 -23.8663795946681034 27.9760710751432846 -0.6757779097491485 -21.6138966578691480 -7.1802709619292866 -0.6133950176078363 -9.3739014892736598 22.0022252860497396 6.2007843004954140 14.4119625524634980 -4.1888325639668587 -0.0420236059847690 30.1019189398069855 -9.0596472275057867 6.4835075653547536 -3.5976472729399984 -32.9233309487051073 5.7826281679455827 7.0710090077822612 2.2373855610037716 8.9329422665736669 5.3857052808714627 11.7743265978944436 -0.2640869089022262 8.0153900918135630 -37.9677539892044038 -13.3750537876307121 -23.5801969436619387 8.8227781078248722 -6.6823415585160504 18.8601934473570978 -46.6610839960331347 -45.6823260760935241 11.0297913374337995 57.5027473749749021 39.7087046588645620
294.0000000000000000 0.1399618370312487 9.0000000000000000 6.0000000000000000 5.4432253362466589 0.9958655413443939 4.8934560626218842 -6.8485983704304463 -49.0052433492055570 15.1061121338180122 -14.6148925825953189 22.1746817283157114 25.6658799240708113 -6.9731648782562763 43.4388194479022118 -34.0176837139774264 3.3326642659554446 5.1805177927014299 -16.6198076469484839 -18.4752828123887518 -59.3134183332280500 -1.6233957209094552 8.5986569315009351 52.0095522063076174 -39.7068434022682268 -26.3290687154939356 51.1360379770646531 17.9082296055011305 8.7985681247869856 -30.1372286523744641 6.3260484662498859 3.1192721692164072 -15.7456312122558248 -54.4240161717103916 5.6417849304413696 -26.7963745956080288 24.2297178252999963 -5.2284285457183231 -22.9184078960120914 -11.3399677203273441 0.2880857263008123 -5.1279863970180672 20.8642815872229903 7.9546395093524653 15.0944797502142798 -12.2416759956184507 1.1142090735660448 29.7637435837082798 -4.5609483717736419 5.8834029337426914 -1.1903867325998037 -36.1816481303339970 -0.8219958847496391 1.7928536538694329 0.7946736334739727 3.6302974822476028 7.1940356565014341 14.2261895809762606 -0.3898402857137260 8.7611065045665573 -27.9180282777033462 -11.4597742933667845 -19.7289830798679375 8.6444666067210427 0.6766304220065553 24.0974706854595269 -48.7871421176986289 -51.1573685152773336 14.4590082311841179 64.8043219205219430 44.6390606359998401
295.0000000000000000 0.0623396226665709 9.0000000000000000 6.0000000000000000 9.1485983591328655 3.4156257672091108 10.1390778807629900 -12.6338676709800950 -42.4078022621352204 11.7524102121377254 -13.9164881143655190 20.7506801555676859 31.0464562257571792 -8.8880725704602597 44.3575775325099855 -37.9141227591083663 2.5320830421430065 6.2306439140103960 -15.9716711677747973 -11.4805431540891600 -49.6772200869193270 -1.2696160704037722 13.9174190833112128 51.2286549780544291 -38.2674233540660893 -24.6012296818147789 50.1198962870227263 15.1398697214722038 1.9606321669863847 -35.1679419497337165 4.2230565951539365 3.6050529588750830 -16.5286594343066291 -54.2759875886365606 5.9067156778447618 -19.8590622861026418 27.3284178044647525 -1.9306264280080865 -20.2438141325742862 -8.6767331292961192 -0.1038535641657599 -3.9061639577455378 20.3573279327489800 8.7291039163459274 19.2631389490711697 -11.6226705761519451 2.3338718265140019 28.2040754416889001 -3.4763734089332505 8.1891022588341862 -6.4211255847518123 -31.2164907528341260 10.1567088607123850 1.0353987496771508 -0.1779188695782067 5.7098545859349228 1.8764673797528362 9.6649089856249404 -1.5297222239500021 9.1198141756418654 -35.1916240066741466 -9.7378564865167689 -23.9052062729519115 10.0854305196085647 2.5715732615075497 24.0763859202427852 -46.5842366738182108 -45.2365502562778019 21.6270217709619637 62.9806238597127646 41.8944028534988249
296.0000000000000000 0.0675614522941717 9.0000000000000000 6.0000000000000000 5.6700158899993447 0.5944129360327628 5.8729960715243035 -9.6376096195120571 -46.0822679794911423 11.0860562727922431 -23.8875295707102460 22.0620942920991432 30.7026459949164234 -5.8494390684641111 40.1887851719268312 -35.0092939388501065 3.4861330101972814 13.3989181581859071 -20.3349889785218743 -16.0991224556748236 -56.6157000301251259 3.8799647846983554 8.9671264225942462 47.6394671649659571 -40.3472966841319902 -26.2549773346624136 50.0255034176128248 16.5378280898743562 6.2771879368893799 -31.9231436161202566 5.0488711605338450 0.0924005191955324 -15.4991901333377093 -59.7325452075489025 12.5874641684088164 -20.3771071256763285 29.5812221658282155 -6.2037019342640383 -13.7286954328324491 -8.5562935623114225 1.1292539498731473 -9.5464594365108546 19.8040539598303162 9.9085483211906489 14.1943912282843137 -13.0981110663022822 -1.8763373215639549 28.7185853612228286 -9.0605846496105666 2.1453758974883756 -0.5959237392367429 -30.8416667142377428 5.0328050214137789 -1.9961107139729397 -0.8809057852706984 4.4581056089799080 -1.7230231603773865 15.7633130534695063 3.4366502343476415 9.7368682364390828 -34.2042587691915188 -11.5693883755615463 -21.6840373381631153 7.0166435263887674 -3.0960808307978720 21.3438394523529915 -52.2711994276350183 -51.7015616161906593 13.1794646720695354 63.3381810558938767 40.7139205741087480
297.0000000000000000 0.0712140356674398 9.0000000000000000 6.0000000000000000 9.6261377871382461 -2.1532725654451585 5.5252189237442231 -9.4410633921521416 -39.7475067547263095 7.0828461800791169 -18.4362714694674317 21.1688505296867717 27.0538785110316518 -4.8273533754690376 44.1662228995706059 -38.4556600930902022 3.3014098037655475 5.0593634095675295 -19.3544501279802716 -11.9390896724965625 -57.4522529126434023 -1.8664839026480380 11.2658642048025452 51.3541876245610638 -38.6976046727646761 -25.7555108446549461 51.4178451187079020 12.9742847309545599 2.5713058537724898 -36.0617853068899947 5.0402868874518347 3.7558427636345764 -16.3059913094299667 -56.4056136379476953 10.6532722610131803 -20.1795587596125330 21.5505273592235511 -4.9214645875458833 -18.3159985496524165 -8.4268975205920267 0.2389317696550982 -10.5219312934791578 20.8997502140145883 6.0267846225672468 14.1794109502188004 -7.6914552484103886 -0.6772832266222817 27.7707021524571012 -1.4861300270180973 7.0182096789153929 -3.0348597417037806 -37.4491543301197822 -0.0626690064269555 0.7913287040847317 3.8738966498395317 10.9067469974528031 -2.4099014277571027 16.8410057687184924 -1.3798385637884041 4.5937512753103658 -34.6091988075172665 -8.4910212083885668 -22.4375460114209595 11.4087478991416305 2.1823386671247156 24.0544990291193379 -46.0881549914810336 -49.6868633890615854 17.9961173086638553 59.4465370706504501 39.4276615746619683
298.0000000000000000 0.1393583134442528 9.0000000000000000 6.0000000000000000 6.2329220851479983 8.3887277068854171 4.3644395899790371 -2.9689436482907290 -39.6733095553117465 7.8059098872170338 -20.4942521768160688 19.9929608096450835 32.2556659963328300 -8.0861151983084518 41.0799265755797833 -31.0919958706265369 0.6517723180284198 9.1565428791263219 -13.1885601971108315 -12.0339069131569492 -53.3238291931201616 -2.2190690509049755 10.0588989971192166 48.2162820475196128 -39.2973615895790260 -22.7327822102876524 47.0196226308573060 17.6643537648067230 5.9735802170378065 -31.4419243228592897 10.8248583181256635 2.4600115469907307 -16.0335007063834318 -56.4049898538050414 6.2188243783152481 -23.3020458989284620 24.5601558063255005 -2.4794105952285936 -18.4746368974575148 -7.8049752863983137 4.5662575091451556 -8.0029112686000996 20.9821548263204392 8.3662914173342120 15.4783394996557497 -12.0290593387919476 -3.7130789197765894 27.7063605288324482 -6.7035517534374733 6.1984887166859890 -1.0908351233541160 -33.6028141027749001 6.7533053901791265 3.8917615180807230 -0.3852592939575981 4.1768191191233282 5.8642742609322749 10.8507781062904680 1.1492306205110436 7.8176857949902958 -27.5211459789565005 -14.1827818283018061 -21.2896300495148374 12.9832375813324035 -0.8813706976008520 23.5990656221916879 -50.6471432069071597 -43.2865703927850234 15.6755348622740787 61.7365247383305444 41.7770461881911785
299.0000000000000000 0.1397833712388608 9.0000000000000000 6.0000000000000000 9.0927167656156165 2.5562985438942203 3.8831406150954453 -8.3386010552436023 -40.4053438321143190 13.0580722438313028 -18.1162715606534590 17.5156799633489761 26.9442126680619651 -2.5915896762091304 38.9686310863397978 -33.3493125619216784 0.5667868235877664 9.2257818733799013 -13.0297562286423467 -12.7403424841366704 -56.0491513929175014 -1.8372518350997451 7.5392962086474267 54.5134889956677071 -39.2161312021461441 -23.1300461515365008 47.1144600729048406 15.2986422121876497 4.1134984159935737 -30.0993093481799256 9.1013806430789188 4.2664868256533364 -18.2669496310778356 -53.2707014698574852 12.5965408960126855 -21.4228127673869722 29.2230896051014781 -3.6768666494767355 -15.0050592431490042 -5.7613130787091844 1.9455517937099476 -5.9791083822048705 23.7847899489704631 8.2928602437225436 15.9348466138665579 -18.1793350542587717 0.3739675597527079 31.6097756594649795 -7.7280128177440073 9.8959904046999654 -3.3887284916133078 -36.1402263068174392 2.4146074210682489 4.9257016203744248 -1.2370848098997649 4.1449633500250149 5.3797335436140195 8.5956614363108130 -2.2392976970154845 7.2403621761564683 -30.9247618328483860 -13.0240504447684788 -22.7663722200003704 12.5573969323833730 -1.6968381074746066 20.9974587550059901 -46.8800118494188283 -42.6669853135062169 15.8790736900755807 60.6387983046688532 41.1059066900575942
300.0000000000000000 0.1640850932023800 9.0000000000000000 6.0000000000000000 6.3547183741120996 0.6552391893645246 3.4285547970733115 -4.9385859187974521 -38.5897363585936617 11.4413834051683718 -9.9305250845369279 16.6935398689917562 33.3303273601273844 -5.3162250759625662 41.2591441235653065 -36.4758227743152332 6.5815016295483986 9.1816776892003364 -14.9632444669592903 -9.0764165113409945 -54.2368029874864916 -4.5584530374146484 6.7070651000182862 54.9434508658747163 -41.2896076950104955 -17.4762303815049620 48.9939486492952341 12.7574645087373071 3.5758517087932646 -32.2529295743857460 3.6377724562266556 2.1319263566023814 -16.5034393970703590 -54.3940739462430400 5.6465743418916050 -21.2865110831494881 27.3043397530959133 -0.4996167736909172 -18.9163483951605293 -4.8532250020461287 6.5711655864715208 -12.2252870596144945 23.4885846336262887 8.6833186265857307 15.1004642200482841 -13.9550814025104106 -0.2193154797668640 31.8246214213484180 -4.0419703570718415 9.8728774645992790 -1.0138724031819346 -32.0751709087043508 3.3356155674768515 1.0844001748698666 -1.5690988507251920 4.8275421009397910 2.7550224346745340 12.1123328332659383 -3.9123217675920587 7.0908837274887784 -34.8566078551214247 -8.8442060321952471 -19.6132204032084090 11.8529654791962162 4.6074152607295575 25.1101792767816079 -44.8025968605938232 -46.4189023997064965 16.9192728082146857 62.9675376807849503 37.0510604357795970
301.0000000000000000 0.0677300872196062 9.0000000000000000 6.0000000000000000 9.4180711139245581 -0.0557147623088909 5.7735337838953589 -6.5604256876292757 -41.9362692762054223 9.3564978919555877 -16.7499702582913912 15.3796101418322895 34.9121331083516182 -3.8429638818308236 40.1387418691965721 -32.1396235921228239 4.8490345391228695 7.1626103058555133 -18.2136248523948119 -3.6593724057761321 -53.3934154845102853 0.2986874182571528 7.0938275145207212 51.8183493550714260 -40.4757222552106626 -25.0313438307531868 53.1346133137423067 20.1826737661325275 3.0955189708414821 -37.3309876733019479 1.4771552322944679 2.6656065271376748 -14.5851654291623856 -54.4151268534724863 12.1854185973922569 -25.0622326769399209 29.6270995752625623 1.5451066293367197 -15.5051532662281559 -4.7972169781270502 2.5653184650632017 -3.2826065957911332 19.9065483661287850 9.3826043885242889 16.8540491744976322 -15.0146424241935996 0.9837464571372465 31.4717746239410339 -2.6265613216949228 9.5227603187652079 -3.8188926961886285 -35.9605048191744388 7.4383250034136292 3.4070246671016071 3.6866486553658846 5.3748409686149019 2.0154695044617941 9.3984922134871169 -3.3352828360862685 9.4969796447909012 -32.8080039604185743 -11.7400500465371245 -19.5650755196222690 8.2898569997049574 -1.1983453683977079 25.0326487049927486 -49.7672663311965735 -47.5299117359774286 16.0340111680220190 62.3395712545090461 37.6147600841755434
302.0000000000000000 0.1376550061186984 9.0000000000000000 6.0000000000000000 8.4614432708553746 3.3786367922937659 3.7970998912375347 -8.7635321361475995 -40.3884022043917668 11.8771255281105876 -8.3582986112936730 14.0804901965677267 33.0961329370512871 -4.5136778995110998 42.7266153552899226 -32.9256087234190105 8.6539467030564197 2.9182958559040042 -17.1328343878001661 -5.0275386340376329 -57.1516324126158040 0.0390243280197604 9.5391363685667283 51.1891262063244810 -39.5145805906938463 -23.4268897536915333 49.9403974959789068 18.9369055246774494 1.2022090199341613 -31.6276778536770529 5.0676346845861984 -0.1569826699692034 -21.0843428441374456 -55.1030940241706659 10.3814065153435777 -24.3330394492110855 25.0524406451814947 -1.4504700327419533 -19.9425268269404974 -5.2674431919464677 4.1318882473964038 -3.6329817307723973 16.8591345519707545 14.2174672306182330 16.7654857308503296 -14.5882008878450691 4.5028386183124463 29.9014312460358020 -3.1873488407224508 3.5303360168353217 -6.3226770684044622 -34.2011640909703161 3.5761270963555321 0.6185727011681883 3.0656193968445065 6.8929352431840361 4.6485061380631212 8.0954158907170886 -0.4974203791613698 11.4591436100525232 -35.3725420776884576 -14.1777369660394061 -21.3437188375612550 12.2521029445067597 -2.5906209267659897 26.7303460880862005 -47.1530012839852759 -48.4500633326392673 12.5387501391031897 58.9297057183629889 43.4997257762675673
303.0000000000000000 0.0714162889271703 9.0000000000000000 6.0000000000000000 7.7793604472214986 3.7833971547124503 -2.1032772502491754 -8.7454338319518463 -44.7164342413620730 9.8869821294572908 -17.9825274896093887 20.1069263043691180 30.3675595709417081 -8.6415964194255466 43.3954496908705636 -32.4716906375665033 3.5629687099681928 0.3543770489347748 -18.4103880147809598 -14.6464240272493740 -56.6406712145221718 0.2830348072409192 9.2421368985221068 51.7049890671058066 -43.7952167968466384 -23.3160911641243018 52.3259096601657774 19.4700816552543436 7.2910354770708672 -35.4974658836025654 3.4118792175802648 2.0402347219402284 -16.1481803702856865 -57.8055440181518136 6.2468483852340491 -27.4480385753556391 26.2436187014026423 -3.5630614162569922 -19.0646053718155066 -12.6016528084663086 -0.9989077278483887 -2.1939198767614556 17.6116636610531287 13.9133910447769047 13.6811774835613367 -14.2973206383767160 1.4972987245049927 27.1002553905166721 -4.9815676493736341 6.6799438715068327 -2.8133438073009032 -36.4765623907029450 4.3734400415301025 1.1206545074527505 -0.3053380778423063 0.9890578529521763 4.8821377995037025 15.4943911411877124 -4.3301799499534699 8.6870394146307337 -35.0286857874775421 -10.5614152923799374 -22.4165090661649415 14.0903660708813270 -2.3529841544254202 26.2851753530034422 -51.3441685354127202 -54.7171975860358657 15.0787162303179993 63.3056188131291364 42.0387511448832214
304.0000000000000000 0.0712317489439474 9.0000000000000000 6.0000000000000000 7.5573894972037001 0.8009864201796747 6.2251521371380401 -6.7555968751393003 -39.7629406577401454 8.4905420024616269 -14.8918557414834591 14.2759441624619523 28.9918449698926182 -3.1998432402463797 44.3091417353247863 -32.7352785685718217 3.4406952117989746 6.7592823493170737 -21.6700576184894373 -10.8979866421564608 -54.6036132819961608 -4.1584456624184458 8.3765249589770399 52.7483914351227554 -39.3173005880059989 -21.2619403432521423 52.1318599512112684 19.5505838447627838 3.3442175082096388 -36.3607449559191664 4.1369192013699374 -0.4218495260080581 -15.6261146901500716 -50.0550479659620606 7.3019163982418203 -24.1005508892970468 28.1036525728433588 0.0348408574019279 -21.7705552396940938 -8.0876228775780952 4.9045096825867116 -2.6547287506021418 24.4750251285799578 6.8640798072765845 13.8496375235736604 -17.6963232742296306 1.7429506229168454 28.7758079115966261 -3.6571056336365730 3.8680848132195855 -2.5547296526235899 -32.5761894823717313 1.3341643974986566 1.9299712374506168 7.6308569399482806 7.8979461764134378 6.4692727768704179 11.5932498099077819 -3.0716407538376957 10.9043200071314406 -31.3718620011427411 -12.4662435191220080 -22.2497546271079329 9.1640660554354696 -3.9104790946191814 28.8723139177496719 -48.4404807125230334 -48.6555451511363088 16.6483006288428896 60.1211661694130726 38.2488402823242524
305.0000000000000000 0.0687896599811921 9.0000000000000000 6.0000000000000000 8.8226211419544960 2.5169007995011041 3.1318203424898621 -6.6772144235186284 -37.1310930406816198 13.5648418188323276 -16.1978269804237840 18.2082809205098179 31.4319145782234806 -6.6503948413379872 40.6291536352868405 -34.5548912762109097 8.2302619548065632 13.1987645264502902 -19.1251208515556606 -14.4906294088696743 -58.8081737407967893 -2.6527722774163580 7.0189653060722872 54.4657193926697332 -35.5835674685516352 -23.5052881558427771 51.5589172999922951 22.9080331577540051 5.0868246901698937 -37.3106956893831807 5.1558465270544822 0.4561488540360984 -12.3696537638946644 -58.1863390116342671 8.9655440185148905 -24.1523299889972805 28.3310173296860235 -1.3817303882173437 -19.7620710957066059 -11.3434766242091172 3.6101821424403955 -5.4575074026381678 17.4308627328059025 11.1618592845849278 14.5498688145792165 -18.1717753265258679 1.5506294090135695 27.7034085520241469 -8.9576537868141823 0.2834616320296055 -2.9957770774300987 -35.3924081194427700 2.3446982512635688 -1.0196522836370003 6.1805839772207474 4.0854679728842953 4.8521577110743941 14.6910800473249203 -2.7820539326380653 7.3790281019293849 -32.3303466457870599 -9.3638500759903298 -20.0200810658403263 10.3608891589640741 2.7333460027430219 27.8068852212674251 -46.2174415217395733 -49.3487005716809293 13.7144481744288615 65.1398702814629189 42.0409531723040075
306.0000000000000000 0.1384243084548838 9.0000000000000000 6.0000000000000000 6.3540157088765916 1.6230208292956250 4.1123048786375858 0.2702813362574128 -36.9395109613747508 12.4543677919623867 -15.3675654672403148 12.9512350742090430 29.3622743768893493 -6.6634339117533834 38.6990380985069820 -32.5256404925485754 2.5050743643088533 4.8813486697280517 -18.5976798495424447 -11.9893854260758861 -57.5287450842979737 0.5033381957712226 7.2820332326935002 56.2732571016030008 -37.6022231607786139 -24.9659937316722242 51.3346513761372378 21.7053663633164788 4.5790928831337574 -35.2593020035743621 3.5201764825706165 1.3373764048177139 -16.4628763252167332 -54.2029270972412860 6.2957700328003039 -26.1426618737006287 26.3752362635972482 2.4316117718509704 -18.0098011720223923 -11.2860590510604375 3.3588525959590205 -6.6744687964881955 20.1464359715651575 9.9666751875147419 14.8245128230736345 -14.7295997536583290 1.0652738034972584 31.4694325220098534 -8.9603022820141174 6.9720384387965062 -2.7122967771216366 -33.0751589806780331 3.9194809639704964 3.4953984212073519 3.8956307509298975 1.4162505187620718 1.5863879870495334 10.9610626741855377 1.9055214948888983 11.8947762726931892 -35.1992514222139334 -13.1036963329040468 -18.8896874224055011 11.4123048851197382 3.3303871857155922 24.9006792464033211 -44.9392462161448023 -49.8739835948505643 19.5459690371104529 59.4854766385764862 37.3791785657309106
307.0000000000000000 0.1636804906565485 9.0000000000000000 6.0000000000000000 7.9802146739657971 1.5493695205551252 6.2827632357855530 -3.3751205966677418 -39.5258717069636987 13.2990662054637170 -17.9067466591124074 15.9396480103036229 28.1284809309729091 -10.4808098294893348 41.7390544352309902 -34.3043227518145599 4.1777470986373739 6.4067468632631792 -17.8569998068745868 -11.4066530643536534 -58.8085148687098851 -0.5272300572753443 12.4840517917063885 53.2552671894286433 -41.0546792470714195 -22.4119350271316726 52.0458904265041369 23.4445055414659365 6.0464838846355242 -31.6026068588517148 4.2712883239693902 2.5995730705651217 -17.3867253694543535 -59.2531415596109099 10.0336456381390509 -22.1014496080869876 29.8968703085736749 1.4813607449026902 -16.8537579825342583 -5.7796732145616563 3.3425861990641774 -5.6901436594166039 17.5199555029087044 8.9922198914996638 16.7795483985225644 -18.0640412670552450 1.2015434433337859 30.6614053136393565 -6.2725713702958270 6.9680672761266020 -2.9946274111018836 -36.5772707259263115 5.1010331907703756 -0.4145798020234517 5.9938528307908330 5.8606516825844945 4.8863480336390666 13.4998714768188801 3.6047373623703898 7.4617914638945742 -27.9267656766517440 -16.4883877517219588 -21.8870921138881833 7.9441443143727035 -0.4846808700708358 25.6737554103302124 -47.4623707193773683 -49.7910803577264929 17.3499447414507557 64.8955284448059899 43.5139998762028597
308.0000000000000000 0.1388847232763843 9.0000000000000000 6.0000000000000000 9.4354502787802392 2.1665283861477485 8.1431124183785393 -4.4744985141672364 -42.3892956535389303 14.8772470960649521 -10.0189014423893852 19.1665836313890381 31.5925785056567392 -3.8046876928696762 44.7663246031370079 -35.9675155941622080 1.4617573898214138 5.5729065228248107 -22.3146394822316587 -14.5637300366499556 -60.9776989384327521 -5.0044449285299493 8.3787530560828785 56.5289826864527711 -44.2187444403629399 -25.7002205465688185 53.8611582486777962 19.3169603612407670 9.6138692064890314 -38.3973528884910706 4.1943960612954161 1.4522529264040767 -11.5307271148232200 -56.7616309815418489 9.4372178540079954 -26.5857995512770771 30.0948861066387394 -1.0655796001367492 -24.6816725464221562 -7.8574175663599792 6.2002193678024948 -4.1485710837744847 19.2677793613307138 9.9896971959668424 16.9320242428823882 -19.1089381422311746 0.8835633442040622 28.1241742077977754 -3.6043247970735051 8.5354658257286236 -4.1052976640750449 -38.4630601065990660 5.8402441885296357 -3.2635129247418160 6.9387091672096952 3.7480466915553028 4.1697502519392291 15.0559935557748084 0.9899530377846973 7.6379840639738434 -35.2521177011367399 -15.7431563517485458 -18.3725159263262796 8.5648572406647627 4.3029988034625246 28.3465503358048920 -50.5479116344034125 -50.1238976862615786 16.8792154858720771 65.5543199733850912 39.1495446259142028
309.0000000000000000 0.1383468061723715 9.0000000000000000 6.0000000000000000 5.1979216382673457 0.8606282622862964 8.7894284166983425 -5.4163790723172180 -39.6959630664356524 14.8614888814278245 -10.9081938430476040 15.8890516581774666 30.2069816176923283 -0.7412648254449099 43.4709568300318949 -35.5914695642737797 4.7712671999679328 3.0983527289462827 -20.8144083609697326 -12.1026411197401629 -57.9326892329525336 0.9823363303505914 9.8215374224109571 52.6741248335728187 -40.2166074659365194 -22.4120173361682511 52.5890637547524662 21.1253957759819002 5.4625644060212428 -35.2496831752062718 7.4657729433306095 2.7634371667544837 -17.7367208116732442 -54.0895302855921258 11.0852987182950677 -23.3932719817585664 26.2778482971719711 3.0505220416102374 -25.2889376968160775 -4.9104082949245198 5.3808758430629906 -4.5037894965850001 20.0848975321243088 7.6051623304555136 15.8291532896315985 -20.7040206096268236 4.4025776884598562 29.4899426398354372 -4.3403535242356019 6.5395577126200557 -3.9984753193088904 -40.5337897681866792 5.5792744804218000 -1.2821175877876692 6.9997000655718740 1.0389308107464674 6.6325685450295575 11.7268930982912511 5.4294308093155399 9.8016424111159939 -33.5452635253151783 -13.6957837657599129 -16.5103883925485881 9.1401527973634060 2.3924893391373612 25.9185269876148432 -50.8391694802552863 -48.7944513583209911 14.4904179370613431 63.1109112084947057 40.2526412986900013
310.0000000000000000 0.0763253893814827 9.0000000000000000 6.0000000000000000 11.1034876912897396 -2.0531208346265237 8.8532909287284411 -4.9803661738686031 -40.3852231275200424 7.1611924085042222 -9.5651387003121613 19.2811456035306215 27.6845404594630615 -1.8130591249420716 41.7081657688151424 -34.6306228132541847 7.1970541744005914 5.6346935052152638 -16.5426369065077807 -12.2493272239327133 -58.4832165769772274 1.3983892143165795 12.0081541422269318 54.5733750847781636 -38.2385390903077749 -19.3619211215821920 53.2285599165565912 15.4909409040534225 4.0465623219719342 -35.8352677778386948 5.2408570272369115 -2.1988618756414273 -18.2118924242621283 -57.2918300291795006 9.6448047459470807 -28.1926957058387089 28.8199055009036869 3.3708563767395789 -20.9955989268181433 -6.9123263308019469 9.4254838163016501 -4.0271624510969719 21.7168650999443891 4.7266545545133312 17.0309039924348617 -20.4868908606858398 -3.1421657520227777 29.0374667996904208 -7.4587471868728699 7.7100062934334428 -1.6742980161295935 -36.5150487788454754 4.8128785059975510 -6.1515078056037469 3.6909254142710517 3.9247537185439838 5.2601326468822993 12.1085200240956450 1.4571221602325439 11.2348293008378821 -36.8006393130090643 -13.7770965846540694 -16.8770357115197207 7.2171683540886598 3.1865785345995974 28.7458908972474951 -46.6021441064498703 -48.1171657380384090 8.4873866731304233 64.9378035910584970 38.6746177100203923
311.0000000000000000 0.1638212420511267 9.0000000000000000 6.0000000000000000 12.1104146323845256 -2.9510851056391942 9.8758282327481020 -6.4825362667047308 -44.5979867399609020 7.1073507973025096 -13.1916186411748200 17.3218385200901075 34.5202901813448193 -2.1597045240052384 43.1104364898705938 -34.3775282103444724 0.8484749180672155 4.4595961273654821 -24.9035705146479103 -10.6693783444419843 -59.6461704088945623 3.7900960737590474 11.6850953666945490 50.4210634023893576 -41.7991443389018968 -21.9962811043837156 53.4835456527383286 15.9149120017776742 4.8668320370184315 -36.1063786441015040 5.1098661777099386 2.8872583752081900 -15.5384109117157969 -58.4840307041902463 11.9086845680788862 -28.2911903697954124 26.2058073354480818 1.2512529035330751 -23.3793766259956790 -7.6726461396746419 4.7316227836879028 -0.9705047379744514 18.9717337771979722 8.5624357681705909 15.4165566351788073 -17.7315092349985122 0.8764998717904473 29.4365940423750558 -3.7248307881741263 -1.1160619319404894 -3.0826146842017641 -35.4237914775976108 4.6373276496251226 -4.7069633672649509 5.3484936469680422 3.8356583490670069 6.0954633118401986 12.9300150668617384 0.1550762671686596 13.5748062162084864 -33.8843921239321872 -12.3214923897408628 -19.5554666294364559 9.1586952416154954 3.2413697053946837 27.1545094886462621 -46.5099172081896981 -44.7069239399187666 13.3775516958628451 63.7396284627755136 42.1597475356068259
312.0000000000000000 0.1389482285842182 9.0000000000000000 6.0000000000000000 9.7420091621508114 -0.9319175841743343 8.0932321350695808 -3.0446110603115453 -36.8220416900566079 5.4454218333728930 -11.9821273351849573 18.3208201025580664 28.0881923089012915 -2.6353137580817916 42.0797118936466816 -34.2849811588877174 6.7763288130670736 1.8638099586404027 -23.0827425075247064 -14.7947843632362144 -52.8731888446259006 -3.0561147004149980 9.4596624626630579 57.4068880351927646 -37.4586408552625016 -20.1732393174292071 48.4682218638354883 23.2267540795268346 6.4325341211989810 -37.7663911349709238 4.3314713977075865 0.4273536077363320 -15.2119374509475556 -59.7255264376539756 6.5357485357286027 -23.5150214983793724 27.7638537611881411 1.9497564049468750 -20.9078072572817497 -5.5828493423862948 2.6734107846167623 -5.4236642461149680 19.6727957952416048 11.7303707349386386 21.5474191233629462 -24.9412446640918262 -1.3188352807918362 31.0075183615500620 -2.4459124737074935 7.2375106473587145 -5.7725365928916634 -36.7582297240951803 -0.9931736547375829 -1.7775159834974184 7.9113683486713136 3.5681803342224745 6.5848834917961057 7.6357944701236704 2.2518372458316640 7.3087092873286785 -34.5211397740504253 -10.6813565238713686 -19.9144135937003135 9.9559677350448510 3.5864576164576092 32.4162164680631761 -46.1376247421745944 -47.8423913897284336 8.8548570703266662 63.3045127329640067 36.4735792072142431
313.0000000000000000 0.1383641342113835 9.0000000000000000 6.0000000000000000 11.1967862471334900 -2.9949268739368922 5.8069672709368971 0.6481139735358026 -38.2590793818562318 5.6825162759803227 -15.1144416387713338 18.6960492622304528 31.6393190709863852 -3.8993354620511917 44.1776961382195950 -31.9665326439952224 5.9043521415622067 4.4575629290627532 -24.3361256973421334 -10.7944511496079247 -53.8484580482477071 -3.1518086803380867 11.9669685534634311 55.3384162913487074 -41.1361253110321456 -19.6175557686300941 54.9236334056105520 13.9490264543814515 7.1872367117977616 -37.3222060637185535 1.9226865850594770 3.5533917744134009 -16.0792413185229748 -54.0573057411370357 12.6344007915059997 -22.2112996099446036 29.2313147615435405 6.3151595863561267 -21.2308311144941655 -6.5610823477391271 7.4824063554537128 -4.5519348152898633 18.3569495095721109 5.2680986791766236 19.6494186084180456 -14.7971761162598590 0.3421827704639464 31.1641264640296214 -3.4550283938324626 4.4372015469006225 -3.8019146518976950 -28.0009999559324250 5.0875999160626790 -2.7222022240601178 6.5263041105558770 7.8828240041542443 3.5562999176016841 13.2251049913258516 -3.7829435443148647 13.9538688855208939 -39.3491891000167797 -13.3297572029913169 -21.0134698948515393 8.9818477180449907 3.0442259070588005 29.9837899512877897 -48.2012719569268597 -41.5624973301204506 15.4293186147134183 63.9132289208312585 40.0162841582288493
314.0000000000000000 0.0691500886587116 9.0000000000000000 6.0000000000000000 10.1186060103106108 -1.7803928964929865 6.2323478537661394 -1.1519066538878957 -38.5355483047546770 11.5190164163734252 -13.8156023718334069 16.5480211901761400 30.8869363846802223 -1.3615009792014443 47.4180032682582819 -34.2953214365502390 5.1964262601009885 5.2056688550478256 -22.4818969208831767 -13.0232798923372304 -51.7102044524443798 -1.0317194258040225 14.0613933905175106 53.3809978808736858 -38.2356390985027588 -23.2932893587058842 51.2669726144333140 14.4553288385451584 4.4776474672813498 -34.3474119920453802 2.7229438199596796 -1.6938981069237120 -17.1120769577271261 -59.1477419597517411 11.7648079379501578 -25.6835676208457215 29.6473759277246138 4.4283869021331661 -20.0680613324050547 -1.7731844464249189 4.0545376386419978 -4.0362763763159419 19.8746501579755872 12.6842825395657464 16.4776010529862873 -19.7328108923815613 -2.5328974669107818 33.8712768565287305 -0.8415144832922055 5.0610610069617366 -5.6079114447984706 -31.1063487838418880 4.1107163019670931 0.3052463300564738 5.4789717220239949 2.5222782571367017 1.1125273927862214 10.6672582160217164 -2.3894304200817271 10.0439694230502088 -37.4232748241042756 -11.4502347442438275 -23.1405567076848726 6.9563333663321698 3.0075833492622772 29.6894032195700603 -49.1530402010520220 -46.0246516715068239 15.9544878203245091 63.6876907662725884 36.4884230952091926
315.0000000000000000 0.0680281280635004 9.0000000000000000 6.0000000000000000 8.2281591564756038 -4.7411723408340798 11.2710132305642432 -4.9669115723030650 -38.1003006981448280 11.9865934575965785 -12.7748478465799451 18.7613507619606281 31.3432138989878162 -5.5609248573790193 45.1266317301605611 -34.2078174224862508 7.0341360671129385 -0.7645086007195010 -24.0525373901041242 -12.7566086115632533 -58.5873230805932437 -1.5172899711941752 11.0439659809085384 56.6091229849652393 -42.6357698954819924 -22.2961756717936304 51.6327693829309879 19.9452592559056683 3.9193950491873619 -37.7459877109160615 6.3461712833452344 -2.1604068463401491 -17.3210839606207472 -54.7869988158268058 12.2067053463779231 -26.9547996525223610 30.9886018665016110 0.9744284731785680 -21.4915231710863353 -4.8123339577665076 2.3667477379684492 -1.7989483346810347 24.1192078115400648 13.1713119414848983 18.6550291116096751 -20.7309394584633679 3.2915024885638360 28.7343838490762060 -7.3693190917185927 2.6786162187900295 -7.2017240690232560 -26.9838798026079552 1.2169914641637589 -0.0573282345383772 4.6690455360953091 5.1069866574422669 2.5170576598611136 7.8651569479979235 0.5715394849415742 10.3993032390033502 -38.1946538524743602 -12.2311423119575320 -21.4908337038220232 9.0852508810917989 3.0931346957297623 21.8025518865749994 -49.6095389830613414 -45.4595632266632137 13.6676487229058896 60.9740964167931807 39.3896813450129244
316.0000000000000000 0.0700733673511997 9.0000000000000000 6.0000000000000000 9.7640631437796177 -8.8717026972696029 6.3917853010712351 -2.8578821840726270 -35.9727115332334648 9.8487802101123521 -14.5577362810348117 17.0361093450147365 35.2114916023474933 -2.8477317571157386 42.2694915300320133 -36.6241995865437673 2.5511981008437936 -0.0231168189376647 -23.5301504587550490 -12.9806274368498258 -52.7910308024003214 -0.8236267486650060 13.1095697933431730 54.2052132948811405 -39.7524154805075796 -22.1327133682688739 55.5164335557470636 22.1590971810206803 2.8913092397788320 -39.0944304023306941 5.2663141636367854 2.6091608707784646 -17.2617173518203160 -57.5590606786630374 9.4157484749082734 -21.1001956228784628 35.1932866514194416 2.3580841168681288 -21.0163065899509895 -5.7369234105507498 3.6133728983305291 -4.8373469104468176 23.9272017898902867 7.2452848781365118 19.9055754140494194 -20.8398135444216592 2.9444825915374362 28.8939077995125579 -1.8950712222611794 5.8998571540644136 -4.2468561761950454 -27.9670045522173183 5.8562109074896682 -3.4433594459484329 2.5938269866732808 2.7231495340512009 2.2848396463138747 12.7953016254848908 -2.2373752361278725 7.9801333636961793 -33.4254372044545462 -11.6180645830822691 -20.0002168815487948 7.3139589032405192 5.5246367665741953 26.3511437219825488 -46.4669813832333247 -41.8800728009157979 13.3382217869314417 61.5657179620004911 40.8157571252447013
317.0000000000000000 0.0711593148058692 9.0000000000000000 6.0000000000000000 11.1592847050351409 -6.0439422608749620 12.9793084794946729 -3.7231472999219863 -37.2897438816351894 11.8079786789019128 -14.0612346595498305 17.3950178610112900 31.3010763588609819 -7.8472377633219415 46.4508781590401512 -34.0373990569392859 1.7750159433326140 0.1381666700361186 -24.6705870750272602 -16.2006416088873735 -52.5616551934989715 -1.2730892177529574 16.4724517168081341 51.6008169242408741 -38.0082488435873813 -20.1730136685118104 50.2439401323167658 19.2649362933132586 8.8886508411615104 -39.5829362671521778 7.2053449708401960 1.6646687326675851 -18.1013553581336950 -57.9407521319596626 8.1519807153447381 -24.4910480011728247 31.7619597196729018 3.1903867615992514 -20.5901624290218521 -3.4549105144758889 4.9015294588168459 -0.5336351054454820 21.1984465892913931 16.3064341030094795 16.3774995314834015 -17.1319010870405180 -3.7870387954736957 29.3664854493577714 1.1268206752077461 3.0311032083230405 -5.4630213997369559 -32.6936341632398069 5.4215557554118607 -4.0026179328453235 11.1168509610796651 3.1946221327082664 -0.3144793860465009 13.7139270973887406 -2.5095147491580994 8.5619916048528850 -36.6567950868452215 -13.6671605450312299 -22.9406739879176911 5.6209131340470471 4.9385723277040263 26.3274392653659390 -47.2147303907488123 -45.9570351239463122 14.8725848067838928 60.2485626519952149 37.8974753049847308
318.0000000000000000 0.1377250660437753 9.0000000000000000 6.0000000000000000 8.1865758771398713 -4.9227840060361521 7.0759869584042825 -5.2848958724550448 -37.3502834433505697 5.4237488201912560 -16.4880754337079622 16.4353960976071072 33.0953498968413555 -8.5431488810704526 40.9201259261670742 -33.5848102333238998 3.7525409742455436 -3.8178335738807334 -22.9924990610299211 -14.7234390558394459 -53.0601800549227818 -3.4925576531785261 13.0798124614840212 54.7006869604237167 -38.5140963988824510 -22.3650238303872833 53.9854371853546127 24.8786433284226121 5.3951642414936973 -37.6198531870018726 4.3149830808954484 2.2473004578492093 -17.4324711335915161 -60.3234690216031311 7.3992389709026298 -29.1128976713437169 30.4511826663596494 0.5252950913045673 -18.5978515415453458 -1.4058531168658357 2.9191329025747059 -2.4061270943163402 20.8613304314194963 8.4559119491989279 20.0443599913782542 -22.4450909115719632 -3.8543588598120806 33.1909502610919986 -3.5510507519114851 -1.3602941221417031 -6.0715744053575156 -33.8089063331405271 4.8586057215327463 2.2871501034158541 6.0050199319177340 1.1670616669070570 0.4698126404873375 10.6967966249071083 2.0328271135268317 13.1344090452266968 -35.5413582593153876 -14.4964814108307021 -18.7301778678141666 5.3031173403037926 2.6509475446990409 31.4487942970808874 -45.0954756119013851 -50.7252905012875033 12.3772002716507128 61.4581013740023892 36.0160348883839063
319.0000000000000000 0.1387318627635358 9.0000000000000000 6.0000000000000000 6.5221691397010435 -3.8975266416798577 8.5496777004889193 -4.1497596990695227 -37.8671457101275166 6.9713320341458047 -16.9117409873598241 15.3327746383979022 34.7359784368907043 -3.8146505802053357 44.3000102520932870 -35.6050404628984936 5.0614892992908009 1.1700687352402390 -24.4632244070247680 -16.5741121495206585 -57.4292422114678871 -3.0502718659762675 17.1500738041815914 54.5870257012611120 -42.9397875059652492 -22.4487718913533989 56.4941610750815357 19.9817949879148280 5.3470843677493525 -36.5859130236570422 1.3728904513491504 0.3914827974686448 -12.8282248668247565 -60.0938062932018227 7.9277553780576451 -26.8043005539331993 31.2443206445223538 2.5847249767673901 -18.4680853528386812 -6.4629346701003900 6.1406877005537979 -4.5199582290545148 17.8967886190573715 8.9569184518716600 20.3917013071381845 -23.8071708904881945 -5.0462262626399372 32.5974990327413323 -5.5315976079980578 4.4225868033151290 -6.6175824388779407 -32.9161521444488301 4.2647604279891622 -0.9807487593343689 10.8473882086962981 3.2580113995475473 2.3213981381164190 15.5713301385195493 3.8774310383831554 12.5897681773080485 -34.6576710101155214 -12.4618338897615875 -22.9521279269489469 7.8990555068269295 0.0769352903854763 25.1613285384334979 -48.8910232015172141 -48.2540015254020673 14.2662467970565725 58.9237253610926999 35.1733879260638034
320.0000000000000000 0.1391866365478192 9.0000000000000000 6.0000000000000000 3.9645161466708774 -2.3596715569585922 9.1832535041257071 -6.6694525565972462 -38.7857522417585585 10.5161777592655330 -14.7279159206969581 17.1187347023057441 33.0704111497936069 -1.3402821616832696 41.6307695421761821 -32.8981192125482167 4.9678861711804920 2.2859013956121768 -26.7401618802146501 -15.0512446345792448 -54.3205109924788019 -4.3226560506714504 14.1340393892642204 53.2829104419047326 -42.7186744478959994 -22.1670450406755180 53.8563027555918765 22.7298354892649570 8.3264610266846546 -37.9364463859232188 5.3212911299939307 5.8634432592100101 -13.4713133917453689 -58.0934709405293148 6.2425881712589115 -25.7703709281191173 31.2558906838989934 -0.0307489194672983 -21.2021322144422086 -7.4240105227159869 6.3095854760368866 -0.4268024339028664 19.6176533875027417 11.0163961022272332 23.2492804479641535 -21.5753145829202921 0.1680653489816293 28.1227555012526551 -1.6217821350991919 -1.7504713387998714 -7.7844673271185627 -31.1396481335433677 4.8257925124621988 -4.3252808645133705 6.3889689142350150 7.6954036057365141 1.4697912718135766 11.2724309620145657 4.2905134713475181 11.6076190476662635 -36.2118764142661576 -10.1181150081264555 -16.5224405300520161 2.2680682653261597 4.3251866803796464 25.0514341942807022 -46.2704913497355577 -44.7100906505596072 17.2878105254659182 63.7990321580500819 37.6457290659876378
321.0000000000000000 0.1380971439341328 9.0000000000000000 6.0000000000000000 6.2312013878957666 -0.7928244658464680 10.9030585453246420 -4.7135647596987260 -43.0255104298545064 8.5974061531081407 -10.5067661091632196 16.4591386050600548 33.5480806553144006 -5.7403711072221482 44.1292702927504479 -33.3783130717469234 1.5338297470080478 -0.1239306130419853 -29.9861094220295783 -16.0022518887184049 -58.2336426606111885 -3.8289864497597472 13.6048550602662441 57.3505481334499336 -40.7980276544504008 -18.3330060424722525 51.8547899164423711 22.9904099038343617 10.4159472581196244 -37.4354331581326392 6.5889253743467417 3.2738099817650737 -16.1292049945570852 -57.6325803824657186 7.5188869052347291 -24.2210514140518498 33.8437411126573835 0.9253717474172021 -21.5142066184005358 -6.4616546813254692 5.7336947809527219 -1.6489637016081009 19.3470318050580978 10.8859209505081971 21.9622657278803395 -23.0429893324671333 2.0110708784901847 33.9885760764533345 -6.7571977412843616 -1.1716404036665664 -10.3717104390142616 -32.0950338379599955 7.6888555724714829 -6.2847105671097108 4.8687368150976624 7.9758807361858128 1.2454172705714937 12.9609372150757274 1.1213236253582828 12.3414764013543810 -37.3504618275881057 -12.1937939434497373 -17.6498323623192022 5.6580925019985147 6.6309387673670521 27.9811231084468517 -54.1713493854302328 -44.4711043857175383 13.6112431799124813 60.3822439842585581 37.3054140237310392
322.0000000000000000 0.1390027251512281 9.0000000000000000 6.0000000000000000 3.4952264969464135 -2.5738952202887124 8.2756145993577643 -2.6058520573970316 -39.9297727039509169 9.3989259532319771 -16.7004457304792524 19.8083508429174735 32.7008177283662747 -4.8422729641156570 45.2763687367443666 -36.0803287583037928 2.3728539660922676 -0.5415666123694449 -25.4236423832965990 -21.0422485752736321 -55.4526207531660660 -3.8247883716066773 15.0329635863270283 53.3031534404711635 -39.2652970002734989 -23.2153983151241512 55.1514009170442847 25.6828258309526731 5.4295062876605247 -36.2637624610481595 3.7003404206191983 2.1012645303319166 -15.9340466439180144 -62.7796006125125743 6.9323405368239168 -30.3245615747636421 32.4115889284016063 -1.9485049517695530 -23.1973810282145436 -7.0736228039966687 7.7021567708127758 -2.9538760797824888 18.7036530349234198 10.4212861138418571 21.1301650047623113 -18.9732444054258877 -3.6373585828805712 36.4495544105948497 -8.7156563007713892 0.6024776848956022 -6.8490653433918736 -29.8543357863734897 2.8639576707432011 -0.1817170777498989 6.9783739765515289 2.7788776633892676 3.9892083931608560 16.2582091554172052 0.8616452069157625 11.7266140092861200 -37.6153548703896163 -7.8663755100334809 -20.1348848168544130 4.7447070147293733 4.5995285433280744 29.9588727481899895 -50.4589851371544640 -47.8104533607814588 15.6627929865831756 63.6256248670245270 36.1559670194947032
323.0000000000000000 0.1380664354308007 9.0000000000000000 6.0000000000000000 7.1668370749703332 0.9947772828308055 3.4202335007702382 2.1140225809082329 -39.1508075573147565 10.7803416373630458 -14.2323166269656820 16.2675979522424363 28.3272454144769412 -6.9794757428446950 40.8232707610372501 -33.7010782138726483 3.5491041846192122 -1.1125507835674098 -28.2772920424786207 -17.4770673280678643 -54.6393188618306169 -1.5729794826994850 15.3992477898282480 56.0191259235021377 -39.8455434148117575 -17.6719768080424160 53.3765644155779952 24.0942975169729081 7.1530250267811182 -34.6000917498267029 5.3030948497753707 1.8633226272918118 -14.8052405503576647 -57.8410607543893036 8.5723513826871223 -27.1054431072180613 33.8118911920053904 2.0634287269192706 -17.5757394259476278 -6.9487149404085438 8.3613667084046277 -1.3384090766477026 17.1165586326580836 11.6885955189703807 22.1611200038060367 -20.8414783536704356 -5.8004357514036737 35.4708717280473635 -6.7357470713618337 2.0589238340594367 -9.7726272703592816 -31.1171148136049496 4.5084772741532948 1.0030087159635801 7.4031658483724687 4.8849591761284525 4.6715918964596019 15.9377965713575804 -3.0915643312085650 12.1840044754520562 -39.0932691164820270 -14.4967282558072306 -19.9803239922304137 8.3886829387224999 6.1520869564071852 29.5454985308886187 -47.2638647372885288 -44.3286002571185662 15.1732490177460715 60.7583851765127250 31.6048491531796252
324.0000000000000000 0.0745664224156322 9.0000000000000000 6.0000000000000000 6.0963217396886042 -0.1045363539575184 9.0337284412311334 -1.9590784365616416 -36.7203060739043039 5.5036920407217451 -16.9791092905989593 17.0530042614103827 30.1598970738622505 -7.8137339010224292 44.9604018562637151 -37.7260786997773891 -0.3620947929547893 1.9606265683800232 -26.2302173585887921 -18.3280504054376507 -53.2395044737042937 -3.2947089833231433 16.3724864880484553 53.2523289170385539 -39.8457363783756620 -19.4886361601581974 50.9407473333882450 25.0693926643816489 6.5303750416059998 -35.9830543013336808 5.1188792005975223 1.1489105017861019 -13.0868439175531499 -58.6352864256296726 9.6756822341932178 -24.7014775779909108 28.7950955526996637 4.1280200423429001 -20.4311262727010465 -6.6812646655070154 4.9728042534323826 -4.8403749149495194 20.9925506722392647 11.9604842480944331 21.2059620987708257 -20.6861406409786213 -4.5398652733343674 33.6505883182651218 -2.6012726951420366 -2.0633121019881981 -6.6031601592966425 -30.7223984852429766 4.0392504794022575 -1.3030000436287377 7.7625981211629256 4.1847039008478157 3.1084420613484021 10.1590792946484676 -1.5292612192638868 11.0125897297780586 -38.7776204378500893 -11.6402087849379150 -20.9100935172111484 3.5781278857700793 1.3909085228872611 26.6871558190955831 -48.8218682084479454 -49.3290877429036669 8.0478942896365613 58.4276735540073631 35.1286288240512050
325.0000000000000000 0.0720637644739305 9.0000000000000000 6.0000000000000000 6.2322410639789938 -2.6914414033630658 3.3735960854483342 -2.0732673945116709 -40.5147736027921610 9.9924063983247073 -12.0997736939213905 18.0789227136759578 30.0332253265943869 -5.6934303746717854 43.5009727371531270 -33.9099204323563512 -2.4265292118732855 4.4060049179329752 -21.9869011709196478 -18.4780941371350558 -58.5496691018962636 -3.7168961464470640 14.8162054779187358 54.6441632584725667 -38.9504516997892694 -21.0575501987865579 53.3764031294161256 21.4000197064182913 9.1051471545214131 -39.1453662247214140 6.4163881411198034 -3.4030809338701049 -16.1467118717505045 -64.1950468259602758 8.3728136576058443 -28.0806371011124440 32.4125216893207551 0.2822850658678506 -24.4703539640187522 -10.7479552823876112 7.8665579011123281 -3.3633383810874942 20.3692115659755508 8.8821746528757917 20.0347506968154505 -15.5510395424655758 -4.0632026490043245 30.3406582831698088 -7.9305185937392659 -1.6261414428135410 -10.9898403957474073 -34.6129393522244371 6.9853487140721153 0.1217739623243441 7.9404982984020736 6.3333413652082182 1.7858412279061628 16.4109410975250540 -3.8272405189542007 10.1818081387825803 -42.9429590405633022 -15.4113060283492320 -16.2549117270951555 7.0131576634681272 8.0200328352146002 29.0096681969924646 -49.3463890101090996 -50.3785986942891242 16.2752108148098813 57.2988299036828082 40.7984899356085862
326.0000000000000000 0.0704265611630261 9.0000000000000000 6.0000000000000000 4.7808102072781340 0.4447047542857414 8.0358000048100298 -1.4154431304248625 -38.8525906131134917 7.1236396358994947 -14.9865896375884127 18.1922356695183822 29.6837435800256735 -6.5028458136699223 48.6315862051376371 -35.4838007449427195 0.0777884347244333 3.0340047783190545 -23.4758249233417153 -20.6635140110141791 -59.7833050382916227 -2.1568915533905733 14.4943013924313178 53.4480854156909331 -39.6651084896996409 -18.0393353782597075 53.4695242525452130 22.6671107547136614 8.4680329757711714 -39.6077693936168416 2.0940801255590631 0.7770753778002356 -13.0487803882371995 -62.3887476379745820 4.2344488717340525 -29.6599708582464459 33.6138398866464101 3.3592947065988921 -24.4618921309165493 -10.5238852561507557 4.0531821485569290 -1.0106304756469973 15.2084285876845833 12.7968215021615563 18.6932372806325446 -18.1678919717749174 -5.7164512585994132 34.1226551779620451 -12.3313778528551943 -2.3128850709565607 -14.2930288031871786 -31.9273332438636643 4.6014659793557815 1.6264226894964979 2.1568506779127929 0.8099977868508645 4.4242485654402870 14.2848685396530808 -4.0320293152330384 11.9924308538643984 -36.8126836693869421 -10.9073307895401470 -20.3359614681003222 8.1127498240518960 4.4234499690056692 27.6025949393214987 -53.2532430010904889 -43.8173226802888109 21.2463385739394965 61.6941581448926541 42.7078240627579007
327.0000000000000000 0.1388347057415851 9.0000000000000000 6.0000000000000000 3.9488767740455799 4.6193626538994028 7.7918482778058724 -1.6157281713394851 -41.5892131197605011 5.2230602956551877 -12.8755581229558587 19.7824832874964187 32.1863153904124317 -5.9728716139667890 44.0942350278024549 -36.2708246169913764 1.2192887956429981 -0.1780936779505997 -27.2477755452029058 -17.9983533377023051 -58.3609704621755299 -0.6452432709702429 14.1307460313680355 54.1470526724769456 -39.3751046449154458 -21.4965404888462182 56.7972605691780430 25.9362144226363007 5.0242047102436471 -42.4304873806749114 4.3403486525225663 -3.1060330111538086 -13.9756842160772514 -60.1735748638056336 8.6479848323185760 -31.2062503385431711 35.3814436898734996 2.1580244284977033 -20.3373552878218931 -4.1207494269632985 0.9185307176510653 -1.0158382715118779 16.8110228576636231 15.2937120782294560 19.9948616014721559 -15.3106225271732797 -9.5924992905962068 31.8376299987653901 -7.9016530238162117 -2.4401018943516135 -11.3260472053590906 -30.3020762208463950 5.5065847368851824 -2.0668161343020337 4.0110377394605372 6.6633655656373572 6.0214510100513081 13.3180363926794989 -0.7964335795446187 14.4345907559883138 -37.9394489054328048 -9.5731683592266741 -21.8800621335227028 4.2661475332790779 1.8041800079434176 27.9930579682055090 -51.5365598639126787 -45.8710609607924411 11.4767043899716406 63.7443063513746750 39.2391539606229998
328.0000000000000000 0.1634525992510329 9.0000000000000000 6.0000000000000000 11.0995775272601183 1.3005411523571704 7.1117968353139664 -2.3942772332915392 -39.9397069923943064 8.8828636924544639 -13.6228059488323385 16.9562872439530707 24.8101894945304053 -11.9208455500278347 46.8076100875617627 -35.2830854855247225 3.2798786775254154 1.8734117107774739 -25.0458051441054721 -16.0853973417888838 -57.2152907104298620 -2.2586769248941310 15.5328830699765899 57.6129327404846450 -41.1556053206666022 -18.9395126996836538 51.8562737847677866 24.1076854057624317 4.8848731116305792 -38.6252597064787082 6.0864771854303639 0.0115338433242235 -11.5863086677243547 -65.7581509226560001 10.4106917130871590 -29.5603619987029624 32.1197043693991233 3.7877726640398874 -24.7260000349092692 -5.7148720619139777 4.7473876821733745 1.2944458546714586 20.6075564204096153 12.5655417220331813 19.1613243560915905 -15.6251828326925715 -7.2100751710850002 31.8510947825832460 -6.3070443832128973 -3.7290381244818178 -10.0664146434829576 -33.8390724800473208 5.7764242539172521 0.7005819181757829 6.3441062293752761 0.1422602693112109 2.6508212040968657 13.5969642994908551 -1.3232787749458281 13.4474627433332579 -38.1312108586176350 -12.0070974851344090 -18.4036051602104287 6.4957221718103479 2.8735255166759672 30.5473379469021005 -50.5288072247753703 -48.6105128870551795 15.3976979393573430 62.4519295086542883 37.9242408573896199
329.0000000000000000 0.0612534900956292 9.0000000000000000 6.0000000000000000 6.7520751635529210 2.7903339535130365 9.7741445109379264 -1.1378083909101422 -39.2369145979841889 6.7491470726186131 -14.0010993796705581 19.8600491395503767 27.6784360074167921 -11.1051987242234524 48.1883025896073320 -33.4462779216145734 2.3174389970854632 2.4230301395954026 -24.7289016094736205 -19.1566656382304217 -62.5197339650396415 -0.7405991518571878 11.8092719507290997 55.2232587516972799 -41.8622412830094106 -20.2596301203738562 48.6288001035176407 24.5381523743317231 7.4735924555144262 -43.0811984628307911 3.4977918245880311 -0.8057278025806686 -14.1960924377972137 -63.0453364288002192 6.8767428483023201 -29.0070563687303640 33.5509055851232461 5.4277170965645674 -21.9083945646015934 -4.1360803145153913 0.3523314131348627 -3.6396205256752188 19.6954623404356646 11.4607950006539241 20.1872467110210891 -13.7974794366122069 -4.8703044013709285 30.8463526934241372 -7.8388731330564090 -0.9485043988394557 -8.6565258284261795 -33.0569144286228322 4.5929013197849109 0.2259124985414704 5.4150298398547738 6.8557997526831809 4.0283563726592719 11.6453531020220851 -2.5270743986265489 10.9189390188437372 -38.5055598902053120 -12.4640366313984270 -23.1521521706573310 6.3871952506121357 2.6933245209901640 31.2460156781905987 -53.0416201824751141 -48.2805335261266251 10.4029286577699995 60.9463693100854869 37.7060849888877101
330.0000000000000000 0.0653990664785037 9.0000000000000000 6.0000000000000000 4.9525728411886574 4.5613029965859493 8.9397781806888350 0.3779343077680843 -34.4041773510350453 6.0322151787252993 -14.4902493841338309 17.4891879125066723 29.8325275304352573 -6.3097394615080349 48.6955770790853606 -33.2508223622701635 2.3787309715068776 3.7570320625581597 -27.1953125287166522 -17.1432831811469590 -62.4724137647013507 -1.0515533536434343 13.2198397637521055 55.6251981580006216 -39.6552352733991782 -20.9211130560618379 45.8121118190672831 26.5440330749531519 5.9895178878480362 -43.7055310177423380 9.3683752981464874 -2.0628333865270108 -13.4007516095501398 -62.2678180548077762 3.3587067014045564 -27.9213143370707790 34.5323314116201558 -0.7276811808955230 -22.3593022164143811 -10.6301171971887314 0.0078822979149979 -0.2202121402204962 14.4505373624334901 16.5413673929212024 24.6710838429696722 -24.0322097834666089 -10.5673956282232098 33.4270209215725345 -4.6629087445739295 -0.8252252580061574 -14.3457404118207350 -30.8742054785397535 3.8615444790439977 2.7225537859185485 3.6181036649628333 8.4681557727690215 1.3033440277479156 14.3463885426252524 -1.4234350966384743 11.4487165997054472 -39.3769494595595404 -11.9303508916343706 -21.9376065653809142 6.0305462961495460 2.0465488628358273 32.1115374783498027 -51.0905867730856400 -43.9752762276579432 14.2367329270502321 61.9743557462681309 40.3596166274328567
331.0000000000000000 0.1641525027630155 9.0000000000000000 6.0000000000000000 12.6445244080697492 -0.5722672005067251 7.3446287386761471 -4.4203954831631052 -42.3002325846677749 8.9828566670172254 -12.4862319305182847 20.5642754652350170 30.1884377280074574 -8.6519756685690989 47.6677498102274555 -32.9623091891393756 2.8758987925405739 1.4017379927153000 -28.7918571149213030 -15.6078540312871858 -62.7961549836030386 -1.5287504659347335 15.4735319673889542 58.5654397072992410 -40.6707981278987347 -20.3964786581314854 50.2764060032178577 26.8947239022224807 6.6457569499434310 -38.9219409531551861 7.1339868880168575 -3.9387563589121268 -16.7643397857341867 -63.1372990543430319 11.3293965731714863 -32.2414688883983018 31.2033734268452250 3.4322317070311383 -22.0176889065381118 -9.7372154389963370 3.0296844602909636 -3.0761080884198488 21.3653665045997343 15.6899065545322909 22.6509706792705856 -21.5736592820945567 -5.8664511499188343 33.9252372660768629 -6.4567865649125658 -4.1074336240942326 -12.6988570584113436 -38.1248804270005479 2.6469084324792176 -2.2091579334732874 2.2202817905335417 0.8060526657336204 -1.4947444287911491 10.5059128098728358 -3.0465651109173466 14.5986737757959162 -39.7038419261691118 -14.0118545507671755 -20.8341761080817562 9.0675178178529503 4.4304743530642678 34.0344488742116269 -50.9810307869839505 -51.3783505490446899 10.5635505930191975 61.6058002741373159 34.0581650613460241
332.0000000000000000 0.1382021190820005 9.0000000000000000 6.0000000000000000 8.2056155050498472 2.4788017100880313 7.0378137362644093 -0.3451605410888055 -41.0611483106559234 7.5526079025909967 -11.8740932895977540 21.1023153165324864 30.1004587604636171 -2.6280195771181871 47.6306257949620360 -33.1661896111028298 -1.1884331401608510 3.6934496789681752 -23.0967788013036994 -19.1897710687072092 -59.7195246742513675 1.0957406893021653 11.9853423245823372 54.9415157301194697 -42.7438506502928277 -17.8471120189450154 48.0389133119355449 22.9755730465703678 5.6484590317782111 -40.3458979842051662 5.5114266207437019 0.5471278907281878 -15.3131994344974309 -61.0181184840864645 6.7516851787686463 -27.2323025103014551 32.6685310751140037 -1.1202083056552969 -21.0833723054075470 -7.5072881790953474 0.4311083847571684 -4.0398051064587852 20.3764333298806939 14.4544403072917476 18.0138081060860387 -16.3431386935135805 -5.4953898383766697 31.5899313058184852 -11.6833571261915061 -1.7753727962804218 -12.5665174662864345 -31.9710706149281805 4.0622082006203746 0.4176883729248003 1.5626974522275061 5.5368882558109735 -0.2998765247249118 14.4707445614164101 -3.2671545682991305 6.0639605153821883 -36.2195546247837754 -13.0963949527524832 -22.4997644534901156 6.8332766968601346 -0.5399575962408356 31.8936348837442729 -51.2634890297587944 -46.3430365012541188 8.5796131586734710 59.8159346769658811 33.9518464289319652
333.0000000000000000 0.0662877377054902 9.0000000000000000 6.0000000000000000 9.9822124059429136 0.0558744741876382 -1.4870606143852161 -3.9701510928961339 -42.6538730685071599 6.6569766736174589 -10.5062845373717586 20.3907691266813771 29.3576192895408319 -4.8489304665105983 48.1925323168460622 -32.5005620085063498 -2.2250210434399258 5.8587967919571646 -22.9890919710501542 -18.8445164170924606 -61.1834293382035952 -2.6980879256015387 15.7398713126746479 57.3647309926163445 -46.3163625336464122 -18.9822481065571864 52.4077787519150178 25.6476011319332713 3.1275665232251462 -40.2825202130228845 9.5808830876263684 1.3594330591171075 -14.0250851710849780 -61.0883236898471296 4.8901060901367561 -28.7267323053010024 30.6676097889680435 0.7399469619900005 -21.6738361612888397 -10.0606930877784304 2.3282965625023957 -4.9625125812736934 18.3818171237988928 11.8007476899596941 20.9097007910529413 -24.2407336913777200 -4.9627949485059260 29.9855348812125975 -10.2773778218640306 -3.8037179917503741 -10.0689456526683845 -29.9521202381202940 8.7706602652182131 -0.4075833181634080 2.6819727693611135 3.4967400381630775 4.4266648838769065 14.2925691294714614 -1.3512047926655089 9.1135427714133499 -35.5278213273155430 -13.0057924971616963 -23.7841404759314337 6.4244778318224238 2.2427669441465397 30.0277608179672413 -52.9106482533568112 -48.1233194054551134 10.1206186164142800 61.7222693559118980 37.0271002037768326
334.0000000000000000 0.1384897601466542 9.0000000000000000 6.0000000000000000 7.9493568719538876 -0.8349509303141744 7.5827631213822935 -2.1202322899278374 -44.7413631622568388 8.8763424352380671 -10.4510989789509701 19.5370165209230926 33.2006589176396361 -0.9715981413512731 46.7423547252579539 -30.2230870558462570 1.0653678046352471 6.3365010111294211 -27.3303066759979352 -14.4184722325144126 -62.2345067218587644 -3.5267704936567839 13.2087917030971980 58.7728803724995004 -40.9676613549934672 -21.5856441227419396 52.8650030498974104 28.4828172107458322 7.9465018681973847 -40.4727762476424928 6.8384587206862566 0.9639794300644189 -13.9569768267640182 -56.1113743915383765 4.2910266168238271 -29.1786867265197252 32.7740335330251469 3.3110747738256849 -22.1003216969566729 -9.6243159729903294 1.6789619139403822 -2.6425975235901431 18.8437105501891011 19.5972246903318066 22.9505894340845593 -22.1487074304243770 -4.9315456087421081 28.9554516615737931 -10.0107007667183190 -1.5204911028315808 -11.2095166212704243 -34.7914090854576799 0.4072516757468287 -0.7931631953447938 -0.0604594050418585 1.9120784797624122 3.5213586596834796 19.0249713142150370 -0.6106396958350742 12.2752584841407000 -36.6057387889427446 -16.3470626504914414 -20.9586668808947323 6.7406852264344552 0.7001317839177175 29.7192592000989357 -52.2788834709925041 -51.1079053126424370 12.6224864271809292 60.9569942530697944 39.3921921370777781
335.0000000000000000 0.1639412071510997 9.0000000000000000 6.0000000000000000 5.0435979328769189 -0.2277309526589761 11.3855015192895248 -2.9292352022181669 -46.4321550101151956 5.6090534098843605 -8.7304544515567457 23.4939308773450222 30.8198036149974683 -6.1272878024488495 46.8687165334826332 -36.1897679972250685 0.8834932199048482 3.7935767204862896 -25.9003306045391959 -15.9066483772336511 -65.6543767467388051 -3.4272695636383559 8.4999513101287789 55.6668672369803161 -42.2738629686139831 -20.7956326141560695 56.9183324445304137 21.2540701164809747 5.5960958981581417 -46.0418079363156352 5.4784118139218974 2.6784565749355616 -13.8611255484349627 -62.1390895210362260 7.4257711217957656 -29.7161997585841782 32.1769313239996890 2.4209658865437755 -23.3833844505712101 -7.0553253310391000 -0.4439325284441604 -6.2832969022243255 16.8840964288133932 18.0661579028070847 19.7262895357888297 -17.2260037015739087 -5.1545340325525544 34.2073839872448673 -13.7993135586367863 -1.3803766473797603 -14.2962451426068355 -31.6581641059651417 3.7308745758094908 -3.4047556758946671 3.1025686734566289 5.6224305372421934 4.6859796642350124 15.2774473583423642 -2.6841646812650111 8.2075599812171429 -33.2050814468047975 -16.0732006494375490 -19.0802198699958687 6.1986251821640472 0.5599994636202585 28.8948433787453922 -57.2672957409952801 -54.6453798374482886 11.8675764382044235 62.5286642156632126 36.5673908190284109
336.0000000000000000 0.0708086703152616 9.0000000000000000 6.0000000000000000 6.0511633841934005 -3.8448986768019382 1.2511495382482964 1.1980571567112626 -43.2615641293511501 8.2724130683622548 -10.5340878043111772 21.2460355540473742 31.1491845516127270 -5.5718191279028231 47.5099000448741506 -34.0181292265272432 -0.2881647504349238 1.3001347781371688 -25.9848057549100879 -13.3298143388044075 -64.6491498067219794 -1.2532487278850322 10.8439476904610288 59.0407393049432443 -46.4950143910745695 -20.0388890804095752 56.0394185417588488 24.5101253903930960 7.8712176538377898 -37.6820513855629855 7.8886833658950222 -2.0828048100493706 -17.8889361151193462 -61.3703377281502611 2.9027648991686261 -27.9845774815681025 31.9568891442511074 3.0534526890865386 -21.5558398901588575 -8.9746383149850857 1.1230357675872340 -4.8212225244467959 21.1094549262747222 15.7816989094606690 21.0428428614672498 -22.2328465455831363 -6.5115680162643255 32.9818793150731793 -14.4492397270488304 -3.0410808423479243 -9.3783650861061325 -32.5108496097168143 4.7328448036592823 -0.5008288854183235 5.1760412688576327 7.0397792247328788 4.8236432166339194 16.5446355756918102 1.1524503255395060 8.7083637253367776 -36.3096671348878246 -13.7363365270122610 -22.5292668319500677 4.7762640650594470 2.0984685488059838 29.3288667341571490 -49.5347083039794214 -52.3088613688074844 10.9078362473329591 63.6420678454992697 40.4931404086291025
337.0000000000000000 0.1635754432248468 9.0000000000000000 6.0000000000000000 7.8031325439317261 -4.6950645450387114 10.0793660811930259 1.7233936537865229 -44.2067741789998792 13.0857215438642296 -15.0552988789395243 21.8223727859841965 29.8109080952972576 -4.1293635379844229 45.5602270280187867 -36.1937163231279868 1.5741134103024876 1.1418381591943543 -29.6211625462838839 -16.6880136983226564 -61.5038243703741898 -2.0452723947139697 11.8265358024046616 56.0026050058059113 -43.2892754194810720 -22.2008469760632465 52.7279832124690557 28.6991445331930066 6.8757823346092133 -41.8343827609632726 8.9727333568585053 -1.2554779245181031 -15.4152971934206597 -62.7199798793765027 9.7638489983003431 -28.1810643412503268 30.2266011185943810 7.0201971549216706 -22.4098639225340364 -10.9723631290908248 5.9345389605337671 -3.5605510044377477 19.8083570913206692 13.3529033960767389 22.7278522826478806 -26.2448211113296637 -5.1331260137785835 32.6197554591822438 -8.7554518956711807 -1.2714419703334676 -13.4731192115471874 -35.0890594869282495 3.0224139621467914 3.1368143279493950 2.3231119559061710 4.1778039603276280 5.1099838653344758 13.2897128993619393 0.0157601274936026 6.9929685481134527 -37.9613881476098598 -15.6766373883975199 -20.1089799155446478 6.2648170936309198 1.7368405907466216 29.2442315383499967 -53.7919730984539726 -49.5391239108497174 9.4257504560892240 61.2092015952351787 40.7202411675150273
338.0000000000000000 0.1636993774697120 9.0000000000000000 6.0000000000000000 11.0083620774182247 -3.5890125432766324 6.4562087312807579 -4.1946823385906740 -42.9975168355879305 7.1910291428821349 -14.5685288142533658 23.0491056355166215 31.4790805526174609 -6.4926615242547792 49.9144157497418064 -32.2594280362934995 -2.1192492877084970 3.7091636824763805 -29.3588291960714116 -19.3529532792152104 -66.5069011125185767 -1.9660612686690944 13.2084839310542232 57.9878248663229954 -47.2448776906947359 -23.4534869857892438 53.9314932123542263 26.4717223152546310 5.7025872120855032 -40.1853056200244225 5.7023293121694305 0.4325333050133682 -13.8398704607210838 -62.7909269912707941 8.2407567509900996 -28.7607846929999447 29.4852935453820741 2.5934516898671971 -22.7084348761270682 -10.4599283575256390 5.1371484951524735 -1.0377526260673959 19.5131466120301802 13.3271905887640383 23.5514118016202332 -20.2700432509461237 -7.2381375140807602 35.1808521869032162 -8.8123245016813225 -5.2471849824629011 -13.5981592045721786 -35.9557128272094388 0.5159869503044923 -2.3158958890227912 -0.5032311220501011 3.3079839280385510 1.7732248942723090 13.4733602614784918 0.7040029981147751 7.7165726448957503 -36.8016415523283555 -12.8145591558421792 -21.9645328025582245 5.5716352130794276 0.1851136919432035 30.4755686277382836 -55.8551985719142721 -52.2270856923675169 14.9270921725117134 62.0129259916662789 39.2082308776239614
339.0000000000000000 0.0725176755213966 9.0000000000000000 6.0000000000000000 8.8694239141761972 1.8094679982437343 5.5409072750106212 -1.2303484066471981 -47.6843309535201456 11.9412069274007813 -14.2967951680879679 24.9717541959890461 26.5729684118261531 -4.5343427278341162 48.4756009966159525 -36.5954406706860027 -2.5766134307918276 2.5624554066211398 -24.9173567528913367 -20.1446338450716418 -68.9638489746887444 -0.4468068934584863 13.2254058140444126 58.4241508880432576 -44.5991262591901929 -25.8417518656311600 58.2477082138602924 25.9822394047707022 7.8610847372423134 -42.0038262804721185 6.9789673081827512 -2.6658249097845115 -11.4017401565791587 -66.4519066195052375 6.7850593940057937 -31.4220634353331043 32.3845532273766565 3.1466871975126356 -21.9131922306695444 -8.3357458760399012 2.7513778060256917 -3.1436003853128511 17.4709917637778602 19.3856313058301915 24.6999628525827042 -22.8580073301901230 -8.1727784931127072 31.6114673653951535 -10.0674388464482778 -1.7363998605256241 -10.2295211994290050 -36.0343252936876013 3.5371389130089521 0.5914879100778986 -0.5972903221901773 1.3352703669611228 1.2794950148102227 15.5203520024605766 0.9657519794831824 8.5444846697804806 -38.0863747065224842 -14.4296945234365186 -21.8873195097419568 4.0210344889679366 -0.5776427484394229 29.5523233992784533 -54.6574805919667739 -53.7100000896408645 10.8950413055991984 65.8318882806987062 42.6775303011943876
340.0000000000000000 0.0695192287882632 9.0000000000000000 6.0000000000000000 9.7184168795159565 -0.1510437780140134 6.8623326050562712 -2.2282677853031245 -46.9380641825279028 11.2820026075461577 -14.4724523969020940 22.9616489387852916 31.4765396943532032 -6.7206382283066182 49.5460920167436853 -33.0670761910890079 -1.1753136559596467 3.7907203916590655 -26.7956470967294891 -12.9429778375074722 -67.2401750445563806 0.9278724082665271 11.8991689830627276 62.5589468731438743 -45.6235407633516985 -25.6571649758261273 55.9245755675229006 26.3040981792894790 8.0477534798854649 -39.3646248475249863 10.9912283886499900 -0.6610296959710709 -11.4834654120238717 -61.6568601697407033 6.1672735115145079 -28.8714680896656439 33.3352821709005269 4.2090459300341561 -23.4974497644540214 -5.8886716238940382 4.6733010730467273 -0.5654673641505239 16.3596504880093718 15.0116374722374193 21.2005833062730389 -24.3970531083564133 -3.9581737333643230 29.8289882776639921 -8.9342290611668247 -1.9031192803744474 -13.0048700525175800 -34.9792261456114559 3.2357088937452052 0.8312438785768123 0.2467677777900993 4.4985931122972573 2.3882973930682794 10.4637486873387857 -0.4576713591796074 4.2860226565316477 -37.6246922393105692 -15.3552683475947287 -21.7537253178309946 2.3859779309196885 -2.1240959459073618 29.0475994836881313 -55.2702005137841539 -50.9356573910758499 13.7769637136159986 62.7749949064646842 39.3959826578503183
341.0000000000000000 0.0752859812513416 9.0000000000000000 6.0000000000000000 11.6657432444466682 -3.0884456868651706 6.4415252497974391 1.8999485385885508 -42.5373057870510678 14.9030094263203274 -13.7828450736815675 23.8644643893907542 29.0955566012749038 -4.7762767955799212 45.4629549864667624 -34.0254610959365138 2.4985943133170050 3.7027004160698951 -24.6892737151186736 -16.6276905250061944 -66.7339735002791485 -2.2745297287470589 9.4760237453393099 58.8250783619007080 -47.4738627947130993 -22.1318634555464726 57.2594347670962520 26.6732384826632618 4.9497483922167103 -44.1929861631836687 8.7427540421786585 3.3986258959745728 -14.9208937143516618 -61.9870124964516833 6.2438646633514967 -26.7314074735820206 27.1039879641745500 4.5362604376340041 -23.0155434469259923 -7.6670511253891709 0.6972423338529872 -2.9303892048539200 15.6176591494075847 13.7472235971951449 19.2046607303283281 -22.7846818784491596 -5.8362626898448440 33.3348334891854279 -9.2304833696851460 -6.0421758818774567 -12.5657236754766490 -33.4979787351447058 6.8196720902783046 1.2596496443277534 -1.2552013895190981 1.1490454227070797 2.9594511714859233 14.7442483108717681 -0.0308912258006161 4.1013380558826853 -37.3679986271283866 -17.0051629256636474 -19.6794461277649404 4.9762303106253576 0.6594413436957531 32.3150495710519650 -56.1552579722358161 -50.4887652477328928 11.0787080448863069 66.7133462749620634 41.5706949260708143
342.0000000000000000 0.0622481970208105 9.0000000000000000 6.0000000000000000 11.6224052917134042 -5.7020540857994098 4.8175821716505851 -1.4170909334529467 -45.8030954796892971 12.0093547002219534 -13.9805922133611400 26.8295065450041506 29.9899922261391367 -5.3348363964304379 49.9659567181677957 -34.8748172277637849 -1.8365161355560939 1.3082574433397154 -33.3140922213886057 -13.0774005653721499 -67.0318093976461569 -2.4543270199393565 10.0590005190468528 61.6704903922753260 -45.1857618492938542 -22.8105547671848221 56.8968531145411660 25.4529588275567882 7.1775488690934974 -43.1398789716407833 8.0119165559615357 -0.5015813186507403 -11.2934048086383925 -62.6482531600695012 5.3019326890779830 -29.7441996082856583 29.3042817110952356 1.7990103931266102 -23.4999214119017168 -10.9606597340787957 3.1030711945287091 2.2635777619423196 18.4982079215135329 17.8890572929460880 19.7111292280691224 -25.7088118019852487 -4.6773682437209345 31.1633075099128796 -11.2139446952071875 -1.2326117907903575 -11.8344991325752460 -38.1310492885579393 6.0764615759901943 2.4596265895585478 -2.7530280382183050 0.3030348333156589 3.2104239326575001 15.6403278657782021 -2.7126966480701928 4.9645483519063411 -38.1442477291173745 -18.3912658610048716 -23.1813039792067812 5.0037681807166301 2.2673005137826618 27.8805587717733729 -53.5699942115764784 -53.1771966902009581 13.6068787328461571 65.2757898648763302 41.6940567198806633
343.0000000000000000 0.0664062533980242 9.0000000000000000 6.0000000000000000 5.7375244633002804 -3.3003140543805434 6.3781227748792126 -5.1240062574427565 -39.1752994108930466 8.9138746247393961 -11.4641541505630791 23.1859788663471846 29.9148651702976345 -2.6761732418129616 48.5963613910600856 -32.7822763581699519 0.6729834096540523 4.2440399181292578 -29.2517499062723054 -13.1259255141885927 -67.4111854776268018 -4.0309127270776290 15.6715448396168480 64.1327327385790937 -44.5014448092470616 -22.4884752228710312 55.9788273540761168 29.0837256450331942 9.8194577037062203 -46.9061963397582602 8.9292866002514479 0.9494526380589272 -11.7538099374295282 -63.6863060465938275 3.5229131655168824 -31.5808495624125811 28.3955503382860606 2.7653686710373213 -23.6084007193256404 -6.0626760063801406 2.2038057238893454 -5.7707999485289143 16.7183805327132049 15.6899876362203923 21.9720563706726182 -25.1738185221771147 -7.9616950781095470 35.2661542482543453 -10.9969079340179992 0.9761718227952243 -6.6277585684136930 -38.2827782772868304 2.0220014820995300 1.7112954105425495 -3.2474103704414299 4.0614668895907764 3.9767048215436276 15.7975182475571909 1.5808736991212380 7.9226607883550297 -39.9095579418157200 -13.6511914907477774 -22.1307976154475412 1.9747539297044603 -0.2483774660227456 28.1015888389649930 -53.1370253882316916 -56.3668656708053391 16.6329495454653724 62.2249456635007476 41.9063220792028233
344.0000000000000000 0.0582541026768159 9.0000000000000000 6.0000000000000000 10.1585544087184534 -1.1842482094343150 7.4314935468744663 -4.6100683181963813 -45.9926784994364866 12.6207625213453305 -13.9903250706457474 23.5627452833392823 32.1911666655772777 -0.0806450636791851 50.0316272974444658 -33.9392086130455084 -4.5740875154696514 2.8562257237261726 -30.7362413179912082 -14.6445655360227054 -70.6276810684964858 -5.0239208791585588 14.5071535849660087 63.6329549386581235 -45.8659945597957019 -23.5928242361583145 50.1835570496876926 26.3934034517117624 7.7508328982592554 -46.7041717907309106 5.1924340457766753 1.3737515374438973 -10.6134106627515870 -63.6937133126414849 3.3206583462589885 -31.5560194558156084 29.1848064594971035 5.3957965643823762 -25.8854431467326620 -6.9825288213141494 4.4613947154700435 -1.2451364583837279 18.2004124156112539 15.0814152164203037 24.5736530378235400 -22.9259716975251315 -5.4857816888054778 34.2012525094422060 -12.3813144738263752 -3.6954188050940653 -9.3643252089124935 -35.8595916538749364 5.0655714234695974 0.0657177213483671 -4.5895194282124274 6.7067523272661198 4.8900571335115215 15.1249873392032264 0.2398332829514971 8.3550366128395996 -38.7195473393018474 -19.8849318465242462 -19.8640937526404748 5.8479739880491843 4.5344819256644930 29.4638705048849303 -53.1096138253742751 -52.2892131773587039 14.0050606845405881 63.4485838281630024 39.8376543051044436
345.0000000000000000 0.0744775995860970 9.0000000000000000 6.0000000000000000 7.7446630122944411 0.7639137166687155 4.4176845329188223 -3.8456859409588731 -39.8552301880515003 11.8398805593496341 -17.6011432524319815 23.0034053944697412 27.6349149116941035 -3.7002740641785437 49.2828214592128475 -35.9441259121328969 -1.7470471681224526 0.2582510346100557 -29.3833495131383984 -16.7611167754485493 -68.3524256361498885 -2.8964684607925517 15.9830749382437585 58.8600498001766468 -41.8974532487018436 -25.3524703861693261 50.2668836634360190 27.8415721137224921 7.7815721881194619 -44.0840927177229460 8.9565302076076954 0.0421983582727485 -8.0149356943126406 -63.4601095795058754 4.2487596826290286 -30.5261089338803266 26.0355559369167793 2.1275834928323483 -25.1405359051511574 -5.9488273003548402 3.2075020641835765 0.1267299017653107 18.0272272687788444 17.6859488674412901 22.0979167923863642 -22.0494086594588268 -6.3310525940783018 32.5957441500821119 -9.1609531475321919 2.4353168623622832 -9.0393703451197123 -33.8245711279233063 6.5291997436141562 0.8560168619432114 -1.5239102239758302 4.6406980520060284 4.6807759076355921 14.9650282574262388 1.2055571931158182 6.9049058113283355 -34.2964084636554105 -16.2841830857521686 -20.4338109558618122 7.1543715163964343 0.1666394136368243 28.6221295750708009 -55.8360856516177435 -49.7378326075622752 8.7333232779540158 59.7880541133004328 42.9686513884469790
346.0000000000000000 0.1393204936020406 9.0000000000000000 6.0000000000000000 6.7776731690541521 -1.9550194725056791 2.8535092143919014 -3.7034351869758795 -43.5963364319300766 18.2325324847308394 -13.0677921516606226 22.8434349777315830 34.1431370667674372 -5.7873118362949691 48.1944421309574338 -37.1229421341657684 3.1559695487931587 5.3349203613274678 -28.0220489030265298 -15.5253959852496290 -67.7841299736193292 -3.2331904712592352 13.9029951567961323 58.3952936932225697 -42.6271956822977600 -26.8078900951694692 50.3821459283075015 24.6298259941557731 7.5320861129088321 -45.9647050240448678 5.9559643410470953 0.6204636117356161 -9.7555000159701706 -61.2770500634785975 3.2519458690908731 -31.0968978266373455 27.4474862365796888 1.0999445506335050 -21.3380052149757766 -9.8404521170314698 4.2370992559065321 -1.3297195207812824 14.6227652699341100 20.0587239455490653 21.8922858922898129 -29.6944359881972026 -9.1050190633032884 35.0645846426101500 -11.2628099051251382 -1.1175599470401010 -10.6415248959035722 -37.8228098011839791 8.8870247539153233 -3.9393453730487229 -1.1862574296715431 4.0066739750734595 6.2206819887088907 15.2521208907171193 0.5564693607841457 10.5362417059234268 -34.7322293788929741 -21.1658142489708965 -21.8173870379896186 7.2711184222085787 2.2990744073882743 29.8639721304925381 -55.2263023097041739 -50.5805582671502592 15.7920528619993163 66.8688183848410631 40.6495211436315245
347.0000000000000000 0.1391051339352987 9.0000000000000000 6.0000000000000000 9.0583090576272784 -0.3427692961363755 4.2597756674482437 -4.9301680917250685 -40.7856339301568624 15.7437331338902986 -13.6411690306950781 19.5870310897627036 33.3395629336961221 -5.5168094780859693 50.1028427107295968 -38.4033401507889636 -3.5791301702711005 2.7045829508828243 -29.6315407601931540 -14.5034352340488777 -66.0100074672401576 -2.8297290377867075 15.0148883956536281 59.7891636536693198 -39.6236501954158129 -22.5171627611676506 52.8671207303736566 23.7629827631511468 6.2174284771879904 -46.1424896115718681 7.9884485997535668 1.8764767357955341 -11.8132865747403351 -63.0870185321864270 3.5835183272020981 -27.0591654502854873 28.5149273271679959 1.5683705820330038 -24.0171358629690737 -9.3943106048964147 3.6880717997201788 3.5104279183577352 16.1010484663224780 11.2413318448261776 21.6477434182026336 -28.1564088684274694 -8.3760940052851911 31.9894193240262297 -7.6083865262344066 -5.4074732268352266 -6.7558307625578440 -35.9155959444877269 3.4092476983011100 -0.9426570155780141 -0.7245540868070517 1.1169929422277449 1.6650687987378969 15.5768547598039753 -2.8219442796168139 7.1376772796039862 -34.5781913046907192 -19.1869792363393401 -22.0768370401521423 11.4322693268283615 0.2820533860426896 31.5113402560554832 -52.9245516482811453 -49.7688353604323979 16.9930971367913983 63.4639099444478703 41.4415441699692053
348.0000000000000000 0.0677446181148087 9.0000000000000000 6.0000000000000000 3.5091396614810120 -2.9481338184013119 3.6917440117061044 -6.0655254853142067 -40.0053460294980923 18.2241240650482332 -19.6688568449193824 20.1561375608663909 36.4036963614717664 -1.9981458297657886 49.3881322653104320 -37.4742188137631445 -0.1088443263812598 2.4723119594255252 -25.1638987251191288 -15.1586829746032876 -67.1296284860786727 -3.9767677212592503 11.7444641228888571 56.3318680148280038 -38.0229110115525089 -28.6243096193420605 55.0103460187911040 21.1645693401316777 5.4304097461598424 -41.1200061656760667 6.0073328717167325 1.3597189527106104 -12.1636207143806416 -62.9910225142682165 3.1308107661776794 -25.9309750606352338 27.3478326147523845 0.5201710159220418 -22.6429376765516928 -10.1017957882401141 0.3534211908818765 2.4965421304082325 14.6378789545914181 16.5414429932495750 22.8207659462847445 -24.0009290909856965 -8.1069522717678346 32.8117364645647953 -9.3665378079615635 -1.7603202960849260 -8.7794634667659626 -40.2407030160279646 0.8304543324689249 -0.0176223785459485 -0.1248335494424684 -2.0555848877988949 2.9341261543369503 13.7904699828200368 2.2864948018257674 7.7637751101416432 -31.7924177899944063 -15.3894843763248854 -22.4447639625737807 8.3452264437629839 3.6820672121735964 27.8921651351836282 -54.6455577617895401 -50.4397562870452703 13.8489186447286627 62.7169515228372916 41.2346468993586086
349.0000000000000000 0.1385443460165508 9.0000000000000000 6.0000000000000000 6.1746439917191598 -4.5626349383567693 5.9811521701400245 -2.8817224582608154 -40.3715017908185700 9.6072769065696839 -16.6457837150188510 24.3389872210609610 34.4904021541781276 -8.0161046098705668 48.9690518643453601 -36.1339959952545513 -2.0229552216283224 4.6257444497062856 -31.9666574730628952 -20.9343757118753295 -67.3106083349153010 -6.4785702115125510 12.1474265853526795 57.4794862779554734 -39.7918289110649042 -25.6605480763254441 52.3368773081048744 24.4871961158008347 6.4707701543215688 -45.0083746721210289 9.2199598223236929 3.3913226452082021 -12.1493677006774838 -62.6029168806003611 2.5782063570057918 -30.3620800949577898 26.6579025975555659 2.1549567777209466 -22.6432469487266417 -8.9839947483798905 1.5841784824701866 -3.3236835852334834 14.1555888026217964 15.3406044128911763 23.4472747984085785 -24.4078006247268888 -5.0464482736894247 34.1629284560148037 -11.1463737571025288 -2.4223537563489996 -10.6972885610023720 -36.3374116204163471 5.1219352520963746 3.5642266530732267 0.8501507907198231 1.1453911266998913 3.8480969120426241 15.1354623307885774 -0.6697863802929540 7.5871716998408623 -35.9264863629209330 -15.8329375390554130 -23.7395792966234751 8.1424853606432794 2.8852117969223858 31.2095867024388305 -51.6279933937368583 -47.4235968920944586 13.9290878066120900 60.4869516269732870 42.6513014236776513
350.0000000000000000 0.0630902287379624 9.0000000000000000 6.0000000000000000 6.3176774864544489 -6.2949809415465063 4.9469192300680538 -3.0128448437903654 -39.2491352242069311 15.6627805142592607 -19.3087739386925925 21.6976904602907439 31.7725146063744148 -5.5034985892134491 46.5952760782148232 -33.2745460261766084 -2.0205664947701156 5.2784742457261373 -28.6024824666594739 -19.3391364966093491 -64.9596951685302599 -5.1838146100713827 18.3151099025057533 61.2791012526468819 -39.1976808110137966 -25.3616175914867057 51.2836234646991045 21.3941157318693094 6.8329742009295664 -43.8883552418221257 8.0655503946475555 0.0767863640046612 -11.2855756541129981 -64.0618675526732773 5.9563188041063819 -27.8765934973099725 28.4240185049189797 1.1028828954558902 -25.0028491240234132 -10.6627859283938431 3.0889763568832067 1.6326161610295531 13.1728596489510696 14.4210198584044313 25.8500693127849210 -28.1593672063981089 -14.3296666447583121 32.8474514380296796 -16.3014338793129028 -1.8538513117617881 -10.4654083242976270 -35.5496519931692987 1.5263025261413308 5.7943235527835206 0.1535476432763730 1.6813560225813675 6.6674946645899151 12.1876099849301021 -0.1939907397837655 5.9083300879695884 -32.2121613549877068 -15.9786943514251654 -18.7940212445331554 3.9827600827471659 2.2465284810877657 28.8973260446201650 -54.0113333641145772 -48.0533155005734542 12.5276703601724115 64.8620443054425095 41.8604265314791206
351.0000000000000000 0.0685375756751486 9.0000000000000000 6.0000000000000000 6.9302845746414956 -5.6402138123260013 9.2257137304974357 -2.6662068887057764 -43.5223716037053165 13.7566973332648725 -14.8696366048103563 19.4320769486290814 31.6952586635054132 -6.8680677996853117 46.2501003496005723 -38.4962853389635811 -0.2254571065839289 5.4280077707113215 -25.9105663453686148 -17.9169983742535130 -71.1068771334465879 -5.5019378341729093 15.6901597467642269 61.9146928728119050 -43.9669958151168245 -23.0511989215744322 51.8810389555150095 21.7965508459060437 7.6441128955514674 -41.0599617128947685 7.1304657398789129 1.2062519853692852 -10.8277202089470865 -62.6322706307484935 7.3471157076392810 -27.8301140071200344 27.0442349798999757 0.4041366439193480 -21.5311385036728247 -9.9361376975928621 -1.0914800041647057 1.5231046890045727 17.0700696371199783 14.1830240626467585 23.1637066550747193 -26.5062070766961924 -13.5117476811664350 33.9634311831428022 -10.4006454108830706 -1.4497269553210215 -9.3776314748582106 -40.5923414674767571 2.5231391693419036 5.3893821900663319 4.6008438973075600 2.4230851181662656 3.7604337575109392 15.3069352867754240 -0.0053519726969607 7.9129071081757800 -31.9118913444070316 -13.2292663092948253 -20.3910782766081660 9.3489489715215530 4.8666628389077324 31.1019660402978957 -51.9025640489226348 -45.8237611433808638 15.2129893984403299 60.9624398112125263 39.3003126672887859
352.0000000000000000 0.1380221411020944 9.0000000000000000 6.0000000000000000 3.4025553435041020 -6.4339639112845433 1.7110511600099909 -2.4714499079376293 -42.8282277270168024 15.1678390199909945 -19.8090107277115557 20.2126301722728918 31.0826618682170270 -7.9681236778876725 49.6302695498017812 -37.1990214568548581 -3.7460895232898372 -0.9810344578721018 -32.2218624716990547 -19.0633323115666755 -71.3486966173673238 -5.5586760097110126 15.2109015237208407 58.3595540061368254 -35.5834734786700722 -26.8785272356235012 54.3697021788107548 24.0189964357742411 7.7999711495294504 -45.7382605646823635 8.3401390682543166 0.9585614052438146 -8.7032533411464783 -64.8765376307647017 5.4329752400489788 -27.1612628530553835 29.5027936968388644 0.2005471573041749 -24.9724919504160709 -11.2662369649873249 3.5649547385675948 -1.9703538764389468 14.6532343567820913 16.6306891839882347 23.3097129148105857 -26.4212097150459932 -9.8086688690397459 32.4806951836788613 -10.2928334363843987 0.1642358037695559 -7.7695672270358411 -37.4370327240432061 2.9578171063786658 5.0349970001218791 2.7085118890615618 1.0203959949723624 1.7728120025308569 13.1048172624869945 -4.6859176931621018 5.9683647972492349 -35.1621756189137358 -16.8467982399781384 -19.8862396682578257 7.8269521869536884 0.8319390565262115 32.4480710435623081 -51.0268535731662780 -50.1461045490291397 11.8017755038475336 65.5071468795753447 42.9012170865813687
353.0000000000000000 0.1363750867050488 9.0000000000000000 6.0000000000000000 4.7471164278065032 -9.8910032923716020 -0.0794650361050726 -5.3316708889717859 -44.1281366635381502 15.7951900200116011 -14.5185842056056646 19.4877704004966468 29.8774199711066224 -4.5013951439710773 43.8343153042535150 -36.9391081604158629 -2.2968315039638356 1.2143882040854059 -25.1330047927057052 -18.3827455015049495 -68.1849977875883866 -2.4459341972862005 12.2876189167167862 60.9821305575330399 -39.1666613333900173 -27.9016177023654457 55.9527667402218256 26.8682907588978708 8.0621033958039536 -40.5034886339233253 7.7626771362922264 4.6757574815586853 -11.4874061902476008 -62.3039657978175825 6.0125437056494535 -26.2720760145015859 24.8745317725276003 4.5462429220530858 -21.1748149369909413 -7.7192892193231062 0.0859257595090299 -0.4453687052169345 17.2396026462338021 19.2323672496024010 24.9079991604131372 -21.6545154548995029 -5.8785506472511226 34.3354541102397448 -11.6908601066187110 1.4712171232732256 -8.8119836718675817 -37.4923607553497860 4.0725993340228115 4.2300994287758398 4.8699875302633417 -2.2605303711022806 5.1001849263281933 12.5459363214580684 -0.4443286833588465 5.3854273080839477 -31.0207843772568737 -14.0565779143017355 -19.1332198735026537 9.6606493679013212 4.0071062514201179 26.4295627957621164 -49.0229066330132426 -49.5023342156377026 13.8216837645115298 62.4210398345077593 40.6091760581514407
354.0000000000000000 0.0620395531692173 9.0000000000000000 6.0000000000000000 7.6135750315954116 -8.5797080449496193 1.5205040198737034 -4.2327361816818021 -43.3187507653232728 14.9868485164697223 -19.2123208703736132 18.0366482782390385 31.8416050652290465 -6.1123022761460604 46.7994045631423816 -32.3734486687464837 -2.4236508375084393 1.4781651074695015 -28.5149155391835265 -18.9901228802660427 -73.1412314740058633 -3.0583028880027334 13.7939468600235688 59.4259131226441895 -36.8467355618606192 -26.1754703732066609 50.2671138909839712 24.2160463711137552 4.3124237455474113 -44.4868925420443730 10.2777195557144925 4.0816956373666677 -10.2361005400565812 -63.5803930909897161 4.3567285060794969 -27.7510041139244734 29.4875225304267801 1.0114329719266626 -22.1114305756089031 -9.3665933214421280 0.1721008961896459 3.4824382177817101 15.7819216799587387 18.2021707853033234 22.4222816272135717 -25.3071194386043850 -9.2344123981676702 38.0619963358791225 -10.7296552942163572 -0.2840678843046014 -8.9336901511950675 -39.6520388642836110 3.1595970956692554 9.8839787829929548 -0.7764660797112006 1.9332150576459388 3.6216539767266567 16.3022765768454292 -3.0419325498272660 8.4996535024892417 -33.7620940948453736 -13.6600322513566095 -21.1454500968132919 3.3901410344045591 6.8752779317393031 30.1201950618563252 -50.1127693492272286 -48.4615929079694610 12.4692289368308327 67.4805403339715468 42.2944601887070277
355.0000000000000000 0.1398142670281241 9.0000000000000000 6.0000000000000000 9.1900795520934224 -9.4699304724873468 1.6025327555533808 -5.7252055797131103 -37.0204762986721718 13.9971678350817932 -18.0197814872404436 14.9616963371664262 28.4906811807093803 -8.8241481694555191 46.5184828415783258 -37.0745636033748056 -3.5034631472999438 1.9859388166784546 -26.0608396008410779 -17.7985775842165523 -71.0035697953569098 -3.2269794483717043 14.4285972532432769 55.7676680308324748 -35.2114747343717909 -28.8151861526410933 49.5583811992199728 22.7933226270788758 5.2643333024720524 -47.3781236941546453 9.1466091350892498 4.6842367200410937 -7.9760407902546815 -60.4266168551496321 7.6265788856876675 -27.2405111380589950 24.9840806820907773 -1.8371921691968889 -21.0992466969805328 -9.3054815408032479 0.8285890176804074 -2.3565196567640090 21.7013858185528754 20.1866295041905310 22.1676483229650323 -24.2796982068332561 -10.0458534186522730 35.0317995329486038 -10.6953150453977663 1.1110614730381201 -9.5978829843587814 -41.5110783105311896 5.8033776527179182 7.8827630044665682 5.2338571618689675 1.2372764601291733 3.1606659016049936 14.0485614099377578 -1.0050392590667463 8.4508485322180302 -35.2351846730004468 -13.0275211395461969 -20.5390627156566019 6.6417096285184858 -0.4991996423843954 25.1705352333840793 -50.3152871726225470 -48.4636943622500098 15.4248126405314991 63.9941442063653270 41.9631946425933506
356.0000000000000000 0.0689944694232462 9.0000000000000000 6.0000000000000000 5.6928040970333376 -5.9288774054064817 2.7899042610881750 -0.3990445475668345 -41.5976266344254526 8.7240848545528848 -18.9429218481006352 15.7810080205164063 33.2999272520418899 -7.0744846303386044 47.5871486431682058 -37.5319199608414422 -3.2778565375350595 4.0475397575189405 -25.5353840293502472 -15.8464095803323168 -70.8069545374114142 -5.9281553019523754 12.5117058446787688 58.7734708032083617 -37.0158207087755571 -25.6698109997387185 54.5073884949630809 27.5313326353679813 5.7264889800983161 -43.4321547351986936 6.3585913237439495 5.4203157229819166 -9.9575402800004813 -62.1421886343822933 8.0323859150555368 -27.6346528986559719 22.4614363803009951 -1.4729474654614299 -23.3460706989363267 -5.7470264085254765 1.8881302011055658 0.3665109486409401 16.3079934254123273 18.1611405285248892 21.7886465356032275 -22.9802660278268647 -9.0270929039923775 35.6667942824955304 -9.3958927692449468 -1.1186360670245428 -7.7512219690258064 -37.1709642410001706 2.4547356238847220 6.6838307561825800 0.9733314811304719 3.5505934069126206 5.0939402190038479 16.4423963414283989 -2.4173994009225583 8.6152727304207577 -30.1768546819233663 -15.1507999307286276 -22.7424541925224410 10.1300263857355350 3.5764976000667588 30.0769153636450142 -51.0316625556090386 -51.8284977899698447 10.4341545843325409 65.2611574064015940 40.2741975838529669
357.0000000000000000 0.0697679338784324 9.0000000000000000 6.0000000000000000 4.9963882947361054 -9.8400063766365857 5.6080139359430312 -0.5184471786828380 -41.8581425422335229 14.5151549524891763 -17.3484079595860550 20.9641264894933812 31.0605470951635745 -8.8717471240580288 47.6579767781395773 -38.1905435488890106 -3.6670552999849773 -0.9098011771114556 -30.3384029499857526 -16.9317554283348031 -69.9928456778470860 -2.7389872397671016 13.6513705274318635 58.9656941755346864 -40.0748822787133321 -26.1147755216823931 52.1152598788111590 29.0648767807302519 9.4922789644585119 -42.6724576265291091 7.4516291728253847 0.6620132113502524 -7.1301357595453494 -64.0185708734597085 4.8092212226258617 -29.6962128550163413 27.3144685577216677 -2.1772390347176156 -23.2472263718584706 -10.8736046553801025 -0.6252872002160146 -2.4574501139210811 19.3018830055985404 22.6402203641996316 21.5306087959170007 -21.3893812062569779 -12.4622587529815565 37.2480074455338723 -13.5433675585289262 -0.5245940714787822 -11.1892616432160334 -35.8691239414151042 3.1107597215701603 5.2666727806592384 6.0254557428361677 2.3152908119368316 4.2777929943944475 16.7902807445141420 0.0197665515031202 8.1962791686832954 -32.0824525455951743 -9.3256498420122576 -21.8544012539364125 12.6345973241543668 3.3992211273344890 29.2124297242637567 -47.5488700465356757 -50.7288552333108242 8.0560602299285211 66.0344579172613351 42.5154221440983591
358.0000000000000000 0.0652156703529656 9.0000000000000000 6.0000000000000000 9.3078688127115292 -9.1373033207009406 3.1495290781590914 -1.3615069935786428 -43.9303506036793223 13.9674319563012457 -17.6626651271952433 18.8544758084940263 32.6616585577364731 -6.8658702623601515 49.0392040806678438 -34.1098339257356002 -2.5174585280700819 2.4343182776975372 -27.6357348078764709 -19.2309420686791874 -72.9560432303320567 -6.6149166439405853 13.6740881147121733 62.7348029526651914 -36.3833560881765266 -30.4007346557899893 54.2783318420488925 31.3708500876607346 11.6428901261270710 -47.6828490755222631 8.0837566692662595 3.2401954211803949 -11.6021263648705375 -60.8445342270545169 8.6231664678156541 -28.9030931302818033 28.1567918175039367 -0.7191617094818066 -21.5799504644153721 -12.2420129705914889 1.2512321701476337 -1.9185495121273501 19.2776486684900874 18.8674013634192725 18.0107273771149181 -20.8642059796516470 -10.4486182618405312 36.7303694055808023 -9.2135561587925672 -3.0484232941381242 -13.7999140493191881 -35.0697452461841692 6.2141664639351024 3.5445321012446720 4.4869952098917141 2.2100894847095862 3.3387028676391965 15.9768655921998022 -5.9165578024906340 8.4822745815168741 -31.3313944867836263 -16.5886902809693737 -22.8259265042275032 9.9192419902669862 7.2038794592136046 31.5254357942733527 -52.5885000303581549 -50.6239185190541434 10.9933375985366748 64.1756499039310029 43.4064405190659102
359.0000000000000000 0.1385751802483949 9.0000000000000000 6.0000000000000000 6.1255844473686611 -9.7437874378928448 4.3868208947379568 -0.2091225502396585 -42.3056010547402366 16.7153024890590238 -14.6849322331950916 21.3683198652094930 32.2363181110021841 -10.0394811310182757 47.4806080418469847 -36.4654695417936239 -2.4201184192455600 5.4515590880340001 -26.6900118662406634 -18.5844484120378013 -69.0070663518024361 -7.7513427535844777 10.0236416075128041 62.0000839485578936 -36.3447430749649314 -28.3558804074156470 49.3713434281172994 30.7841513500623165 10.7410261655560930 -47.8436360517479784 9.2343548106397009 3.9423459716477112 -11.9265917583866639 -63.0519627896642163 9.7009855496573678 -30.0425143262015588 25.7928346428432675 -2.5574063809646024 -23.0165383157882459 -11.9236949918251938 2.7662494017095485 -1.9929027131310963 19.8910599763469911 19.0820893114232781 19.5143754819944881 -22.7390638062544674 -11.1412971163320584 36.3483327921500887 -10.8518998511412903 -0.9391730420243907 -13.7926939669157065 -36.8620809927928406 4.7571066733246754 3.7298568467991284 1.9682807624377117 6.1435474341212100 2.6537106833763877 15.9026904751208278 -0.4147946599617829 9.5250731486174161 -27.7252750664422507 -12.4364741619248171 -21.5856437460634041 8.2556431098652432 6.3628715355234622 29.5699266422369718 -48.7297724326282449 -52.1769812588535800 11.5240228893752974 65.4389883598241369 47.1289551921133523
360.0000000000000000 0.0675564683476488 9.0000000000000000 6.0000000000000000 4.4234907855362753 -7.1779699906969139 0.6702515376187428 -2.4762328151172608 -43.1700966624204199 12.7900556615046472 -16.0233364522041626 19.0287465575787706 31.1934895892566715 -8.0169313198761998 45.1221056983056457 -38.5170050164467028 -5.3106101204869169 2.0670884111937111 -25.2623058113412533 -14.8212646452988537 -69.2065182294356305 -5.8245033232377770 13.3881211756099532 56.4885478836599688 -37.0661311469103296 -28.3127405146677411 52.8548226396464500 27.7513372844190229 7.9375143702339672 -46.4507731543152502 6.9657691678019145 4.4139090314769787 -12.8262192820597036 -63.6710232623972061 7.2175624281723758 -28.3627087915217118 24.4407172200035809 -3.0973489823158884 -23.3548023945587921 -9.2392155643855656 2.1401599708785501 2.1685137720917131 12.7460759823567322 22.1938116530992033 19.0965795411800912 -24.6156939386469205 -12.4835133856318308 37.7769153321836058 -11.5156235484051912 0.0275067499594006 -12.6586389675290079 -38.9939173768700371 3.6934518455843803 4.0128383199501023 6.7955677037573352 7.6637902494766488 2.9883375005828738 15.9765645320211505 -2.7652519447162556 7.4876072224830921 -33.3822576233263320 -12.9612109691613675 -18.4509036240051323 9.1278592250156514 7.5424621845597404 31.7388696315532535 -52.5373455844986026 -50.5933997186551778 11.6144624539754560 62.5711093044658426 42.6263699144931678
361.0000000000000000 0.0740188910398919 9.0000000000000000 6.0000000000000000 3.6901778268583083 -7.4511550904016399 1.5687301066908859 -0.1919652527365163 -45.3060262886895160 18.5501620997843162 -14.6826351003555224 21.8119805545764365 30.3896133926159422 -8.3150571320186302 41.8899531059588668 -38.1669874055286371 -7.2524581740778817 2.2246658176698380 -26.5784785636911494 -16.7975806561236887 -69.2743367934415915 -9.1540393918896061 12.7485040134661212 61.4551021509479014 -35.5978114255849079 -31.4083362261564076 51.0939250162373639 28.1117683333498540 12.0528851544491289 -47.2225820770795508 7.8117949626112964 3.2578166310304515 -12.7453660078033728 -60.4253880099152738 7.6046963312202509 -29.0753558899950555 23.2059584277270119 -4.2219303235756547 -17.8274683035202131 -9.6011222219367554 0.7401692192869580 -0.9796458805799129 17.2420629779207744 20.3555659428518432 20.0030185524132698 -25.5923791594359997 -13.4173417894286171 39.8870116089471693 -7.4131611795763979 1.9779222848162963 -14.9663940708331893 -34.7971207017479998 2.4707638874683431 7.9220764749766399 1.7218155575229832 3.4894690147078840 3.8024254300531739 18.0823596441736818 -3.0626341137168485 6.5102174703699962 -33.9156317877221909 -14.8104460025560893 -20.6764551769301477 10.8538153653576543 1.3383960053403272 30.0506744584831900 -44.9978443365328005 -44.2376177969457700 13.2325526164718674 61.0537554290982385 41.7755620682241968
362.0000000000000000 0.0686922275417052 9.0000000000000000 6.0000000000000000 10.4844444818262303 -6.6369173315291894 2.5302209390606580 -4.0451610223911736 -41.6239864546058627 17.0919882250593602 -19.2691062936540263 22.9688907721787707 27.3324948609556166 -11.5139847273627129 40.7557091651258006 -36.5091103286213681 -4.7625277148227232 3.4000062616898878 -23.8479794664386127 -15.9624013876429220 -73.8226758736859239 -7.9661106268741451 12.1241466054830855 64.1281707273956982 -33.4994982151634559 -31.9572453034431696 54.2345248377225460 25.4420391490650246 7.5924963267738370 -52.2131639051316867 5.0909671516988411 0.6094867925753187 -9.2132710060577416 -62.0869235786561333 6.3594434151769725 -27.7038598419584012 23.3028263811588729 -4.4843246035519755 -18.8915704322871747 -12.4700528558852550 2.3090201774072772 -0.8232450547676922 16.4110934255898009 22.8485657059615583 20.3467474458496262 -25.5608486108930961 -11.8767711732742125 35.8161265723832116 -8.5642569330492169 2.8268397319436436 -14.7948542607593474 -34.6012809058570738 2.4650953888979226 4.4070233617422891 3.8423767969423475 5.8612480980884518 3.4557238947900726 16.8971734040126549 1.4291384028373222 4.6900164395771942 -31.3259833331075903 -10.9300407860458897 -17.6978368879686663 13.6856220325435807 0.8092122910895085 27.9629198873534328 -52.0593404147319703 -47.6066678383274251 13.4085907059596234 60.5138346810534244 39.7056748794695409
363.0000000000000000 0.1388862944652677 9.0000000000000000 6.0000000000000000 8.1174510067719137 -8.5601299328288132 2.3290800893200800 -1.5976470671669509 -39.9399837085174454 17.1907471663573830 -17.0243647398096201 20.3909093584999894 30.1370049553692709 -11.7918037572095731 45.8004605031963976 -38.0467917317830668 -3.0946072820145512 0.7701812818875164 -31.0824882430589042 -16.3256563281835945 -69.7540998677706057 -11.3265960446494063 10.2287377477633790 63.1097757301919344 -40.0262754202171607 -28.4591539261010382 50.0529816620726322 28.0155639047892073 4.5527399061138212 -49.1076839641721463 3.9990552456593713 2.0436128977285035 -8.3920577191372860 -59.2119243225881249 6.3158349347227398 -23.7734489843080397 22.9153529320423104 -3.4899899391840936 -22.8933229574399988 -5.0286326838903213 -4.4019590504007029 -3.5881304159697565 18.5593663095310895 21.0930279199010968 18.1055398308745765 -28.1874332362294133 -10.0275624928507838 36.7440097784492323 -10.3026888947145885 1.7982110021619579 -16.0422321359257616 -31.4625207599502659 3.8232637853775833 3.4683147500031017 3.9267693530695809 3.8863494199003679 5.4326291990685807 17.8839213112484750 3.5169089988645337 3.2626817897171123 -30.0925520005602465 -18.6707016822614840 -18.8167291905889513 11.3747307484161908 3.4301159261966410 28.1438774343107987 -48.5121539812441327 -52.7163410072362097 13.4219361195812628 62.9841847112963862 39.5659630110063958
364.0000000000000000 0.1382251436515555 9.0000000000000000 6.0000000000000000 11.0255553174140815 -9.0349088322003546 1.1197607537261784 -5.6515936713789081 -40.8777983650960977 17.6769570044798421 -15.9059090896427069 22.3162009464600750 29.0454013991519382 -8.1079705524911656 42.6468755342888102 -38.4994504947499436 -3.4685400422644390 0.7669315321517375 -26.1127415947076500 -14.2085109830835670 -72.4849448809077472 -10.7629697746107702 10.5053137378182502 61.9572572072781895 -35.1557044752416985 -28.5437862089646117 49.5719064510869458 24.2481358280359309 7.9377541878702162 -53.2002585893778743 8.3459525699425559 0.2163283607713082 -9.6666209843314608 -58.9335968313904175 5.5067240050686870 -27.4220039595739458 20.8327948561336491 -2.8639536646777994 -22.7879808137587787 -11.2183945019506268 -0.9631928673638721 -4.1508770191200934 17.0607009335403035 25.0388495564712130 21.4831847589171758 -26.8195484628857344 -16.3639273322446570 35.7514724927525123 -10.1622720245480611 1.6721328856867255 -12.9822278934710553 -35.4667243122045122 3.2375620791940896 2.4177911737929847 5.2229737343146230 5.0675415742144496 2.9077361374860571 17.6638522182892999 0.5393888771943298 6.7112061903948383 -30.9249682316881653 -15.7548339116328027 -15.7682750939537080 8.5048747263111792 3.9043934381133996 28.5203642526894399 -50.4525622577047059 -52.2257715728709329 10.0063182423664365 64.6897122708667212 42.6487357966239244
365.0000000000000000 0.1383670544061058 9.0000000000000000 6.0000000000000000 10.5232519616116065 -8.9808267227097360 -1.9955603422795574 -5.1118898339698164 -39.4519654637561601 18.8021669906469207 -18.6894503745691019 20.2994275761896965 32.6947179075640264 -10.0813777126288215 44.0429273181744847 -36.3091571625708767 -2.5155389821177563 0.9692524099838453 -28.9893438935233334 -16.4983379046186585 -73.5005386157333476 -7.1452428905194001 14.9016497054786576 61.3179442335586629 -35.2148107505397263 -33.3702800100211974 52.7513310763725727 28.4507685385588651 6.7319668755602784 -50.9954590861391779 6.0529684939656452 0.8154140637858458 -10.3045315236345516 -57.0193849683692520 3.8121936331033233 -24.6870090341836992 22.8306119549439224 -0.4349870097262429 -25.5897047709844294 -12.5816877505677525 -0.7773560465893284 0.1191956532655598 19.4460401527208155 23.2763271000950809 22.6167568873396974 -29.1027175000027363 -14.9134328294320397 36.7362253981790801 -14.3128930418831146 1.1078138284667656 -12.0343431383018213 -34.5016178808397171 1.7600530314111213 -1.8226792093579931 3.5708099584785864 2.6242905593116688 5.2281360013131950 16.1533791676744016 -0.7175264289460939 7.7886730364319821 -26.1943120310165298 -15.1109892599872886 -18.2278642255148924 13.0830999077294052 8.4356818152747071 27.0182004631683306 -54.2151283036586165 -48.8082981608220479 15.0891072347846862 62.6191004503498050 46.6861307462248618
366.0000000000000000 0.1385561336209760 9.0000000000000000 6.0000000000000000 9.5905638415893648 -10.1215081710446828 3.1945698673439713 -4.9215787734580934 -40.3194606128896851 20.8979846287338553 -13.7489502243743367 20.5554951419383656 30.1096078113421939 -8.0121062982243565 41.9640399262602699 -38.5009682196066194 -1.3570454248656307 1.0125466474393425 -30.7457178282998314 -14.2380215427970640 -73.9465329598450438 -10.6193516458491413 15.2580654965035940 61.5112986701916995 -42.1328662735627475 -31.0440703296494469 55.9112158268089132 29.1584054830484263 9.9387836856419280 -52.1943128752483858 4.6821844000144868 0.6010734772026995 -13.3960195591781108 -61.3810182146461543 -0.3159030266581864 -27.9226984388479735 21.5575743283206442 -3.2928857048431772 -22.1002086936008055 -6.8931626436817206 0.4672919654362546 0.7195973296366305 21.2627058010038219 19.5756847635812292 23.9979755498713843 -32.0425829210459625 -10.8001894822484346 34.2111709146992666 -9.4038551536949697 3.4907146883785911 -12.9569527900430277 -34.6955609997760632 2.3308248565331384 4.3571807416651778 2.3497099489107844 4.2937765347362467 8.5013943649502330 16.3793196561109511 5.1097603768154576 6.0683676394335304 -33.6311645171603359 -14.5301265430301925 -17.6052021591155494 6.6912929940374708 7.0301447411215525 29.6134986139963203 -57.1669126517257382 -50.7736121548182524 11.1598923905946403 63.2557652077415327 46.0085198184082103
367.0000000000000000 0.1385674419301354 9.0000000000000000 6.0000000000000000 8.8386745189002660 -10.1105211599371625 -3.0734089634572364 -5.1453969389073064 -39.4088555025890983 20.9434039746956522 -16.7424911817197710 17.6563692946821540 29.6000786652439700 -9.1084624964758376 43.3255636027646105 -37.8388155799911274 -2.0535440884634872 3.3702718319238301 -34.1612190541740404 -18.5628003082818047 -72.3434011797894527 -10.2842085221585933 14.4760144275435376 64.5032365786345707 -41.0976847929253992 -31.4535276412271436 55.5843616249925248 30.9058629796261357 10.9448696757997190 -51.7323806776924755 8.5913582656173748 0.9050101707250845 -10.6062897405563277 -59.9239623519852671 7.6984819669748408 -25.3647371955894343 21.8086087102636341 0.0474944960999792 -21.8781265456835463 -8.3242164612714191 -4.2338263433343508 4.5059368948082366 18.3824569981747246 22.7992554514531101 25.4011281486780547 -33.4225527728493930 -11.0204411245483715 33.8378539099302174 -10.0787214491115851 2.2680923398574704 -11.2989057369434516 -38.1809587034078959 8.0891195610426934 4.0719105863091318 3.1046190749074878 1.9711505327960519 6.5448044186486918 16.4212939987057815 0.6970753591909509 7.7283146550159856 -31.3301829892804911 -16.1616723984154227 -17.7810816454417058 11.7435978824450480 7.0318068515496499 31.4878726704027336 -53.3607530344590657 -51.0810981449929571 9.3381555478807989 63.0037708656200834 41.0043442432574352
368.0000000000000000 0.0753597034870324 9.0000000000000000 6.0000000000000000 8.9496394128789518 -6.4727440614698768 -2.4239669484773363 -6.9809362688675769 -40.9688217052177137 23.2030280984236477 -16.5830166372126158 20.8714126332111718 30.0489123488079457 -8.4083853746521591 41.6835349898553105 -38.6159580118899797 -1.3081754806810191 0.9268583397144459 -29.1598608547201437 -18.3652645622495960 -70.6512793681936415 -10.2219115992163800 12.8479525018477982 61.6163516840379444 -36.8833063757304132 -35.3067986285731479 49.4798744707329661 30.6102913242104684 12.2336153656410467 -52.9323348017434085 6.8012026094929610 3.2033468583041174 -14.6516509667930492 -63.2950919988765577 3.3484435646758617 -23.5421230377726829 25.3361620604230247 0.3158689476948564 -22.1515229859534060 -8.6636438063828560 2.5123454034205199 -1.7791237386104353 15.3173393126328552 18.3972483557819153 24.1676267735511843 -27.7513275227670526 -14.7856990951216432 33.2764573526727077 -9.2895472064392841 1.4898091091559744 -9.8751155910761650 -36.4888922754628382 7.4551159502858715 2.4123034962107965 2.3858484974677281 7.2283460473666494 4.4527237535212114 16.1832795296186909 3.6379858939227137 1.9180756024002594 -33.3952824588107902 -14.3193762254676056 -15.9331947892226609 9.7024460775374308 4.5144084706313610 23.7346745319231118 -52.7999088665797416 -47.6277450368673172 15.6108146548696336 63.8788829604519606 42.4402492103170843
369.0000000000000000 0.0679111062341142 9.0000000000000000 6.0000000000000000 12.3250795722470468 -10.4367279862584255 -1.8304870496672541 -6.7644664636247533 -41.3192478215018255 22.3072701420003554 -16.4179408515090159 21.5192449120223870 30.0194501449841873 -11.0530660289255920 38.4287177613112050 -40.4696838913317407 -6.5460116427400870 1.2940929208153844 -30.9579524736305203 -18.3902357317461274 -69.1995350753158363 -9.6424109497581938 14.9448847632187150 59.2893367457742997 -42.1236118870335758 -29.8446806668379239 58.4149847095679320 28.6878751881893201 13.9430456984562117 -52.2215267496332345 3.8553529194776628 3.0084860640821680 -14.6338983746453621 -58.9482560624580998 1.4138612212188795 -28.7317905420475661 23.8736240365863601 -2.9539692444838925 -18.5905843334385636 -11.1971544468902522 -0.1441943401987656 -1.5328627925656959 20.7243386217684247 19.9007798200129677 23.1419041002306969 -30.5934664124618791 -13.7189688835737762 34.5794009117484649 -7.5654995622888350 5.1143603677601419 -12.2940950453200042 -34.7952099754347444 7.0856231017206097 9.7892218464589824 2.1588004916858519 3.3431776960219928 3.6622125339573657 16.5031415492378883 0.5895208789447001 6.0409612556703447 -30.9856177748173423 -16.4811602772880939 -15.8882029664866167 10.6594755943490469 3.9107198680638633 29.4639972523693601 -52.0746350984845492 -49.5535937427109801 12.0752294380270939 60.4755958705178429 42.3125691337575631
370.0000000000000000 0.1382754271852931 9.0000000000000000 6.0000000000000000 12.7916262966767196 -10.7720453241924314 -1.5381755283176868 -5.8276899488235587 -36.7042054724321076 19.7814927559399116 -21.5329118134086563 21.2574630408948124 28.0662150199746492 -5.6491962650037824 40.9538941335152273 -39.6278080106825854 -0.0275165282380621 3.1342286457718753 -32.9393044177051237 -19.5482821426212183 -71.9081931465467221 -11.6937021748239367 19.1283642244857681 61.3229755598884694 -38.9731206786148903 -28.4839799807122169 51.6500533078605173 27.9232406022555359 4.2380388802717759 -47.7448325644850726 10.2024393043921755 -1.9326713453487927 -12.6311269199710932 -63.8303273809867733 6.2790652572570611 -28.4889272957149622 21.3813689061632211 -1.1727150379507458 -22.6970720175388685 -9.0522797574406013 -1.6753920108373548 3.9976193290631490 16.2973963408527780 17.5483545909234380 20.6895521535405393 -34.9169754526307017 -11.9861726156056125 32.0767479914675349 -9.0350732575166202 2.5719211215763096 -10.2527313712872914 -33.0442641162013402 3.6851106294967457 1.2442513172126679 1.3650002634122438 6.1067759445769862 5.9789158070493658 16.1991441760992139 0.7787089702432687 6.2900792691279186 -30.7098484830456364 -16.8536771589662209 -16.0203841861865790 10.1520925082116982 8.5995953982043076 28.0897430695521493 -51.2769701063648995 -50.4606300455587800 14.3382449672316650 59.1582669390025799 42.0542867598324577
371.0000000000000000 0.1637966905913184 9.0000000000000000 6.0000000000000000 7.7283798938375083 -9.8649905272029486 0.7705378647857970 -3.4430387347655689 -36.8986790899911838 20.6592005811626009 -21.0940514911062920 21.3702732391288279 28.3414679549671185 -13.6794038042303825 41.6611558353454470 -41.4040137045382153 0.7581534761719757 -0.0867683075036596 -28.9036078961437894 -17.8224102595892617 -71.8677996550467242 -11.4560162086104551 17.7681769945733201 60.4479497246369490 -38.6870736620756972 -33.1644509367409199 54.3978497037494080 20.9167900535295246 10.7763487598731960 -50.5500036144619571 6.9903735629681849 1.4421366050279258 -17.0013382131337707 -60.5262988149980430 4.5873706072724705 -25.3183447472606353 23.7332735839088151 -0.5967543464597083 -20.5253130640022157 -7.3937104845202466 -2.1120677809873243 -2.9269930116949041 16.1640080681308334 17.8742601866081294 18.4726371975343220 -31.3176361229945783 -13.5676386270751745 31.0674706039255071 -9.8957352536340828 -0.9219251103503282 -4.2501573675670947 -34.8510616515675551 6.8765992704803836 5.1284569693390401 4.1806108682239804 1.8469001243952974 6.6948855254485231 11.5286249782015453 2.5039730929343511 5.2000382929754627 -31.4524570818808016 -12.5472859222064130 -19.4902348297742556 10.2051500022203037 9.0022701938843923 28.8363469147933849 -49.2724905276972009 -50.8527279146289857 19.4741801651663167 62.1585706542126673 46.1023318702731615
372.0000000000000000 0.1639216315473416 9.0000000000000000 6.0000000000000000 8.8867752454330731 -5.9756988235045965 3.4367715696978709 -9.9711067209947348 -39.4453296998785703 19.4990170624294059 -15.7661282875602335 23.0663842996431647 31.6821664276839954 -14.4391440473940982 39.6115910511625344 -40.7287127078939264 -2.9118998792540967 -0.5061342829182409 -27.0279147473067418 -17.5423393398387226 -66.4173846527905596 -9.0725073899718058 12.2609193295577867 60.2408986081487754 -37.3386847673363604 -31.0067939831144415 56.7842194359380770 28.2942749392486590 10.4680910020881388 -47.1167306488540731 11.0218289878572335 -0.4294592453479077 -14.1891774057246849 -58.1206954547105568 5.3113007985797873 -25.9829975717955932 23.4769942048030913 -6.5817921592774651 -18.5981514131975167 -5.2680025547780698 -2.3972488364988096 -5.7441128708775775 21.0853074693875584 17.5603366461309243 22.7930502232528163 -31.4111287638390273 -12.7294604877015018 31.1496655243989267 -8.9503904333967235 2.2940617085002044 -7.8754869134920220 -37.5882758837902742 9.5449626825857852 5.5960511524018175 5.5931641847744915 0.7944075685975061 3.6942402305860109 12.3539510718950165 0.7739088645183364 2.5746380264605233 -28.8369916555739678 -8.9787920611551613 -16.5700350728606871 14.5653542912048177 6.7782725447900027 25.2010103605670537 -51.4615109172745022 -45.5980490533415761 15.5825554604728893 60.4697568861067865 41.0808410474812291
373.0000000000000000 0.1383655073281372 9.0000000000000000 6.0000000000000000 10.6274773603595012 -9.6217302504896587 4.0888896505723968 -7.9048649758285112 -36.1688675398841255 16.0895141906041630 -16.4730338105210237 24.3193927297981958 30.7671999791481241 -11.7696357274803081 40.5304427076903622 -39.0577537187206971 -4.3275934040513926 2.2938660285103563 -29.8784403210746667 -16.7791823882575315 -69.2228276855221338 -8.7829875170212368 16.2763002921614230 61.5197190956941071 -39.4343446100756339 -31.3906213377086125 61.1251691663219106 26.2584363529644591 11.4090441546140902 -47.6202175167990021 3.0725754266166367 1.3386122022486096 -14.1792181998570186 -62.3156415331424398 1.1250310822163492 -27.3672386367920595 23.3293127902492863 -3.2462475724134947 -20.8354592861383807 -10.6018423156330126 -3.5128782997208887 3.1842499291944826 16.5511188210069768 20.3613671279241473 17.3327005755550871 -28.7624765294766966 -15.4735480109433166 31.3321345164953371 -13.0324313965184668 -0.4453059831725201 -8.4833739295676924 -40.2047901199313102 6.8177537426267456 1.6902196050162814 3.3896706177294096 6.5252844946367894 5.0463982826347440 13.3649355062890756 1.5769045465027793 5.4414589707804666 -30.5996253610620883 -16.0394326166125936 -16.3986005176288892 14.4400298358797219 7.7165523657760300 29.1998052739010525 -53.9009094248345306 -50.0247022741651222 14.6955261672991888 60.6592669742069148 41.0765650345523241
374.0000000000000000 0.1625467903883671 9.0000000000000000 6.0000000000000000 8.6934934282032792 -7.0380930128968933 1.6113292746533432 -2.4635966454115148 -37.8307533398201770 19.6073376620004609 -15.5547592001642947 24.4049966686781978 32.5917313057808826 -15.0133074511895810 45.3424726860211109 -43.1014178269121899 -1.8146297680102061 0.3099287859601187 -29.2276539136426550 -15.1510534670805779 -68.4969199506951867 -13.1489644164760549 16.3645140063049688 58.9963028329855632 -40.3073469682172529 -34.8574758292350566 56.8847592810732294 28.9776280434180507 12.5947532862972018 -49.1370012481795584 8.1880615846649789 1.2257005528933960 -10.7682352177128458 -59.5893781338549360 1.6569396785968995 -29.3410259182075741 23.5829122352493634 -8.3550207186249619 -25.1887076060846233 -11.9007991883761797 -2.2363896863763300 3.9282116345899976 17.7387824671472316 20.4680411227108507 18.6279527557560343 -29.1774652684494029 -11.7096192199131170 32.0340295538329372 -6.9380117142149418 -1.0687247622000162 -16.0889569792484011 -34.7845336570736876 4.4695492801448422 2.5865966741493920 5.3476093355088574 4.1172636268956007 3.2860717300387421 17.8291712450950435 2.5619943997002093 5.8570479585366169 -32.9794812071734427 -14.7801961525464982 -17.3924405270635418 11.1732092664919307 6.6313479687584458 24.6324750637129171 -50.8638919576807353 -50.3740394459535779 17.0124876433957901 62.6818619133300814 40.7392646809109706
375.0000000000000000 0.0764030618867014 9.0000000000000000 6.0000000000000000 10.6702678827631345 -6.2894564472079715 0.8120982284221658 -4.7097200540128394 -37.0142808402481052 15.7277136367878718 -13.6273794362920277 23.3231173036945307 29.0120153494091113 -11.6561522167189100 43.7038072561848665 -42.9599981789486378 -2.9127338251302977 0.2245437637150025 -29.9168141788441240 -17.0103935911738233 -67.9004575709107172 -9.7671917494113725 15.1100636568498423 58.6836938481096198 -38.2102613482547895 -36.3226420773402481 53.2069820113157093 28.9567601161067465 9.4465934410850814 -51.8753841780105560 11.6044490750517610 -0.8986462919182274 -11.3520713375773941 -62.2943263370250122 6.0981185884426008 -27.1671061280806683 21.2390604056492336 -4.5064565223690138 -22.7964557483242238 -8.8155475314547296 -5.4690681081113066 0.0544915823628681 17.8280582491091693 19.1488565644340873 25.1436613759621004 -31.8845165418536993 -16.6797177628223920 28.0652579365042847 -5.4621086741803708 -0.5871419858732809 -14.0454493642973794 -35.6583694723940141 7.2520260565461294 4.0397501310780610 2.1325911007517457 2.5095711595702754 1.1464397464008913 18.2287138590610098 -2.0588853693640723 1.8893485893277169 -29.9916742709891189 -14.6681813487525528 -16.0089499977100083 11.3613867236689821 7.7700740146054086 29.0326405112534616 -53.4921373824768693 -46.1749928132285135 16.3029939098554841 60.6238209380909296 41.4099620161835489
376.0000000000000000 0.0746272194518398 9.0000000000000000 6.0000000000000000 10.7849891946345462 -5.4940963888400765 8.4175358200033870 -1.7740452842812635 -40.1461905594672501 16.5936486495657505 -8.5403670347200205 20.9990732307911010 31.7930702123530651 -11.8022727155628662 39.4919950996313034 -40.4029564766487681 -0.7413841789578610 1.6786794861669387 -32.6266861490727393 -15.0182451647078850 -66.7204740080589431 -13.3790783486319906 15.2710740324764700 58.6971271562752079 -37.4321015451745538 -31.4224992813402899 54.3082034547839854 30.6377633926160087 11.0302267208277343 -44.4755425177557413 11.6157823793710318 -2.5189039226233971 -11.9014551350047419 -66.7390480677511562 4.0284839323789869 -27.6350092191696035 23.7927414979883025 -2.2746912186559776 -19.6811768078750902 -10.2624484433928806 -0.3421213682773510 0.3536777943529654 21.0316617185335879 20.2576581395595312 25.7932712472126937 -33.1148927707046781 -10.3987983492502387 31.5110412883428843 -4.3989355330916915 -3.1761170001975536 -9.5053620604257567 -38.4245159083931966 9.5815860336802672 3.0823892382709168 0.8352793694702969 -0.4850630760320973 3.5765518666835137 14.2133019877853872 -0.5199013658397404 7.7415201466076260 -30.7620752817465259 -12.6486457673763777 -15.3950830836857797 12.3553417561075047 5.7398151545273235 28.7274396195494433 -56.6314083921883409 -46.6556389767763662 13.1391381992214864 64.3327509763821013 42.5220839178540757
377.0000000000000000 0.0666856600312706 9.0000000000000000 6.0000000000000000 9.4407063221172649 -4.5180472753818339 1.4313546688214287 -4.2124749163248234 -40.7499408639432872 15.5837033617891354 -12.7419514288738558 23.6912167271402865 31.6931973025041316 -9.4644643647542335 42.7361952574228781 -40.0043894077032363 1.1434672689284597 2.1891095394652371 -30.8801600046831872 -17.0366777461825336 -70.4358197259712568 -11.4819598156170315 16.1290929731389241 58.8044501370624175 -34.2910978330958045 -30.4377812097675999 58.8431103643147537 29.6148188701257880 9.7778045082812763 -50.7029650976254018 8.2969012820226187 -0.0889555800071221 -14.8495801350145182 -64.7747696840061167 6.3805619622161780 -27.6148019467354864 26.6803946015824565 -3.6991923669254385 -20.7453425245277643 -9.3286250351007460 -5.0581997924884057 -1.9332739559529344 16.4844134398445341 18.5238542701693234 23.4217534132086449 -28.2523222091188764 -13.9846520236426173 29.7471953336524386 -7.4979858155603827 1.7853928371226035 -13.0242146026224610 -36.7044178072453278 4.4626068019257703 1.4568971030203386 3.3297216208351288 3.0852852245081812 4.2148935292300518 18.2717162412556213 -2.0137880994983748 3.2246606138854244 -29.2394485547895648 -13.9176779547577958 -18.3486542270682484 13.5281100236350085 5.6603679074284816 27.7356397997684283 -57.4396714598186335 -48.3414520181898268 15.7523987301167168 62.9773515629415428 42.5876383702952808
378.0000000000000000 0.1638720765917797 9.0000000000000000 6.0000000000000000 9.4271651420022131 -2.7824167449759791 3.3557693492891683 -4.9911726645980883 -39.3881893081885224 16.3763254722614455 -10.8849848720698965 22.8509308891367375 33.1572504364591296 -11.7062628236544874 36.4417763558210481 -38.1330468705867887 -1.4055720282041508 3.1620515407463063 -30.2691054579527723 -14.7007307563884826 -72.7238180288339180 -10.4030789380024995 17.0142525392698083 55.8000705632039242 -36.4729150750553259 -32.8282024568630959 55.9833513068162318 27.0462858302551084 5.5682741658856036 -48.7370315570636237 11.1243533624772653 -4.1973482621954270 -12.5230039958358450 -60.2291106907242479 2.2765251640167654 -27.8755006439475181 19.9707318238569087 -4.1167352894966474 -17.3476280034042425 -10.1120455011868273 -0.7665508144796092 -1.4755790926601442 19.6006698361875387 17.0480894731822374 19.5513438173910927 -32.0811783067635901 -14.7024677434062507 30.6597702142251087 -7.2783306278160644 3.8994659050864908 -10.8902691186903997 -35.3635272553770790 3.0719965557718156 3.3893763584639096 -0.3215942406040986 4.1012156137994866 3.8271028198584638 16.3405763567115905 -0.6266976169184164 6.8206840256798866 -30.0110856467846254 -13.6754095776724771 -15.8273608129090437 12.5796440684188990 5.4438338382380902 30.6523915452405404 -54.0311296268815369 -50.3965017400961344 12.7126959515642639 60.1865155284436000 39.9273128377001782
379.0000000000000000 0.1811509673150067 9.0000000000000000 6.0000000000000000 9.8972919216534070 -6.3677898734660578 -2.2742744170310658 -7.0809950319507369 -42.4640712150620061 13.8364437839946408 -9.4509198306437909 22.3023200583381609 34.1456316913544953 -11.8751808385662958 39.7189066703295808 -37.5554425348490355 -2.1989515046237398 -0.5270767236511689 -30.7578098277048859 -13.7180035175619590 -69.4521198661527563 -11.2783985447260378 14.1007945131597552 59.0845574344604927 -36.8766243532491345 -30.2830467062207553 57.4784559083706696 31.7269767201931714 8.1580953347537690 -49.2155432168932307 13.6952584921066052 -2.9541144671924497 -12.6023138977558862 -62.7652201406968118 0.9006246985612003 -26.8001131159670365 23.6900845194530696 -5.7522808870710778 -21.0764803088559951 -9.3970452696474513 -5.2939806892555996 -0.9683947447558183 15.5644806687921111 16.4241376263319268 26.1226798494236903 -29.4029965574448973 -10.4483781614265361 31.3762582610363445 -8.4938722259985635 1.7069109893718404 -10.2812428399947287 -37.5774283453196176 9.7402460151069636 1.4553639204692770 -2.4045860667626573 1.4485100269549771 1.1676737551571230 18.3368004161227738 2.7246241577847226 6.1671383142216030 -29.0813554860121357 -11.7123209707527689 -14.3126564491933408 12.2419281537275637 8.6473960493497426 29.3020057749851084 -57.4283776772066403 -53.2033449302024408 16.0430173583715927 59.8583012629041207 38.7634604448676470
380.0000000000000000 0.1639193632115512 9.0000000000000000 6.0000000000000000 12.0577696639615599 -6.0127169074974107 1.0866248495520128 -4.8500336763289313 -40.0517278029215049 13.6465683731808305 -14.0258302979476213 21.4522633543559138 28.2953527312753756 -6.2750467476479415 39.0627702912137167 -39.0128941605828317 -1.6119716920750031 5.2028599945729557 -29.2162766281058452 -15.1128439762689659 -67.5403763235550514 -13.8309258786550391 16.1735429344006398 55.5469827723653964 -35.1156733375125683 -26.9272905604077835 59.9845334591108283 29.8893730811775384 12.0777995458721890 -51.5929543940077266 9.4262485533746965 -2.5984596504520541 -16.4922513581926466 -57.5629954158779498 4.7523837652961163 -29.4614055957704544 24.0249879145632335 -5.7944965164021403 -18.7212322655636996 -8.3403562054447722 -0.3028698460113319 1.1454170939856358 16.7825378112057351 15.7346829849520375 23.5399936774929408 -32.4140052012836506 -12.4241639777867974 27.0378534637294408 -6.7425436942966961 -0.1836720349507019 -11.3352623895960924 -40.0638915956976547 5.8547812887191046 7.8328704773087754 1.4629172007492226 4.7556170571278882 4.2020246220969346 20.6205921151061737 -0.3265576976438985 7.6659718378440580 -31.1757910343813798 -11.1827816510842855 -16.0749103964023767 11.9723957740188141 8.3722095833970105 30.0132700270366968 -56.1151068259634442 -48.9769628693580117 14.3306478581325685 61.8646989214053349 37.3648151936004211
381.0000000000000000 0.0946709987154070 9.0000000000000000 6.0000000000000000 10.0748317279698902 -8.4777687528487711 2.1855404771445728 -4.3090601701285642 -42.5780615562317806 17.7338093728195432 -9.1392353158668680 27.3193663831621691 32.0750719687223977 -8.5375172961342614 43.3202690546847649 -40.5637894689936545 1.9863199420192590 2.1392808759279771 -30.0579378083659030 -17.5919834862692817 -72.1264086342866477 -17.5525164145717198 14.1176234294727365 60.7831500813000076 -35.7877635482218963 -28.2268335583924532 58.2078964592005264 28.7855766250651115 10.8122791337485520 -47.4510032138563602 9.7305567215423512 -2.2669144650511734 -17.1384286302246132 -64.6440462786280108 3.9336558867908269 -25.3456337010890991 24.4648661170149708 -3.7590678876491115 -21.5169045606638747 -7.3233462162099565 -8.8181098228173020 -0.2599458085077200 22.1516540280713699 17.1689209368460567 26.5738014221122185 -21.7286342120432536 -15.4534595513434425 31.8054050497115739 -9.2427117704731980 3.6333908709229696 -10.6676417993722659 -42.3793272647274364 0.4599010953246010 2.4555247765114663 2.8592017546930246 4.0445307538764883 0.8240504395242394 18.2995750766242615 -1.9479097265998688 0.1868267854736803 -32.8166298085141150 -12.2583999763373779 -21.5016622342981236 13.4696017508305843 6.6759824508330237 27.2752101349011618 -61.6348307031641340 -46.5681304507698570 13.6958442592556420 63.6558856742657682 45.7795580635303523
382.0000000000000000 0.2625057604811240 9.0000000000000000 6.0000000000000000 11.9261376585176464 -6.7147701629713517 2.0190738023379726 -7.2657724768264593 -41.0922298094240830 18.1934615077799862 -14.1996386830242844 26.4004004270387398 32.7022639845170744 -13.8907419515052108 41.4015243451638781 -41.6169502415718000 4.0826595511980788 3.7697017075653987 -29.5636416268783577 -18.5754670727188049 -69.5075235192985872 -14.9576283752523391 16.3996472491146186 60.9385500562302980 -30.9323005915225302 -31.2591814019296486 61.3140226612707409 31.4498981263214326 9.4189818192459160 -50.5602901890459862 9.3594677033901110 -1.0711897715768766 -13.8075225040633551 -66.7126506787834330 7.0350869145600079 -30.1178747948638517 22.6583863929148777 -2.2961711170387691 -19.4852978506167105 -8.4295833125786874 -8.5263052592384962 -0.5685912751798170 16.2165884060053536 14.9155976681179894 26.0848786422931553 -25.0553286363653847 -15.2264094203080909 29.1846955521116733 -6.6960853331101227 5.3164140781448745 -9.3319743496006744 -34.7844838495454880 3.8385436314307833 3.0721509835536898 4.8215258244386927 5.2508779467659590 -0.1191212558387846 17.9655358868738233 -2.0517199711268543 1.1999598108246270 -28.5688301428178022 -11.2012320401468113 -16.3993078804456047 10.3054688422061318 7.9855032423208492 27.6539155471805884 -58.4235498486527263 -49.5350329215327676 15.8976733061129369 64.0082029184024464 43.6820768790688518
383.0000000000000000 0.2704933977653717 9.0000000000000000 6.0000000000000000 9.6731981405938985 -6.3698472449386809 3.1310553014637543 -7.3098145308065323 -42.5549003616353403 15.1769013118445280 -9.5908740750745860 25.0853812080094265 33.1197140645889192 -9.4038135615839202 44.1284554710613719 -40.2924285768215000 -1.8507428048550756 -0.7883201746654314 -27.0601549588939463 -17.7049555038217612 -69.0907177410554993 -15.4860425400473289 18.8636135605993971 60.3534024525761978 -33.7375790946474936 -30.0338430373648251 60.5474296233855043 25.8107922059102890 14.1864407926194627 -51.9770897708214576 8.7208275042752117 -2.1723681740174863 -14.8212152190766595 -63.0345039991705534 6.8193071309948552 -25.3021023502567601 21.8450450771752394 -0.9661467652953548 -21.2482112625044159 -9.5711067535757746 -5.1708762357170484 -5.0125832703952131 21.3281592365932831 19.7257262551833037 22.5170022586377243 -29.3263569890321634 -13.0939377966525559 24.6817604446619718 -10.6923979826171358 1.2085813869377169 -13.7129475160643075 -39.8654932723109710 2.1921543893450570 -2.9169249295555169 4.9704179991569246 7.6625188167039973 0.7116404951785298 17.4259396299502427 -2.3368991375109371 0.3827899129163947 -26.6326809746883377 -13.7936462413627918 -22.0256894692271317 9.1332439670801424 5.7319774210431405 29.8412543818892431 -60.4322481685890835 -45.8745986948436197 15.7404371607789226 63.3908307845669441 41.7057216008197216
384.0000000000000000 0.2238388479426612 9.0000000000000000 6.0000000000000000 7.5384353570946363 -8.0843074507548280 1.3820213893490032 -7.3184670205942455 -39.8914248638308493 19.8120739389915528 -11.3160194651021602 27.4982209462565699 33.4112296413372007 -13.4928272889202461 43.6227276936863149 -37.5049556745865473 1.1274694011315485 -0.2460686232352685 -29.7844930446112564 -14.0728768073234782 -67.3175645506463098 -12.8540158156255941 19.2786839121130953 62.4453152215087499 -37.4720555587930164 -28.7878974059260457 56.1609904399254347 31.3606839458087876 10.2609026881668726 -53.0957747134870317 4.6874015706869256 1.4997350088776087 -11.7858794585858018 -67.3537452300026445 1.7241901898994474 -27.0881421060058329 25.1185828347767561 -3.8810577862450124 -17.3928723995404404 -9.3715985232865577 -4.4115361344230584 -4.2881552430193262 19.2866366265758913 19.4870170988421414 22.1203301187318182 -25.2391784419273826 -11.7027726372867722 30.3575242460469035 -9.9165268444270680 4.5983583421025260 -11.3225719993730038 -38.2198815017110860 2.8118738292545578 0.1273891024677345 4.2937305524723950 3.3660219727703646 3.8003955585256479 18.3187063513985855 0.1915073880135598 0.8202466053248589 -27.4404592770901985 -11.6116418161637203 -17.4408156303509685 15.1382751088126160 8.9202182542418385 27.7604117431743944 -62.3533404328447602 -44.4674856578103999 15.8596702699687437 63.9183912059734354 43.7203632449448776
385.0000000000000000 0.1993677743237797 9.0000000000000000 6.0000000000000000 12.7872798916919361 -9.7766372378092292 3.1707291815969789 -3.6996575303546471 -41.2227264362544119 16.0694852699484443 -10.5618173927563905 26.1417952508704232 32.6781946851061207 -8.3171676615981767 44.3658902717819146 -40.5520096440515516 5.3032993190505735 2.5977577069703512 -32.5200609429608534 -16.6689934682187868 -70.6364745396540741 -12.2034141959082874 11.5808770222718156 59.2037441311188743 -34.0298014960708173 -24.5589085364139414 62.9717203014053268 27.9560141488856999 11.3337611601400230 -53.0174553254351224 6.2635468562433045 2.6089515632700877 -12.9877917329966017 -63.0374209519124591 8.7138416813738555 -29.4760837017345096 24.8260050296571677 -0.9662217630974512 -19.6371244120264699 -6.0377840800196303 -5.6228182501832649 -5.3198285997467432 20.5823956832835506 21.6720856457521016 18.1699441622308910 -26.1490675377256139 -13.3353896832005265 26.7802853390722255 -7.0079421898812440 1.5360861102520094 -12.6292943838436340 -34.9689578753256143 1.1836354712921502 0.1053879943858361 0.7015307561141482 7.3739346649448425 3.8443343351911174 16.4146363588483304 -2.2199782741573206 4.2915032459897517 -28.9377694097311782 -12.6231986102032518 -17.3920410668602408 8.7272179523566855 7.9504823088207202 28.8264140057999327 -63.9273199904748566 -49.4324835241743656 15.3115973740867002 65.0723409858105555 45.5556482399655494
386.0000000000000000 0.2667841196560936 9.0000000000000000 6.0000000000000000 14.4121004772593153 -6.2866342957452872 3.1079639256890532 -6.9327978242711845 -41.3322747124911771 16.1232279039945965 -8.7889058262343198 29.4335874426518025 28.1905597099938561 -9.7527837022213379 42.3358671018188772 -39.8777399016732659 -0.6712671686483003 3.4140060244902695 -25.8708256851534628 -20.4126483566036470 -68.9721988170997236 -12.4838867202867370 16.6880474332713256 61.2306553642101861 -34.6528585037117836 -31.5535972074408306 59.7582626857033006 32.3071483817826177 12.7117447835568864 -48.6181337781193506 6.1487622186711199 0.1252266935124113 -13.3686885312881483 -63.1219454403702471 3.3159808692320505 -32.9632571490710831 22.2779849733240276 -9.7590466746099338 -17.6097674224911067 -8.9708701081190583 -3.4590414714188462 -4.0507321907130311 20.7184891097796573 20.0981511913388786 23.1154174835463309 -26.9259216859981230 -13.5905192700714110 27.1290236749588303 -9.0557206854769969 5.9523283348224592 -12.2762903750690473 -34.7710673640588581 3.9187059963546522 0.3944610545174989 5.1765651984863821 7.7587143020667781 4.6175173259336173 18.9484152441595519 1.1002385817367855 2.9678147578852485 -31.6284940456488428 -14.0107874050424943 -18.6782440230908939 10.2009617131470662 6.3626361914249783 33.2832699640178333 -59.4508502096675002 -48.2665929986741489 16.2107377034032929 64.8165555510744156 42.4453931801977831
387.0000000000000000 0.1281102197390247 9.0000000000000000 6.0000000000000000 12.9532835993743447 -7.3676481706458459 1.9862338965106596 -4.6692144355219050 -40.5042536660094399 17.1300064119774973 -11.6670069071310820 26.0893568436753860 27.4737415916721233 -10.0247324939711788 41.6905019592628037 -42.1175580141377992 -1.4672303249670415 3.7063594422235098 -32.5823283846949323 -17.4676809610263675 -66.9560944008851919 -10.3362134349112367 10.1760129858230659 62.1415757995345501 -35.2935711722114078 -25.4175105778070183 59.0779279655918472 28.0778984810538574 12.6723940238711510 -50.1636799851655155 12.6550672407213760 1.1955861724990646 -10.8248804582436815 -66.2330056772001399 2.6344429078290026 -30.6727335936038799 22.1348511917344624 -2.2473789831253921 -16.0780455787708263 -9.4722141016524102 -3.5059266227409682 -2.7107968119905079 21.1020503843053113 18.5057465766199911 21.9550800942748516 -26.0631524744439815 -10.7160254149730356 31.0086580150360867 -11.6023612359456596 7.7759714788066425 -11.0592775274737303 -39.9298070942856214 1.1481272780255471 0.5972461986128947 4.0405162904357228 7.8199837060520627 1.8035266123868725 16.1246794902196200 1.8804765930897720 5.0767411747512607 -26.9917927669446946 -14.2742431394646854 -14.7176844634005022 9.0108289702305306 6.8575851047277645 30.4268903331155158 -63.2001258288451950 -48.4605156862989119 14.2051650381896817 67.0279973117476118 44.8714763847408236
388.0000000000000000 0.2277950895299748 9.0000000000000000 6.0000000000000000 13.0640997573098403 -5.4046503885398964 4.2315284093948318 -7.5069829964753705 -41.9684890558562174 16.3510986830080149 -7.5760183105058108 26.9126689280650666 33.0628156856840505 -13.3690338931514674 42.4453431279756401 -42.3872325521069868 -1.7165554230818683 4.4738742345885747 -28.5120691842969016 -15.6436130245702980 -70.9756245598995434 -15.6314744760958035 16.3096313796753662 61.2173099631929105 -37.2497850952271392 -26.7838381233286427 60.5167994022132518 26.7987936273906797 11.4607808187538325 -52.2957450765026621 11.3518420165327569 1.7247845936526434 -11.1873483308864934 -65.7103763477349219 5.4582077205634700 -27.9658009107590964 22.8390207546194652 -2.4580145072256210 -20.5353041366598461 -6.6678673397553183 -2.6707387398852824 -5.0364948812684336 20.8481151725667715 20.8950651999086929 21.4782428019806453 -23.2753883210575658 -14.0448862299850443 28.5766565338690626 -7.1447545092998972 6.8969133737397641 -13.5502145293237497 -37.1338137851088703 -0.5932229958476762 -3.4314836680459790 0.8818999114684813 8.7252375430681859 3.0917627557823701 17.4097966839744345 1.0081763523759655 1.6993965745330097 -28.4490218827104471 -13.7624038275874252 -18.4308798805172209 10.6217660926112281 10.1358510226857632 31.1795783010487000 -61.8905940890773323 -50.4638692138765208 18.5546675766746674 63.1632917895399260 45.0506553313176354
389.0000000000000000 0.0989932613885913 9.0000000000000000 6.0000000000000000 16.1496229395446456 -6.1897514533645701 8.4048949620225137 -8.9424413691544835 -44.0359542796494878 17.3881095939109684 -10.4984569101062100 26.6341683083167844 27.7789226039356514 -10.1165788437496733 41.1990385452716836 -42.9542628918829266 0.2914375428568369 2.7311779641853873 -27.5763019864944461 -19.1061587187921660 -67.8064041809673199 -10.4616980103719239 12.9806142937737885 62.6350316217040159 -36.8364165998315727 -25.9626835522064354 58.6274494609863908 27.8714887364978559 13.4912908634814759 -52.1398159523922615 10.4192296805730837 4.5090617348466688 -10.4234442862016401 -68.2652968037412791 1.5210031216958146 -28.1635731721393441 22.1027495393005680 -1.0054284878890238 -21.3792963484958172 -8.3126079160992354 -8.0616333289019302 -2.4752180483150750 20.6201033741019231 18.3534955242135283 20.4187449096620242 -23.7818073774515462 -14.1058811743358934 27.8264201602012946 -11.2688773974460936 5.1697314686403297 -14.3506519529569747 -38.8445429065512045 -0.6330163239742641 -1.1338868495745280 5.1004935359371428 4.7375115919017521 4.5832992693976138 17.5105473485140770 2.3916480560327442 2.4080489301101458 -27.6680988737076703 -16.9292727479726253 -19.5029886923439513 11.2339881052083630 9.6081303494151040 26.0462762990531473 -60.6438597316970416 -50.1603590161449233 18.2991514982139627 63.4141292123001818 43.9415514915886902
390.0000000000000000 0.1706901646997729 9.0000000000000000 6.0000000000000000 15.1705590785910225 -7.8801605549586249 6.4428771926637189 -7.5593156305725540 -41.9457469764432886 15.8735538722630860 -8.2214348059124234 27.5959403622394248 29.7548258833687136 -11.2056894261844260 41.9766384302978395 -39.9566848068345806 -0.6196647248405071 2.9134273815071077 -26.2794966461239170 -14.9999180562016434 -69.2479503193817720 -8.7014821613542264 15.6056101821744058 64.8232252776764568 -37.7051748509423774 -27.2646265654478128 60.4060728519274832 28.9031626318416137 9.2728139331846844 -52.1008204391236163 9.5421366875657991 2.4906849486476279 -11.5743907811122781 -66.8564283884796282 2.2810499802538753 -29.9821306983944105 23.2650681513310147 -4.0561117219920764 -18.6271910697302481 -8.1747155192831453 -6.7961088547051585 -2.3928487229990454 22.2234631359103361 22.4790176321759105 18.4770832120428388 -23.0654989683119602 -14.5941911266787709 26.8852527056872503 -11.1795208168473579 4.6312274339652761 -12.3742961226333854 -36.7684181943745472 3.3910172341545182 0.6126356449900071 4.1679093056540957 5.1971020151599880 1.7886263369917490 20.2703955832711529 -1.2446624762629523 2.9345992664225973 -29.4783781945155070 -13.5625893432226619 -19.2717782529308437 11.9145176956500123 8.7560821408126941 23.1970963598450695 -58.6765281801207976 -51.5721548836952621 12.3130089771462217 63.6532401038726121 41.7813462381689149
391.0000000000000000 0.2362527282309225 9.0000000000000000 6.0000000000000000 17.2261382577496818 -8.5198749707531665 5.1163968805746975 -5.5589368480263577 -40.0976110916760931 16.1148740770000742 -11.1920873968065973 26.2224115571648646 30.9137528620720303 -11.6455302406513042 44.6113017910893745 -40.4102850064392740 2.3650883757733516 6.0131744006538854 -28.2055844945216023 -18.2102448178362692 -66.1006304985698563 -12.8524606045571428 16.1271719026811802 63.3557291844059023 -35.7030261898282930 -26.4869876635433741 55.4827850865443750 25.6073860683017216 11.0640660133271513 -50.8482962880142253 7.0387592737520883 -0.6481049751382497 -12.1605617829075996 -68.5963339274619130 2.5788367630142188 -27.4699703045905750 19.2629067301272556 -3.3537557600128940 -19.0899990905226886 -8.1733788797094444 -4.2380166297591746 -0.9966134951494898 22.3493746359964867 19.2811513542682604 19.5937827921182297 -24.3310270962394810 -19.1972408115748152 28.8913255759538927 -7.7910293330330873 5.7363063435404715 -13.5606675053729635 -41.9797084653670964 -1.0490173782502139 1.4570718528644528 7.3730264451062988 5.2564530571931698 7.2246826190399549 19.5487999280807294 -0.1491278108428273 0.5291140432012138 -27.5590007523746472 -14.9277739218775061 -20.0792592537652013 8.5665163717018160 8.4018698779726648 28.5161915586659340 -58.2930111649093519 -51.2144344031967904 16.8692523864972443 62.4092111648388794 42.8629330437333067
392.0000000000000000 0.2412788203897114 9.0000000000000000 6.0000000000000000 15.8325202619823475 -5.2279622289420740 3.6291188845014171 -5.9691985571062220 -43.3214303339671218 16.9147079331898027 -13.4116466282569959 25.3117923011752310 28.6462858048039770 -10.9115965404977029 45.6231748080407300 -37.9229455336009664 2.4147675820456502 3.3431484584683053 -25.5106553660239399 -19.4500634181489005 -69.6545361433741022 -12.8990753226567918 18.6956973860118758 62.6357137771918460 -38.0514890884467221 -24.0139399355100913 56.1518900606027387 29.0670484515014209 13.1219823399165723 -49.3923146939879913 6.5797754592851918 0.0139767537889761 -12.3736813462931252 -68.8968547750699969 1.2013307010770404 -29.8260484971446012 21.7175277154383899 -6.3471207229100699 -19.7938904609609629 -9.7226942722017995 -6.6033671255617943 -4.7982405959161003 21.7202399333055460 21.5577446076451906 22.8777135817800570 -25.4455085554639382 -18.5032965961979592 28.4693079775876612 -10.0727576750086882 8.1362074065371850 -13.2701025572491389 -35.6013491977263357 2.2995202979048850 -2.9385138944101157 5.1989607888909575 9.7855756678313526 7.7155783226739150 17.7533079620063035 -3.9304803023520063 5.0498770821153602 -31.0072454667969986 -12.9629601941104173 -17.7965578843847787 10.3764853126164347 8.8500535813351480 25.8380985511251247 -57.4871420497743699 -51.8646909890340382 17.5828100619361756 62.7239891909056198 40.3211496409934824
393.0000000000000000 0.2258624260359366 9.0000000000000000 6.0000000000000000 17.5809363831627685 -7.2106482779831502 4.8623530902043335 -7.4026455785300396 -44.0033573405607044 16.9152160077402947 -11.3098006461982497 21.8679025869450605 30.8482461148844465 -11.0256608249627952 46.2850772285812653 -40.4640677222335654 0.5859841823809518 9.6632025931331924 -27.4813604084306959 -19.6512356770221821 -67.6697249162139798 -14.6048186507437503 14.4141774578695330 60.1193783755243132 -37.4724456428139518 -24.9601728150861781 56.4047152848963691 30.0640586462911017 12.7010112957434274 -49.3815193485470161 6.6634925288776055 1.2420552140220189 -13.1496591858278489 -67.3194003158857157 -1.0017152530172693 -25.1223036101794435 18.3292912257201834 -4.3418104751072990 -18.0579688461702830 -9.8640536177048759 -5.8090203892387633 -2.5181497700414246 20.5830265811478625 17.6509466544526425 20.9034175005861300 -24.9515118449147089 -16.1857892762329669 29.5856706690117477 -13.0915564393545534 6.1875853748393634 -13.8097922107143614 -35.2028759881295699 1.2043139415408985 -0.5244935006673773 4.6134078111040644 2.1202238027459837 4.6715790533953472 18.8360589571573875 0.6042008088835520 3.5474297657672937 -30.4357923152942114 -18.8077614121528462 -15.4412575323611545 10.1659727718520649 10.6924807429052411 28.5708943095985894 -59.8409804327918593 -51.5345366575155381 18.9716392290491349 63.6101332874849490 40.9416144916241649
394.0000000000000000 0.1379543482146793 9.0000000000000000 6.0000000000000000 17.7058500205368787 -13.4272481409800211 6.9433365584530691 -5.1109507898500635 -41.2963805149257510 15.8031890524580199 -13.9834158904577315 23.7922565377171509 27.3605914775974917 -11.1488750771958163 47.4227379550428907 -40.3350070357262851 -1.0466832124255769 6.1529908253511403 -31.0620919181025812 -19.3640301244384396 -64.6627941579598371 -8.6585562693357900 14.4672209109187371 58.0048758065369583 -33.9840002867729538 -22.9659747116748925 54.3221814547729593 27.9433189516510616 12.9864596696221177 -50.8165910118787707 2.3715831061714550 0.1161147953985977 -12.2539381228110500 -69.0032359812881282 4.9866217432050437 -28.0355453104974544 22.9235385243969674 -6.3809095686413064 -16.8705055161317290 -6.2811348367427868 -3.5446105646505806 -3.2809823219469578 26.5565557500090748 19.0772317337574968 21.9906291822652875 -24.1142534366814623 -14.2852994551336590 26.2583957277052420 -7.2449689253582203 3.3261464588907206 -12.7633899301886302 -39.3684356431847391 2.5261882230179138 0.2331226908487420 1.7786899102163489 5.9765320738749459 3.0227493530340093 17.8612146948409389 0.6189136168446479 5.3386383481033910 -28.5890004853101551 -16.6833874050657904 -15.5158628885131584 10.6697297402395179 10.5563198166011034 26.5358254451842619 -55.6704899711709018 -49.3294533114461444 13.1749064004012659 64.8595744302252086 41.5748384441813172
395.0000000000000000 0.2414747606365282 9.0000000000000000 6.0000000000000000 16.9488499871074012 -8.2214054798452896 4.2507595961320170 -6.8101486490481422 -41.4543854373682876 15.0250133720559660 -12.0803367175931555 23.2705852347640345 31.7479526694628369 -8.7469613434344957 46.5935919454428031 -39.4993796001088029 0.1831712152258659 6.5984756345110256 -28.6521324472597243 -21.1612279527275255 -73.6269526586210503 -14.2451743185439561 13.8566826032969086 62.2809688122910714 -36.6950780208385936 -26.8153549405203933 56.4210599738443932 25.9575937384811652 15.0388212042455205 -50.3344379987461892 5.2465824457664416 -2.2162938590037240 -14.5781762953501381 -70.2558060086838481 -1.3870415441053905 -29.1808297721855858 21.6942922173032962 -6.1297493608242135 -20.5142424472009850 -7.9581360256597362 -2.3795856085789722 -3.4563384526383683 25.0430539943066144 18.0154066131729991 19.8065003048691430 -26.5231309779792781 -15.0520453647689791 31.7958236232510956 -9.0876966221987612 4.7724081990172706 -10.6113966102471693 -41.5934123678006316 1.6326117990953684 2.0785270760787817 8.6711191415066438 5.2443936794977981 7.0311783224466016 17.6388943121384862 0.9074735188913541 4.8664768277215575 -28.8126750353322585 -16.5906136073383195 -16.7935945248304144 5.4211318088808298 6.1376122102767923 28.9736472890391177 -60.7419835933237451 -49.5748195948539561 17.7197340167690207 63.2046732992294125 43.3173435402759850
396.0000000000000000 0.2387552519012976 9.0000000000000000 6.0000000000000000 14.6391152295110967 -8.2935560910619017 5.2851747160890312 -4.1217660924807511 -43.6800118178258501 17.2194465295573522 -8.1567618691806807 25.8176261468469370 32.3068746440437380 -12.4201395382033475 44.8157271904265642 -37.9558693021729141 -1.6400268217094369 6.4133983601999853 -30.0204029741248561 -21.7343743481636196 -68.4178880583255307 -11.3251042442233416 16.4331054853559095 64.3800604973091737 -39.1817010267555403 -27.1443717142054908 55.6834342374486440 28.0255286573384268 15.0878582654024473 -53.7594340059183367 5.6648891823093068 -0.2620390787094458 -9.3593061234752941 -70.7166597910889578 1.3928439865762710 -30.9097021171766251 21.1666484020954115 -5.8247266173277108 -16.8274460886430184 -6.9790903297209148 -7.9235478473074590 -9.4308342026009360 24.4797390097485916 19.4342577699250185 20.8779434023108230 -26.7126601274574469 -14.2213023295590482 25.4148673535632952 -12.3765056521893158 3.6661483827138297 -15.0213470619192293 -38.7101159131820225 1.4167757529273572 3.2290136880333637 5.3853719827882607 3.7927527674800929 4.5203238455022507 16.8633541692063744 2.2097953154634666 2.2626402372106909 -29.6195908593525239 -19.6191542432581727 -19.2215273778094975 6.0475729773702769 7.9181585035241016 31.4342779522784674 -56.2554673512386287 -50.8598644437256979 14.6470615748741366 64.6970903504230535 40.2347814912863697
397.0000000000000000 0.2189502285991984 9.0000000000000000 6.0000000000000000 15.5939302862827791 -6.1229475647302198 4.6888956557719457 -3.7009287878291737 -40.5021050727042322 16.0344796646813066 -9.3730892350745183 24.3765566939503451 28.7631992445148050 -11.1256299410471673 46.9139250874025180 -38.6030939326656792 -0.4246163038558783 10.8867130044317317 -31.0426340875194811 -19.0234054032859987 -70.4694652003103101 -9.4394083572107519 18.7839194749924019 62.9008658052290173 -39.8741149613356001 -27.6473165303709649 57.3319261186301432 25.5879948075808628 17.1136090778005183 -51.5792193440566393 5.9431479057916494 -0.7909589740649919 -11.4720095669703870 -70.4093915243804389 1.2431783493427910 -30.6246519763082929 22.3341321854443038 -4.4304935546503410 -18.8916672282620226 -10.8592983116769553 -4.5850356034472171 -2.3259758453880743 22.5754332471438133 21.9070406756091174 20.5101657174367134 -21.2326841655421070 -14.5911453817748455 28.1313785890238677 -14.1890514047450136 3.0587404939857330 -12.9453471148772437 -39.2417553897909457 -0.2852245611279427 0.8292215033188248 3.2084636331860912 7.1495331905516988 3.9272934853981649 15.6836549249395567 -0.0894887750202472 5.4827028112344216 -24.9465454259476367 -17.6804700673484767 -16.8705262833139251 5.9589712778631405 7.6921451667879444 26.8345424597753457 -57.6087304904374875 -52.0491158211083444 15.1103222577754774 62.9690550480559921 41.4522489319010603
398.0000000000000000 0.2200437971143924 9.0000000000000000 6.0000000000000000 15.0763044222987155 -7.1031275237144555 4.4619423837998413 -8.4705957771744824 -40.6351166586352690 15.7547602631664780 -7.4982875394051387 24.9491289226394102 31.0103117888771642 -10.7896580297896474 46.4184023235887437 -38.9804300647097861 -0.8598710646487099 7.0592658457441573 -30.7098222917344543 -20.6111433246870703 -66.7350218014220786 -8.1926546837546983 17.5640090500088810 62.7960985886175678 -38.9280298629506873 -27.2699970236824747 56.5129017362923491 35.1312118463350274 15.4653133216384084 -52.2725089591435434 5.0955381087778013 -2.6611100862975499 -13.1968596879882956 -64.2103244412882930 1.8740023880030150 -28.5660939682949149 25.9399489836441433 -0.3271114939390163 -19.4570783211589990 -9.7430441692877494 -4.0690593513431823 -3.1446462949615692 25.2274084085753678 16.7944383923508198 17.3754901873509944 -23.5847717314104450 -14.5828393751301366 28.5513289705738629 -12.6048318742557903 4.1444907751975428 -13.3264848294887237 -40.2808692147948051 0.8246745206362350 -1.4490861216248105 6.4568738334032894 8.6588707064530777 4.0875640050066107 16.9016884757328967 0.5526480840868663 3.4841710163654738 -28.3484547256051478 -19.1841035670747111 -16.2434958533941973 7.6196048876697215 7.6506605565142642 28.2293847079729829 -55.1084045285641864 -50.7813792685018797 16.9921385637872717 65.7015578406676184 41.1495055509155065
399.0000000000000000 0.2800393336214460 9.0000000000000000 6.0000000000000000 19.4348548223241799 -6.8659400031011621 4.3620679989196711 -7.9309430754530315 -41.2683484175993911 20.4604209952315301 -9.6650325128463397 25.9634349274167064 29.6548130190643171 -11.3945760429358813 45.6626622573233476 -38.4158335695437785 -3.3236711230717857 6.7438597876551540 -31.1380836876767937 -19.7833318231322082 -66.7037185107400603 -12.0908353369244779 18.6480230081287530 66.4310170108022078 -37.3680078039903449 -22.0819370924828497 54.8223916538858873 33.0899476857446473 14.0840905743637528 -48.1796855762530711 4.2919174800025512 -4.5027358717669763 -10.5136732063143103 -67.1269908662987689 2.1719952777818601 -28.9622879276695429 24.8180871295770977 -1.4333723688888687 -18.3477027001363275 -7.1361401702034550 -5.2433249867920013 -3.1632931215958640 24.3931589629053676 19.1414596347810111 18.9754567044000240 -25.8571718504728736 -15.5627826959345548 29.0723465883052121 -10.5324552956475355 1.7770748135786936 -11.6023090979785461 -37.1530362371754563 5.8070061433477758 1.5453333544354757 3.6718961801409482 7.9003862110086560 1.1745067118736396 16.9849113031728081 -1.0079374971651540 1.8949667704334372 -29.1279811896400425 -19.6184123645568675 -12.4280981183783084 9.2609890080576385 8.8239919300179182 30.0125857724263412 -55.6134918192468746 -48.4232377698612169 15.9055135243025862 64.8855176260836402 38.8172382358029537
400.0000000000000000 0.2474442929432487 9.0000000000000000 6.0000000000000000 20.5605007238703728 -8.4059672820304083 4.3524962366693289 -6.5941261246496694 -43.9586124094149966 15.0934882034085209 -7.8256651898712466 24.4668774424153916 31.0927769495994752 -11.2573266560152234 45.1718431858739038 -40.3148165815362560 -4.5695617473091499 10.1504546933477489 -28.1459493790575621 -20.6767983279733869 -68.0855593496741847 -11.7670554572893860 16.2067875178372631 61.7595937707061537 -39.1288856129205840 -25.3630364701058646 58.1932340801081764 29.9768158755331093 13.3201159726487628 -51.5780412627902862 5.1793483264681450 1.3369333522548370 -13.1828865713830012 -67.3479272847742294 -0.7814788388045679 -27.4691876612816870 23.2398189812260298 -1.6174150606391071 -17.4276818207652440 -11.9856320865425232 -7.8111422343968471 -3.0701986380931174 28.4640786839621427 17.7971840341465359 18.3457423098260293 -21.9441835641638221 -17.4083804214251110 25.3229664368456646 -11.8417535769886211 3.3041013934529304 -10.3524453942012897 -43.8163520618184563 -0.1921635993148179 3.4105758902653496 7.6538854736657402 6.2460909891253440 1.1864207625825269 19.5691204063863466 -3.4069722583944695 2.6204885147199670 -28.8587535070917696 -17.6456315235258359 -13.4212162090220524 5.5083024519039929 8.0403136207526842 29.3857436220892119 -59.0521062223251860 -49.5117894422841758 14.4167603312450758 64.0624974396464637 40.5890556591671938
401.0000000000000000 0.2586790749512357 9.0000000000000000 6.0000000000000000 17.8459429022971321 -9.9921225951514305 6.6978437187879933 -5.5765767738253444 -40.9882898098399622 17.8820677944947093 -9.9229614688910637 26.1111496693360152 28.8061425562952884 -8.7241231222585789 46.0784150933527954 -37.1849513926712660 1.2008652875784498 6.8466957158127952 -30.2937687076027586 -23.2385151239517533 -68.9446172666939532 -9.4671826854755157 14.2119155932940266 60.1616382968328338 -37.6852372367737800 -27.6893084256130244 57.6105562604532508 30.1979570613676565 14.0311655176233003 -51.2754386627745475 6.9149702430034417 -3.8107608255236762 -12.0851162917692818 -66.5125677210517949 1.6003209734452284 -27.0640142221651878 24.3425468151766502 -0.1927426330285720 -20.3870965211111645 -10.7435284358086829 -5.2745867975417875 -1.2281518855862106 21.7850205839726847 18.1952116552243837 22.5101138909237726 -25.8024876626904494 -16.4651551901388480 25.1530365505264228 -10.3264127077861687 4.4296546348478794 -11.2975574398248675 -38.3716561529621671 1.4652081367718668 0.6538593655768057 4.4634598152180542 4.9352793014440035 1.0628410270844495 14.3134001333226113 -3.4876058442250830 1.2275976257371126 -27.5658402654513210 -16.5436291611322659 -15.7231915176745733 4.2007627657041793 8.3395113342435341 27.8222021190336051 -59.0564759552220053 -51.5089806193033013 15.4722800294534846 63.1436220666823758 42.9788679600729608
402.0000000000000000 0.2481883965356910 9.0000000000000000 6.0000000000000000 17.6301779701399433 -11.9303378874675374 5.3302799261179681 -5.4243261417115090 -41.7857801956601520 15.7896638028037621 -11.3294935219452650 26.6126076336377508 29.5362555817846584 -11.4185356308463088 39.6039583853872372 -41.1506606520440812 1.4024048121689860 5.2841527546033600 -28.4899035560401366 -22.0647171982629011 -69.4225741009713744 -12.1878739175237847 16.7866624113636860 62.8665273082441942 -40.2980952415172737 -27.7392220633130293 56.1256347886389477 28.0947007520943828 20.0654696911552541 -54.4467378403264703 8.1395160812902123 -5.0357021747129060 -13.1312336161547041 -64.5555598118986893 1.4774034975539925 -25.5934168668548594 20.1003331048197609 1.3206940445994746 -20.8530789612342105 -11.3642940567897952 -3.0846539432749722 -3.0994594518219287 23.6945324578666217 16.9942356241200550 20.2348982218842828 -26.5587304591952211 -21.0574775705511925 27.1926655373157118 -7.4383633308420238 1.4443923465789266 -11.5294096495297573 -39.2811440997045835 -1.6796140211536001 0.2203122450573944 5.3919985229554701 3.8203401605957357 5.2819362925094016 20.8288340648951724 1.7791898525821450 -0.5543941991951469 -26.7449593567466195 -17.4748587328128480 -14.3423784135781744 4.7570784820861860 5.4138869491239578 26.3390458744559375 -59.7699685195012265 -51.8195444761564588 18.0110856965182791 65.5604293598251360 41.3770334441189220
403.0000000000000000 0.2443082839597400 9.0000000000000000 6.0000000000000000 19.3787623319416689 -12.7995075875115898 6.8781234642829991 -7.6577940100826236 -38.9113758947334105 18.9676235090536451 -13.7975489052867903 27.0782222791094647 30.2282746540186587 -14.0925448177198351 40.9794441942443228 -36.7654188505408257 -1.4311484244804282 5.8100643675491250 -33.5839619520782975 -24.6802761191392754 -66.7655598926022549 -8.9861920107418776 19.6512566806370508 64.4652997509253680 -39.1578961366547915 -24.2854215227451249 59.8925421836947365 28.9096033799640431 18.3165083874505683 -54.2133530741321650 4.6181819668207824 -3.3294328032096381 -11.3609289673884852 -65.9371879889510524 0.0235708657711249 -28.7291709182933950 20.5217067889469824 0.2813840380567889 -20.3161346076794693 -9.3952276751910180 -6.1974404835302908 -4.8665410968578913 22.7441372725152782 14.9219536847951471 19.3002377972304480 -27.2259409806141086 -15.6982107404454680 30.5006674156815727 -6.9566688237815750 2.4438815324584535 -9.0836074896390464 -38.0538269862903178 0.5164063308855937 0.2480614128545477 6.2487678121425718 6.6338162958867279 0.6073654444429459 16.9295159072513783 -0.0439516666562756 1.4518683211849677 -29.8950500892536333 -18.9808227877022802 -14.6472782622616915 5.9177057313864214 7.2323027798187054 26.2309303785226113 -56.3529414466157164 -51.8063521121504991 18.5710872067701018 64.2639837172494737 44.6529787375750900
404.0000000000000000 0.2160470690942687 9.0000000000000000 6.0000000000000000 19.1447766145293627 -10.8868920175945298 7.8554131747266638 -5.6029737788542198 -38.8807401075150594 18.1250163911000755 -10.4656224825947390 24.5396862400109619 30.7657193223892094 -12.8816796523360217 46.3017809524163724 -39.1223207115579541 -1.1680462640797871 5.7913882148006923 -29.8675482926243667 -21.6079080428881269 -67.8604746319994376 -13.5786788113415362 18.4148737121254911 61.5578758835803015 -40.4893947999331374 -25.7573057931918115 57.1589239323177125 31.2533429928462887 16.8431096614325462 -51.5728867378354252 7.8128973857226658 -3.2899039532650516 -12.7840809261565198 -66.6444367539682787 3.0110936456202548 -26.7176329324681774 20.6609583049404861 -3.6790810523540722 -19.3155120837390903 -9.6806379948404171 -0.1819626523484574 -4.5050421044984628 21.9259461291030320 20.2435192420803531 19.0376687193273568 -27.4460027104350033 -18.6599990405076959 28.4667999002420693 -11.9521415503016879 0.5106854070914209 -10.3202901570749521 -44.0424253481365824 -0.3486096567231940 2.7669825579975358 3.4439593238032873 7.8205540564734024 0.1218102949155515 18.4241919436889319 -2.2777543793246586 1.3272260165031073 -26.6829267017439378 -17.5830976076425216 -14.3130196848120246 5.9173382331931279 9.3411342854322488 28.9818868434225934 -54.7532888102982938 -50.8346042101918343 21.0296246465546446 70.0683330210411128 41.5886757740925503
405.0000000000000000 0.2273540029642036 9.0000000000000000 6.0000000000000000 17.1205208569203862 -14.8721866537070682 6.1860781021984819 -0.8115729879297460 -41.8226549791809106 18.4820820998537769 -9.8711700646020368 25.3698073018468371 28.6620487982871559 -8.8710031844444934 41.6700720393849693 -36.1768211635612502 -1.2901783368883244 2.7105896913819216 -29.0385145379186689 -20.4910198554183545 -68.8019498521414050 -9.4945910069391459 17.6257311466860180 60.0028794213437635 -38.7682964978517717 -25.4588011122499118 55.9037962293693695 30.8520876381645763 14.6022151385772396 -53.7526140756112198 5.8866240070256444 -0.1250222935277781 -14.6407159877884290 -65.0272486292636103 1.7204519143096328 -24.9179591176901809 23.4867862022968552 -2.5335903579911889 -20.3700461737439724 -11.7404404907557307 -3.9355056866190217 -7.4101624197180449 20.7053986178840894 18.7449184422692774 23.8313075689864284 -28.0708747850612959 -17.3917344111581436 26.8594522898347563 -10.3074781821326820 3.1205496440622102 -8.4345374429941415 -42.3159594291402286 0.4392246623042504 1.4058556370405038 5.4535846178317691 3.5900948536777895 2.3506012043098652 17.4388865133879207 -2.5695486249105270 -1.3668047255597449 -28.7366743929589497 -18.9163625550058363 -10.9772927705619043 2.1873089397854821 4.4593528323486122 26.6377540303536300 -56.5478714373345852 -55.4566631042348916 17.5977573253644444 63.7368904356658774 41.5909791605193249
406.0000000000000000 0.1869188065276910 9.0000000000000000 6.0000000000000000 20.5380090762514413 -18.1593386491103104 5.6953628782673045 -2.3860373516079081 -44.5168728075440967 15.7916013028143034 -13.7897389023354169 27.3810884385536468 31.1024375061669183 -8.1329144684880763 43.7453854414376906 -39.6711357396382382 -1.3271187144467016 4.7870985342454873 -31.9764948246439076 -25.1151895068653452 -66.6953550643545867 -15.0393491671338584 20.6000465665537789 64.6398582886978375 -41.4712389067142979 -28.6613469876278444 54.8173775399043492 31.2138350209692845 16.4394414103231128 -54.0756385629973977 4.7349219282989798 -3.3130412149293367 -14.8546483176817095 -68.1244895363233098 -0.1199593642912509 -29.6386745519698955 22.7753684893228296 -3.5080474458969313 -21.0200089169625990 -9.3223288930970121 -2.2370767872055106 -4.3860211741227433 26.4702380365502172 19.0795535935244480 15.7739904915900713 -28.3190941411158121 -17.1712262046739852 28.8801967984882424 -9.1365405074454547 3.1951735829493755 -13.3241163320070477 -42.0692314658986817 3.9492524283442303 2.8318376714492022 2.8602878479236700 7.2798386554565440 -2.7239062435850014 17.6629851811976941 1.8131122944846354 1.4563363239446152 -26.8745133841951116 -16.9333103594116281 -9.4181626970422094 3.9210807445350198 6.7556175487064687 25.9260311597187716 -54.9423862962764744 -53.8608624723641469 14.1029673489452350 66.5895508712085444 43.3329842928179048
407.0000000000000000 0.1656763523901014 9.0000000000000000 6.0000000000000000 17.5159067927313252 -15.8617623035405462 6.2601102374875754 -3.8601098649314904 -45.9430962476062490 16.2952754002846909 -11.6650851126428776 27.2061278818700174 31.3712026327031488 -7.8786922293138248 40.4564989657014991 -35.7029131975363470 -3.0137325130959187 7.4872604344846616 -31.1399890672439135 -21.0027439589534453 -69.8728110181331061 -13.9096761706511511 15.1748940335037510 63.0286601584823600 -38.7916396388953899 -26.2398118018058355 54.4753942847247714 32.7436472267241356 14.7113620750493901 -56.3632513191520061 -0.4518886856463351 -0.5433833839347368 -12.0602812211844697 -66.1849508347324900 0.1867502128310694 -29.1957812048259058 18.1596786863462754 0.4736185464550049 -23.1548392261411813 -12.4669955236754326 -6.4994259713272786 -3.0385343143603643 21.8520489477695783 16.6887889566377687 20.1684193413284873 -28.3716200366264246 -17.0191691684291406 29.6192577994335764 -10.0768928846213406 3.9589946932254625 -12.5268311343714327 -40.9210355806644799 3.9557134479720624 0.4389279509673676 2.5404015772312301 5.3986559841893742 1.0707454997664132 15.5859406742414563 0.0161103991027453 2.6274552323422689 -22.8972579649915957 -15.0755966969144790 -13.0261260870846858 4.6357923377826893 10.0150869324348548 25.8194250499771591 -58.6066779823626405 -53.5240077362767366 21.8292135514675181 69.2697633919145375 41.0603044722773518
408.0000000000000000 0.1989366138304412 9.0000000000000000 6.0000000000000000 15.5087324076529747 -17.0624433230069030 8.8549899553220701 -5.0927127008394297 -38.7418062965013306 15.1405021028989299 -8.3955865085245271 28.6711643918334502 29.9317060471519660 -7.5445220071146970 40.3636182499665637 -36.0496337490185113 -0.2464041300594173 10.3204744612176782 -32.6838570719805972 -24.3254360102003453 -66.7937291438557139 -13.7810223447309905 13.7363657709370433 60.2348024519171048 -39.9479448766179388 -23.7596387714174888 52.2018866186076949 32.2865342879995154 18.4916318471452783 -51.0057775752260767 6.0399114400361089 0.1818988439578573 -11.1312789953323161 -69.3519116583840685 0.1685360961092900 -29.7287620435237798 21.1110189522479743 -1.4971441510054626 -16.4835688944778944 -14.9721060744401768 -4.1437081555271496 -8.4964033622271025 25.0876845464698448 17.7963079348552213 19.7471698618398293 -29.9178088060329088 -19.0770589515302120 27.5080781927785978 -13.5441417656687744 6.3168717506053254 -10.5865380587846261 -38.8181894068118609 1.7268115497355419 1.6399727194941003 2.4902615731214537 0.8129397457524137 4.0438243611882978 12.1654043709833068 0.7890771199767428 0.5400295076604004 -25.0977150535220233 -19.6108339214179033 -7.8449712653513526 -2.6686995022894866 5.0775138403554489 27.8692379689313157 -58.7137089464879480 -50.5122382207656599 21.3416154517811911 68.4573382926559475 42.0767889831194211
409.0000000000000000 0.2787754197479700 9.0000000000000000 6.0000000000000000 14.9430283730847684 -13.7979006550691903 4.3449125642639679 -5.5326761662120276 -42.6914786041708396 18.3046323397282791 -11.0383567683173283 24.6838786003645687 33.1401935349753884 -7.6837350831860709 43.6139300343313465 -39.0616965166849610 -0.9349337120956465 7.7725266112161142 -31.9131749576733839 -21.8261313581586940 -69.5034450206874652 -12.9179778005009140 12.6404780461705641 60.8252792199529324 -37.0195471349513028 -27.6259615563145857 53.2270543245477157 29.9601715370682875 19.3819541822418984 -55.1992951797428901 3.2348733019378551 -4.7000648254903137 -12.5602292144639005 -67.4160847264649874 -2.7529894582991190 -29.2551553908028765 22.9070346922899510 -3.9294682395532341 -21.3676868646690750 -16.8123141051110245 -2.8662391160465313 -7.0636039358362801 24.4495046358836454 12.9274791642203191 17.7416018840948517 -30.2021886093794301 -18.2443091564809237 30.8578957301348993 -14.1692320783542236 0.4603323952392020 -11.7218958581465369 -40.0957455721284504 2.8321514498703380 5.8260396272263097 4.8284676268274520 4.7148889744853264 2.2522300860302389 20.3886353817806238 -1.2926155659830654 0.9083356131489617 -24.4739061029159686 -19.4894605968959347 -10.3617609901998975 -1.4450438966795214 7.1754519520741313 26.3539838659243699 -56.1182696163576011 -50.6100734373656564 18.7005597626937359 67.4736881442084666 40.7119978388217731
410.0000000000000000 0.2811839411123976 9.0000000000000000 6.0000000000000000 22.6901421714108338 -16.5004646915396442 7.1368447221726381 -4.1539123245898573 -43.2662630320483927 15.9656407081325646 -14.6425306221133678 25.7154325770481265 28.5392427738222239 -8.3782160849987157 43.0710591780002900 -40.4209858653386860 -4.3543171504688418 10.3433351003355440 -27.0303033845517646 -22.1867634282885291 -73.2790282470790828 -11.5935912555781098 17.8854955163504421 62.4631730699493417 -39.0297257874561723 -23.2080927094488985 54.9996583378183885 28.2858933411118301 19.6281675142646144 -52.1050418716733219 2.3128675075348819 -5.0392384778834360 -13.6803200433757848 -67.4203889026092469 -4.6680755847000528 -28.1213283368488582 20.9411108224744957 -2.8615367793392332 -18.3889474168333820 -11.4869235944459565 -2.1124989389271063 -5.0565496665641518 24.2832125662633374 15.9979130211116356 21.7373968271061813 -24.5260908211460062 -21.1541715180495729 29.1810746356617337 -12.7833708449817411 1.4674473861255330 -13.2995019847228058 -41.1195844158621568 5.5952729491951327 4.1541338215892463 1.4500968395906353 3.1047358378987036 -0.6645978370916739 17.1028678564651671 0.7808952596132785 -0.7392492663018044 -22.2900916362563741 -19.1833446149912703 -10.9164080202607430 0.0505514889705461 8.5510958957217760 23.7530614175812325 -53.4699526004948780 -54.8388968114692688 20.3234648820419146 66.0904017372326109 41.5508520168322804
411.0000000000000000 0.2556201493828369 9.0000000000000000 6.0000000000000000 15.5277043503951173 -15.8281147044079145 9.2955382292656026 -3.6498421385711497 -42.8430607413412616 18.2336420267150459 -12.1164491658538473 27.7272294094698424 27.1537008703093683 -5.2471985070788971 43.4456076841560233 -38.2556329974967397 -1.2908205896489025 9.7951144160577641 -31.9770992303027484 -19.9043971447022656 -69.5758769949896987 -13.0497443600543441 13.3247049763088832 61.1246286101829313 -38.9879561121164642 -23.3846683011626872 54.6572004428312610 28.5616489092982917 19.5999810207310254 -53.8420961704571468 3.3533927944004036 -1.6102289462160502 -12.4465742684700480 -65.9939433961927051 0.6510445619090128 -30.4664535723936254 21.8069000646326536 -8.5831413560092322 -17.4109384217419105 -17.3235579710300165 -5.7692972176430457 -8.1916348148839013 24.0537006193091543 15.7088043016065235 19.1137382999208789 -28.8491876029379455 -18.3980618626862871 31.2630612204644933 -12.3441065170653825 1.3249814152537507 -13.0320329384728399 -40.6854665771204225 1.2756745123173399 3.7161562035124600 1.8486795545314370 0.8484969457882339 -1.7319749309352650 12.7522553781967467 -1.1971748344834363 1.6922310517493089 -24.8406325531412016 -22.2390915505667799 -11.4771042488812380 2.3091344304558383 8.7786010949749773 27.1139192825697002 -56.0560605828532559 -51.7876007389538131 18.6953390322811686 65.4163772450301764 35.8241167011056021
412.0000000000000000 0.2527624699605787 9.0000000000000000 6.0000000000000000 16.6935671635708509 -13.9397713807651922 5.2076737788996104 -6.7253004464931845 -42.3723407704142616 14.6927333247499146 -17.6977185887600825 25.4358570288135830 32.3504777178768066 -5.7744875486848617 40.9786106037604867 -35.3116469381960414 -0.6566178456571476 8.3260848507059713 -30.4142907399500650 -23.3016659592138176 -69.5066613864554341 -11.1816459148459693 14.4000481262878619 61.9119285648037732 -41.7074400911858163 -23.4568206217807536 54.4010990079177219 25.0788316305265688 19.5632175130237087 -58.1468829580383115 3.9224324904029322 -1.4259783113175093 -11.8712196084614430 -67.8629992661892345 -3.3494000352748849 -28.1672151425695247 19.4455250794693129 -3.4247309219197430 -17.8029604541305595 -17.0689893394064676 -6.5618049441405324 -6.6510118648129248 20.5406127185498448 17.2519092462136214 20.7204909673558610 -25.8054889404683117 -16.2206839567589576 32.0927842502301459 -11.0578882491781361 -3.5505059062925768 -10.9388965679902945 -38.7126313195738518 3.6762348252401278 3.8719406538912682 -0.0740236490839585 3.2900664398078967 -0.8235254492872525 16.4769434250892779 2.3866024500244314 1.8802424554391570 -26.3507133671796261 -17.5604983996471837 -9.5763499119957132 1.7115625935608900 8.2290156870247255 26.0306828126414480 -56.3687901121534907 -50.4759318939236934 20.5640121230348285 67.3036257567097067 38.4271095320504870
413.0000000000000000 0.1820937600092691 9.0000000000000000 6.0000000000000000 13.1092994522916761 -15.1198831896358818 8.8602033723984874 -9.7479218869250737 -45.0273380130387508 19.4262446176487700 -12.8263145668278273 28.1533619277580378 32.1949813179260218 -11.7838008888211121 43.0124646480030819 -36.5630918605291626 -1.3338635395692160 9.2048243969110572 -27.4050387805044764 -20.4755761990184482 -67.6656431113772499 -11.5841314037401375 14.0255786346149058 62.9136915268760148 -36.4144798936275293 -28.8710175472112844 55.1180454309403771 29.8692783833426887 20.3014861421679065 -54.9354060116013656 2.6830157077580248 -3.8490633064231212 -11.6924980962134395 -64.8899795971812949 -9.7934231957538529 -27.9582737725786465 22.1519045831741295 -3.0887862811072258 -18.0247405769511282 -13.8850508361929350 -0.8470797823533123 -8.8537495796183077 21.9222088687642405 18.0569534311242030 21.1878114330466829 -23.4854371986550170 -19.5833372118949818 32.6000827080089124 -13.3585526739949927 2.6226305642083489 -13.6979513599039677 -38.9656586469006356 2.7628635017961449 1.0041784740817228 0.7052257058070415 0.4752628139015844 -0.2381666338563118 16.4545176698944395 -0.4627438558704219 0.8260690889997764 -28.0690684897919205 -19.8671410982408787 -10.9420295721235838 2.5666114408126979 10.4758235024196740 24.9886570629571949 -53.7576548683254885 -47.6581617540341753 15.5586182611766830 66.5813522229556156 40.1351222928398812
414.0000000000000000 0.2189358878894855 9.0000000000000000 6.0000000000000000 16.6678032365763826 -16.0222029643661266 9.3036400274868569 -2.8177570170719743 -44.8411946307613789 17.4625400440642800 -12.6235116065335529 28.8313331900073244 32.5221195138736832 -7.5800724345715205 36.9958887975375532 -35.8832311646832522 -1.3669020121040960 7.1551197869713485 -29.2476482280206582 -21.4264482473407973 -69.0937576953888595 -8.2540642772899027 16.8921284774281517 61.3147737205860111 -39.6924078036319585 -29.1325112107859994 51.1996943308888319 29.7811123230202774 16.1938658924619361 -57.8279660306934673 3.9089344644528072 -4.3526002220519233 -7.6481464614536492 -71.9258554822036587 -4.4938841347039418 -27.6555431989779059 20.1506366655390181 -3.9229110013184947 -21.4291464990499207 -13.0639181622831551 -5.1698627308553586 -7.2440597980328851 22.5792983909417941 13.5516228008337833 22.2920463429233067 -23.2070767672479583 -16.2051636265219443 32.0219039284112199 -12.3053994119543546 1.5803292550915571 -16.9484376919360251 -35.8353162475742337 5.1195836186045129 2.9077104096916608 2.1668784456775714 4.4709491037299731 3.6801786640789742 13.9384174848448996 -3.9801598933662223 -2.3601074966989568 -31.8852950787630363 -23.6025502098810094 -10.3981860912210990 -1.6141927605319202 7.7718982791754376 22.6847201275725681 -54.5697181644968268 -52.2548545001176237 20.4243540617614450 63.5779678867572500 42.4543956523700672
415.0000000000000000 0.1718335869736774 9.0000000000000000 6.0000000000000000 13.9100358542640450 -15.4129731218898467 7.2079470455115828 -1.2383310323539924 -43.5791913237559143 12.5326291960854768 -13.7914874916283985 30.1225225225678130 33.9913414268375718 -11.0743898410243364 39.7354507699384598 -39.9779352800483565 -1.2851775081007508 8.9709937733621441 -26.4958627696989062 -19.1414219074048226 -68.9447313979229932 -10.5129147660285831 12.6634676524506915 62.4759496396583316 -38.1385671731736480 -25.7752102981025146 53.4057285940458115 29.0996743466356449 17.8217006353304264 -56.8209686325996373 3.0668264553104994 -3.9076087101771102 -8.4597084021589417 -68.5958952531896529 -4.8099412973666871 -27.1100950850963116 24.2551853821351884 -4.0982331714031410 -21.5857894490625917 -15.1183215112430691 -5.0661544629343540 -7.6626239627468671 21.4871861250202727 12.9366666712891281 23.4457913534492768 -27.6872771667776618 -17.1593224819725627 29.2508049666631003 -14.8871247643933877 4.3592830172733930 -13.9439450547789683 -39.8402035433554289 3.2771020316346657 -0.2558069819674467 4.5526771423153454 7.1031308645859266 -0.6954068508082196 16.9534409273153344 -3.3505758655664328 -2.2292820242515416 -27.6800985603731640 -17.6552895058973860 -8.9853003019549202 2.8895128415253102 8.4741032840127790 24.4923200189370363 -54.0523757515201027 -49.5088710838320196 17.2807040714979934 66.7044266470076792 40.8852879232497131
416.0000000000000000 0.2110529675245475 9.0000000000000000 6.0000000000000000 13.9084354553643426 -15.3605568211398751 6.5195035434471835 -2.9048416044920087 -45.2646656775962200 17.4872980881068898 -12.1796979070493077 26.4919808435917190 29.8469767704760969 -4.8795199786171386 38.6288768282324568 -36.3366416439840947 -3.7721855891943528 8.4052510534671203 -24.6569846613655095 -16.0531083808438311 -73.7852831974098535 -14.0003118741901886 14.2214945829247448 64.0347243425015904 -35.1456440961453396 -25.5832747445991302 59.8964479913561547 29.4716115335013775 17.2836400159032060 -58.6059072929939973 2.8610268622703217 -10.6471305511634853 -9.6980767542085857 -73.5246218030674470 -3.1456802976821407 -29.1713760685151442 25.9258165004123668 -4.9165296947206336 -18.0724202694985117 -19.4653728989233628 -4.9902678446905462 -7.1102936069749489 22.1475001010949804 12.9548758228647856 21.4091146163424071 -24.5939076701896404 -18.1435658904303310 28.2032438644056462 -6.8706273968287785 2.0976463395909430 -10.7497984017414563 -37.3640923714139888 0.6955067509853405 2.1762450751784415 1.2084017917177967 0.5841779272477772 -0.4081040459998928 15.1063694312788037 -0.6720253133682399 1.8478898239462249 -27.9562724496690826 -18.7535215863907503 -10.2085318865157610 0.7137539487040125 12.7257276861246247 25.5924415671143457 -57.7164535759106911 -51.5845879488039216 24.2661040527647955 68.1855183973253531 45.8878625029690568
417.0000000000000000 0.2208050388969570 9.0000000000000000 6.0000000000000000 18.7813855900703857 -10.6657014621827351 7.0443878992750593 -5.0168656073323996 -45.4711070923338809 16.3465067604848109 -12.2855341142646424 29.6900173244270249 30.5939010053041045 -3.7283057593919460 39.4810643487571298 -42.3766504992288802 -0.4592923318078157 4.9444713050393538 -28.8545069989905336 -15.7155479316814706 -71.5307319321167085 -10.4770896306407995 10.3716201614885790 63.7135392891110826 -43.3555906706334966 -28.2644948159810561 55.6285309616362724 33.6597031666036699 18.6970093312479015 -57.8045782492114171 -1.3129276733854369 -6.6582056069065780 -14.0190119322859310 -67.7182223110251584 -2.4423506041721708 -30.7749657438764288 21.4425202548332585 -6.4017865845743742 -19.5206207941300107 -17.2574887152676197 -3.9556770330677247 -12.6196549960662026 24.1054300039117209 12.7187523190202398 20.7621540287921533 -24.7209258896170354 -16.6995896748586787 31.7727925368422710 -12.8083565992123347 -2.4196989395822008 -13.8905105793080494 -37.9108819889709281 2.9289448595317502 3.0032168442106686 2.1385961174975319 -0.8456758721453510 4.4156983372018068 18.3978112391200028 -2.4205999717640783 -0.3231225592021638 -29.9276685793549753 -16.0256110688126761 -7.3711069589927574 0.0176603033523077 4.9613081008098163 23.8769906726411172 -54.7291715506974583 -49.5680991017983246 21.8597762934932298 69.1362326655439148 39.9874333106906690
418.0000000000000000 0.1342029364079509 9.0000000000000000 6.0000000000000000 15.4678938194885855 -16.8205601343792281 5.6759112182595803 -2.9217971639575957 -40.6009644075006406 15.4316577609407748 -13.4183764843515352 29.7814738325864141 30.6848014908288036 -3.7822772972773699 40.8788447625078106 -39.8533936755821969 0.7863670174341573 8.9390675303743148 -24.7822935201035435 -17.6308969975767056 -70.5809363757856261 -16.9454732525826088 10.6982341352188950 61.3460138706015741 -39.7236840657756929 -26.8534258231126230 58.3768711183995066 31.7125446510860414 15.8233738129556816 -51.7857290401776638 2.9064828721470297 -8.2393104162803592 -14.5979118192220412 -67.7136397828877108 -0.4039916059859916 -29.8663542661468604 24.2224408290233129 -4.2715197445754596 -21.2604075250792945 -19.7697776582795690 -3.8039356358900984 -11.0524107594486853 24.3788365831705605 11.6737124684783780 21.7354506224386128 -21.8222760198492551 -15.5733650246676607 28.1371107446186386 -13.2287796275964684 5.8829927769504700 -13.8206887569113412 -38.8401846746222574 5.7837422420089144 1.9468965362870836 2.8737674860448164 1.9287052431675440 -1.6260270538920234 13.3256681241361736 -2.9424960617384208 -0.1729652233169807 -25.8255211253184527 -20.4343985304165088 -9.3043325724076240 -2.2599583028331320 5.7718533464560853 24.3674485696257932 -59.0086680995570205 -47.9305737481690031 20.6941315650681510 68.1557885452293988 43.8781795086742434
419.0000000000000000 0.2595176119470744 9.0000000000000000 6.0000000000000000 14.4431289705238513 -16.8325921213528211 10.4544814362065246 1.6467843806313827 -45.9328847152754136 16.7550907075645164 -16.6253159300871047 26.5788842816115967 36.6221325272535694 -2.6943123345439255 42.0381786828147739 -36.5930360809823227 0.1414769169438093 8.4388394569759964 -25.3290570456172901 -18.3540516235277060 -68.5539441018240865 -15.1803990399096627 14.0691515032912910 64.7295450257964404 -38.0871794954976366 -24.3392846027174166 53.9977339333353470 30.8930892420628993 10.9227434595702650 -56.2125759398539060 4.7506767508594114 -6.6590793812499891 -14.2903661987442625 -68.7534257372424662 -2.2635318828129223 -27.5225722700220992 19.3871095047883806 -4.4605088057479199 -24.0276622184548856 -21.1730248970564290 -6.8587581915225133 -7.0185552541859817 21.6804313708374607 13.5776264374989779 21.3892859995208724 -25.1678734859813851 -23.5187008291608031 29.2057630338900580 -13.7380895523963691 2.4595756696896283 -12.1566046669936938 -34.7685348260645171 3.7791912904352172 2.9603540020780628 3.0324449591183193 1.4331312948911363 4.3684870805690847 11.8476378931546087 -1.5713051228310393 -0.6347287458589386 -25.8912906087179948 -21.8993365038540340 -11.5912349061246935 1.0322894477546616 5.6240318982512196 24.7307837918535647 -54.9698541196871773 -46.7603782383515920 20.9830518192340172 66.2299491183066493 43.0067954050681749
420.0000000000000000 0.1968411590444144 9.0000000000000000 6.0000000000000000 18.6010990168901422 -13.4208202377401662 7.5745767528709615 -4.0044760735399691 -44.5811765840783778 11.4935324979633045 -15.9369123582593737 30.5357446622071258 34.9051681541556320 -5.0139402100716630 40.3927106039333879 -38.8101326150104100 -3.0440216684607426 3.7129671958815256 -25.5111716160224056 -14.2725141970992357 -72.8255239339073768 -15.5341114649687970 10.6882995990277347 64.6175664847151126 -38.3818349537645176 -21.9829999119137192 53.5005897093743314 28.2832934697747476 13.9539967611860725 -56.7439735482161112 -0.7792047687779404 0.0777607591070488 -10.6223951208662601 -69.3827026390382713 -0.2133214948345477 -26.1585880217888018 22.8647263257830637 -7.8879695451224929 -21.0181388574947228 -15.1963005580098951 -3.6432109168454199 -10.9726616950543310 22.8692145434147989 15.2708039923939136 22.4466148292769034 -22.7571279421389114 -16.8495054111455005 32.4916706415412264 -15.0741657703308700 4.2059434675141274 -9.1122805545214405 -37.8814226856112697 1.4694231359468843 0.9743531394197068 2.9814392202569557 2.0140834980806317 1.2799408205376337 15.1437942259349221 -1.5309696941493842 -4.2867916478821702 -28.4631216555441924 -18.9397985958798891 -10.6195368817764386 0.3866519816821109 6.4884619429968655 23.6218717325311545 -55.4632014463166243 -47.9326459585145344 20.4169226899055083 70.0133118414500899 44.2798873433452655
421.0000000000000000 0.2543829016043623 9.0000000000000000 6.0000000000000000 18.7144510259620347 -20.4155914896947444 11.1203196352283946 -1.9308961588884062 -44.6282565886850335 16.1607064767713915 -16.5230056076727259 26.8057990582657304 35.0311275122304906 -5.4844177830134804 40.6858855232518550 -38.8812548228332346 -3.2994790588757468 5.4030933019905252 -22.4862938061705648 -21.7018665441468208 -71.1022690084381424 -14.8582682400842234 13.6153003400215731 63.1642682103894586 -39.1450096381885544 -22.2131764527329878 50.7616939910769034 32.0972137338049208 19.6761502091033122 -55.7695264762857477 2.1366196736645042 -6.3195832038513018 -13.9794660002058997 -68.0524769902952613 0.7338064935897179 -24.9234970574949593 19.6874782738643823 -4.9607845718877286 -25.5686243211707094 -17.5245862804303769 -3.5558532665679934 -10.9592502422439750 23.8252887356524781 12.7302295892676902 18.0615335895691658 -24.7066566079726257 -20.5091501407467227 27.5690402468872300 -10.9349697686020448 4.7617962008284254 -9.0461017135750748 -35.8803162660990012 -1.3338739874518284 1.3396362488685587 0.5307440975100426 4.7262606308135320 2.1789616098164242 15.1868139847416330 0.3623101530802115 -1.8490182279604652 -29.9740980166685027 -25.0266835165097206 -6.1977209141425185 -2.3449324578578237 5.5387205764917224 26.1868177909896609 -51.0208611109512162 -44.3432886156501596 25.0352750230001746 71.1247997575946442 40.1283863373675587
422.0000000000000000 0.2873067875838295 9.0000000000000000 6.0000000000000000 17.2694616340577447 -17.4348623619463901 7.0570705657652510 -0.5271694601567236 -43.5060087418260579 19.1560602112975999 -12.4211883175719215 29.1623176328102787 31.2212647133879422 -8.8335433526392926 42.4470972732377447 -34.4554826261762983 -4.7717062420165721 5.0028162875155626 -24.8734536988419990 -19.2919963883478829 -73.3071606873583050 -10.8053094285589779 12.0042126511902385 64.9177231036929214 -39.6590648779903177 -25.7413884240978419 53.3862241497625618 34.3619980764373807 18.5821005438142635 -60.7780614305014808 -0.7392204275734224 -8.6867710682606969 -10.4625190113736490 -72.3167396883366109 -3.5912883554690795 -28.4456238979711244 25.8739928977737677 -4.7899918355362061 -23.4446611172197947 -18.9841804942668197 -2.3287021059895565 -8.3244134225666855 26.0255700229846312 14.9237089195779244 19.0254805943522776 -28.1551388200852060 -19.5203620820150725 31.4192641647975677 -13.1278477237084541 6.3576265441623505 -7.4585284982106490 -38.4861283657640740 0.6554478736089078 2.0145860410879441 2.6292858529102436 2.7511084249301696 5.7644036533936127 19.1344495354377990 -2.7143446159233866 -2.0072943497380078 -26.1112468874958417 -21.3888578405267822 -7.5994926633409898 -1.4150934029558200 5.0740867209916223 31.9819736040486831 -52.0816481241089377 -46.4948281064464339 22.8991969548120160 66.6281678391306400 38.7441990430931611
423.0000000000000000 0.2397047012976604 9.0000000000000000 6.0000000000000000 13.5708142593859460 -17.6834439868873794 11.5557923224429295 -2.6090358079873157 -40.8025602675882695 17.8903747383492551 -10.8580909171431053 27.7563763805921155 32.8590073800823887 -7.2626662463985916 44.2428072880115835 -34.2903644324860437 -5.9855251837445582 3.9713460736299173 -27.9507549803020758 -19.2626918021330837 -74.2322317624434476 -14.0039511570600546 9.2998158553768171 63.1048750478197675 -38.5366342365693768 -27.2016506145415455 52.9858732853286511 28.7274357129312996 20.0123813837359243 -56.6952124117395044 3.9474490323578220 -8.5787554259733056 -14.6111883601649470 -69.7751125506272274 3.1034053703698516 -26.3297280533139393 24.4051617437586650 -3.1582524208318734 -20.0733626707692387 -16.8635091317619832 -3.9677624707454959 -9.9392126505212133 22.3181707710695854 14.7320930527268956 16.4686637766507005 -24.3980687693927827 -16.7529763403846559 31.6907606436925064 -17.9231092435318224 5.3671234056529373 -9.1505806545179595 -35.8739572171783223 1.0580078396783223 0.2444984242261816 3.4399388306272836 6.2038116272696575 0.9133791485908036 14.5913874470690743 -1.1989402034553516 -1.8210564797636914 -30.5494589545637112 -21.8896542356587602 -10.1723925180715913 2.7807665243612321 2.9415079191421172 27.1063900678081104 -57.1825961404485099 -48.7273960507364308 22.0308320231891059 66.4071173894600690 41.0533337863886416
424.0000000000000000 0.1906343106404448 9.0000000000000000 6.0000000000000000 18.2539890409471326 -16.1577091341741657 7.8764489054992737 -2.4258146406390093 -45.3024602752508656 22.0773247839696438 -13.9011681007715673 25.3133399743427958 33.3815477672454293 -8.4568419310595218 43.7535057325386134 -38.7913449973030708 -5.7537095383113375 4.6331555202674766 -24.2011025139856919 -24.7655075839637426 -71.5646003271459534 -14.4725848942664879 16.0012486832297185 68.2914786893629326 -36.7520588308571377 -27.3111851433730273 52.5129393392388479 29.4313455355198812 19.6309342599244090 -51.1277605311286720 2.7328023704074633 -8.8405814023662472 -14.5074328289000078 -69.0654768469786546 0.0607014355036439 -26.7796097494403682 22.4315315781265419 -7.9503776166547668 -21.0376103320167900 -18.8522232206093214 -5.6074361052474204 -7.1756070917872563 24.1549706157193853 17.4295119121502253 19.5425191542040260 -23.6565301930980993 -20.9906049611618570 28.7503018731760456 -14.9893160682782813 3.5857952904982149 -6.8875452312742453 -37.1593485828831902 0.7955154595293306 -1.2821258877029686 0.3295075922513000 -0.1841566202477862 1.6990834519417182 15.5695602014453254 -2.7040931906602870 2.2809734129439296 -28.5843934357438556 -23.7958598221560003 -11.9419684220181033 0.9569783501735880 4.4943702526412599 23.8688775683766536 -57.3727405143177407 -44.6233687429248249 24.1059167598229855 67.5737044519999301 41.1289306046631893
425.0000000000000000 0.1355315842681433 9.0000000000000000 6.0000000000000000 16.1399340687268875 -19.0860214196115194 7.5515221095319225 -0.2807722792285658 -44.8770453252549615 17.8704912548636408 -14.8525156143818187 26.3521206346673473 36.2032150390495389 -5.4432009332290665 42.1443708082226109 -34.5187638172799609 -5.3051731727049258 0.1824157304839238 -27.1936594054246541 -20.2795443756027396 -72.5761901467117383 -14.2803152577939905 10.9853201607357303 67.5970653220582847 -37.0379882709880519 -24.8614019238841522 50.6850955835722132 29.8264024188932666 19.7664485133186290 -55.4416555862453180 2.8029650902361931 -6.4901563038420917 -10.3115100878351633 -69.2642358374806548 3.9699211654458431 -24.7198529307814248 23.2221052882334895 -6.8437355335041659 -22.5805141229271698 -19.8304783373038838 -4.0731616752215976 -9.4987221604681853 26.2521369677629934 18.2413332844366423 14.3700541784893581 -24.9541250758232316 -19.4879101321241031 32.5268513011648182 -13.3854491390524721 1.6087691679188381 -7.9741843965426131 -41.0039742430270095 7.0268369481248367 -0.9927087845307513 2.4590962379757926 0.6106385986512979 1.4563988709014430 19.1760200436602020 3.1439736053065475 -1.4500378771076587 -29.2403935753638500 -21.2592039254220282 -15.4818697078547700 0.1772494505582602 3.8680313209485737 25.2597485677813616 -57.5396579725839601 -46.1867938927023616 24.9319031935789432 71.3347195033475998 43.4318629922904904
426.0000000000000000 0.1767954858654748 9.0000000000000000 6.0000000000000000 16.6004054328878894 -18.3525623141621992 4.6795189714925707 -2.2519003397833912 -40.0946177472245111 18.8032504506634446 -12.3596916138917106 29.0069432161480059 34.7331270980157640 -4.8048686202897049 43.4884744551960694 -37.1711716892015076 -3.0112972062762040 5.3902123648197264 -27.6503218651827041 -23.7639073046595684 -73.4567015799927816 -12.6947429359366133 13.4900335513483718 67.6554056249140530 -37.3284691554048678 -23.7935197849600577 52.3314172397063118 33.1981196411058477 15.4847298991997011 -54.5252481017585495 3.0483032288558105 -4.8276814213553889 -13.5625279659221842 -68.7095248993962997 7.4275083172366081 -29.6083237603473783 22.1537654853521566 -7.3831993992252816 -21.6448267080405223 -15.6050466400823424 -2.5774254802661587 -9.3023745944973815 24.4581250446288117 14.8921478936250136 17.4878396445978588 -23.7356094606587291 -20.2886991432160038 27.2748631910471850 -15.5395213915123378 3.9287034812436974 -7.0451615413223561 -35.0578780300815538 2.1933707595011280 -0.4164395123957456 3.5675638379723456 -2.9542770257565918 2.0357820154413742 20.0726475161409468 1.7253207414142062 0.1372887039956878 -29.5230289946684508 -20.2071447339055936 -14.7397461090552682 0.7003390677278593 3.3813804654863562 25.1376611912784647 -60.0116061827687517 -51.6335035693480080 27.5160107189824927 70.8918099048864434 39.9337366009166388
427.0000000000000000 0.2682332262660805 9.0000000000000000 6.0000000000000000 14.7847925138637013 -19.2952096620870073 7.2594876761678711 -1.5677773800850410 -41.4455922660110900 19.1838096305550181 -8.7008882079095340 28.2761776063605907 34.1642712806150470 -8.5958399889653698 41.7695001400283985 -36.9495783584479938 -4.6455587876941378 3.5707653743403194 -26.0329575021967088 -18.3293365968460193 -71.7462258806948228 -12.6916119124651505 7.3525784425395715 65.7312207651024778 -37.3286691351301982 -27.5382148709603563 50.9307393319293169 31.8256394175276469 14.8853104333916164 -57.3143745923024071 1.0134998499178096 -5.2787199333014199 -10.8637268664120885 -66.4535057845592121 6.2149223533371014 -26.3048438195261447 23.1928476063228359 -7.8890679778458912 -20.0388695777998471 -16.2280260570210224 -3.6706933038230511 -9.2927029236979717 28.9179671466963981 16.2412790162630039 15.5093033761158345 -25.7797407330924706 -17.7999901365594830 30.3409438165337093 -14.5518985282158422 2.3815847149427771 -7.6713899235930079 -39.4549868019470225 2.7283122260021928 -8.2627577796329117 2.8446437829303903 0.9400939260473480 3.2637802440056145 14.4203197045844735 -2.4009365704891361 -0.5006286412040136 -25.7786394685519795 -18.9847873401791176 -16.4451153685964044 -2.1047903022710042 3.7256315394808062 25.8348477518051922 -58.5382852647616900 -49.5684468222303778 22.7866411182923692 69.2050278717148331 41.7895352592281952
428.0000000000000000 0.2046623732277183 9.0000000000000000 6.0000000000000000 18.2770696467509062 -22.7961384146762391 8.1882690438087771 -7.7702264813892779 -40.2485368925328260 19.8230743717242817 -12.3998824797598726 28.0129003794323417 35.3763505070449540 -5.8107452952059102 43.0770192092745745 -38.0857887924805638 -3.7877422371685689 3.8053368723678096 -28.0022867000881917 -19.5864043842578432 -71.5563400364078177 -12.2968063163341537 9.7680673310551551 70.2519985329352750 -33.2253609424674607 -28.3797157451576574 54.4074761178766337 33.6051988035313727 16.7534119029047197 -59.8697953684623627 -0.3233664219529141 -6.9664047988864715 -17.8882797355677212 -67.3127359618769816 1.0064668379425790 -29.0375601460433757 26.6427564458128217 -6.3526188288805612 -24.1733011716262567 -18.1520111901825274 -6.4590026858869871 -13.0236050361440157 28.0742836119037129 17.7255404415823499 18.4848215954253341 -24.4504185076927918 -15.9071768173712371 28.0607208809494573 -15.9870205970698969 5.3180918169157163 -8.2612924653461750 -38.7593560082875612 5.9056213684923975 -2.7216187483071286 3.7711573132704008 0.1599276871329074 5.2360436873667950 16.9329552950803652 -2.7572518536655153 1.6360081296195808 -28.7944538595345172 -19.1640580699035610 -12.8996895684973438 1.8411651083925391 7.3792962009215088 26.2676530394717354 -59.7883021677104409 -50.8655092534216138 23.4692656491827485 69.0706291841850515 41.4213201619107707
429.0000000000000000 0.1437145311421320 9.0000000000000000 6.0000000000000000 16.4966116693916334 -17.1148925011173390 10.4752248647702402 -2.5843524583112591 -37.5963982147587359 20.5419447124772176 -15.0081892839925697 31.5826843900752579 37.8474111650735452 -4.2817603062996650 42.2370312464888968 -40.0231274473976555 -5.2467177433999135 0.9936322167550222 -28.7446002660434878 -19.9576441660714963 -74.5341822827063396 -13.7704884616888847 10.6725118895354409 70.6335295828102261 -37.8835528748371999 -24.4783764999801079 55.9961905671064173 32.9531695430447229 19.6788621643409201 -57.6433054341392435 -2.1054258244819382 -8.9645203231830486 -15.4311281891804253 -67.0672750147757881 2.4801152005353053 -28.5651898814352982 22.2608111360384555 -9.1258100707144152 -22.7847579939178679 -18.1970211404993272 -0.4137226269102907 -10.2310453623068565 24.4103713438782961 13.6346646587702622 17.6638263243681486 -25.0034602017309275 -21.3241459343869799 29.0644942211810893 -18.6572259739030564 4.5827684837910443 -8.0737764692352574 -37.7108570653737871 4.5675461912981525 -1.1877282609367246 1.3162539918343399 1.5131353482892544 2.9851750024943104 19.5006074703107295 -6.1816724727608818 -2.1344843922158518 -27.7304208706049131 -20.7979945451795842 -13.6811789077975057 2.7667850876129760 4.4933344251316978 23.5124915472795166 -61.4234452352926041 -47.7563453562199456 27.0056189580584771 70.5089029931227316 40.4236973288726915
430.0000000000000000 0.1561094944444386 9.0000000000000000 6.0000000000000000 20.8948066378727297 -18.0545903282678779 9.0870639311636783 -1.6287370309821894 -36.8210959278563550 21.1032534403196017 -12.7531415806477355 28.8635915291886072 35.5027632715111210 -9.1795308724394715 41.0813878848874197 -38.5504801561255093 -3.6191729335668397 1.5688015475676187 -26.2317498869652539 -13.2709075585327980 -76.6062575542032818 -11.5796099801824823 9.0536873297136236 67.0556398030836931 -37.6785642078572991 -24.1088670728703818 56.7294249511630326 33.9377853458325234 19.4929319377588932 -57.4035512266395855 -1.7619335919138668 -10.0616088253302287 -12.1669395582657334 -67.5660459354624834 2.9849926476952517 -26.3202534661785919 23.2766174556243541 -5.4847941473489712 -20.7015486314288921 -18.3665067492459464 -4.1416602569871177 -4.6750584909037212 28.8857040316242397 20.1851834160068613 18.6718576507991791 -26.0089412662769668 -17.0321631709939680 28.1216825088083695 -18.3965048943260392 1.3139426244322152 -9.3842768696050385 -41.0362517207513875 6.0106040892945218 -1.7452307936260989 -0.7161485742420268 2.8961714336557227 -1.8124416396214724 17.6708992216594041 -4.0780046233425606 -2.3179989463541846 -29.3402490105152935 -16.9541649019152025 -16.8699994973761029 0.8860410057487498 4.7019571529308477 25.5581309462470188 -59.0753739653163237 -49.2654094921092494 23.4244426103490753 68.2118559775625926 45.2376620306442234
431.0000000000000000 0.1229914728201357 9.0000000000000000 6.0000000000000000 18.0796536606597833 -22.2958280230639403 5.1569293219742560 -4.5210512879318649 -40.9632233522337756 20.5043127638435543 -14.8200622286729580 30.3854615739912965 38.1126842620588064 -2.8389888646169359 41.0919994620496638 -38.3017143018449389 -7.8612592363492908 -1.5885151982041963 -27.2034722304215215 -18.0296794905124180 -74.6415454303077581 -9.6719339388753909 7.6046570100328097 67.3224328016733722 -38.2560562727103814 -26.7751961970630568 53.6187591632232810 30.8574294503614901 18.3828699291827817 -62.4507521136601369 3.5887364963627904 -6.8653920655766116 -18.1399311582434670 -65.5323457002205600 4.3019546817286107 -28.7246503250750997 22.9420883155915085 -7.3196027675300650 -21.6567000332708659 -20.4696415313900815 -7.4257167633706889 -5.2846461338170325 26.8149361152469972 12.2231998141537925 24.1837044485901771 -27.1661785460010670 -20.5265175320704216 31.2243245965573202 -18.2133988857961953 2.7030844405221801 -8.9945607634115810 -37.6986580272470420 1.4657958995517064 -0.3723414907173610 3.5851511764507755 1.4787482892526604 0.8501303124210341 15.5782922216841708 -5.2218445242323064 -1.6631247654963055 -28.0953310710313389 -17.7432439995457933 -17.8702204944376106 5.9363553607817376 4.7369131100032567 27.3560389976745881 -60.1991763773687723 -52.3295521128359411 25.5039611352958602 68.9763754904629707 45.8667796436495152
432.0000000000000000 0.2622898980664931 9.0000000000000000 6.0000000000000000 20.3488702736861207 -16.8138393446815222 8.6627812209158286 -3.7593313765833507 -38.6768266808638188 18.9494185226396539 -14.2755933254555973 31.4670588173045616 36.1875919025651243 -6.6749957635905517 41.8472509080259343 -31.9670571185088903 -7.9821454797175164 2.9459549024520468 -27.8616074549046431 -16.0236080080093970 -75.8877765159467543 -11.7970036478217182 12.2368273961428304 66.0309563850056378 -36.9829760660563736 -27.0876285728057624 53.1126436281034984 29.8355035110846245 19.4183853933088351 -62.2437052508224795 1.6577261724534229 -5.4958738502992235 -15.7660436813620617 -67.6690837736081505 2.2855375985973359 -31.4052134366062496 24.8988459164513642 -7.2785014823353933 -19.4413741814349734 -22.9202193411261064 -1.8334865411391839 -5.6971785264704389 25.8693317112760042 12.9103004651138527 21.1311535544498277 -23.5356275579552090 -19.6300903988660274 33.3544058750358019 -19.5871640924485497 6.5322098707783791 -14.6582799530170291 -42.4470117462969867 6.4270583461695994 -0.5808118245524265 1.7303872407435423 0.5630436216608110 -1.0040019758943626 14.5352017471954884 -6.1026204830671436 0.3962221184032586 -28.6546762808240842 -16.5943834880398420 -18.2490295148117134 4.0552359040595096 5.1841422840658389 23.5498616177829732 -56.3595164021393416 -46.9020023235609642 27.1022460972856720 70.9062443825490050 44.4916440154055621
433.0000000000000000 0.1339931788905928 9.0000000000000000 6.0000000000000000 22.1941521681187126 -17.5639905795953126 8.4120988708165463 -3.6811765861924770 -38.4916764362790147 19.2672884375120503 -17.8153771365957461 29.1028278671204532 35.9652448296887499 -7.0198382326624795 41.3698562022012268 -35.9266978607671561 -10.9959904387884162 3.5748801984663654 -21.4428590558231278 -13.7766473553359567 -71.8320419922660136 -12.3159214023836476 17.9960661029063260 68.9684123064996015 -36.2358268037258924 -27.1945814692975176 57.3543471828873876 31.9735917668811425 15.4078808870362050 -58.2384157422906270 -1.8829240434442660 -4.8910570052794906 -16.6226867163494347 -71.1189511496274633 3.9895665486261249 -27.1888551962536589 23.9322435868846703 -8.7832928378016817 -19.1638335071707644 -17.7650786316569409 -2.1444385792036877 -6.1025308412400801 27.2653152898620483 15.1673588737163563 21.7786904613189414 -24.2728947925042640 -17.5478579343783068 29.2053080361042277 -20.8943985490980140 5.6978711437492553 -11.7965141601991892 -39.7887130016275847 5.7295651548760382 -1.4120976069353928 -1.9953816551262182 3.6629444110539939 -4.3377561680802632 14.9199299340972047 -3.0101952428046430 -1.4813108662055168 -24.3159293756319741 -23.0440926999704168 -17.7478697111242525 2.8785972234718114 5.9712279928991929 25.3251451570717840 -58.6795925828850216 -47.9528521251956121 24.5562281985955053 72.9983702592032841 46.2580556483569865
434.0000000000000000 0.1261200185328510 9.0000000000000000 6.0000000000000000 15.6830537759175410 -17.1664233631102725 6.5236094941537663 -3.3117243077090102 -37.9483178300346538 22.5896789633049373 -17.1250428408361159 27.2190863586075089 37.0753455730415098 -8.3402925799379126 40.8425441944789966 -31.8622121650142844 -3.2009640976661551 -2.2031303414159940 -23.4734520313996349 -12.5004245524258693 -73.4734412013557261 -16.1046184801354535 13.8503366907978585 64.1584654705157504 -34.9851626760097929 -24.5463830863158634 59.8578698157619868 33.9639675311453004 19.2421576433013115 -60.7472952421588488 -2.3681596561425300 -5.5703015105792293 -17.5217695741080206 -69.2821777854130403 3.0959497835806205 -25.8636148201705822 24.1613559872249652 -10.2707806876429579 -22.3901138850634673 -17.0843906901077887 -7.8826377202675317 -7.6800582957568233 26.0293241468111738 11.9360410681940792 20.8921962880200738 -21.7091442962536654 -17.0851352156726328 29.9402469997331941 -18.4178614254007442 7.0241356238574246 -10.7262943314165735 -42.0383904846130321 5.9724511050714195 -1.1053632489861722 6.3807470756145541 -0.4399063822807725 -0.4460004397621626 16.7184102381007627 -6.8444806018846975 0.0369103907782860 -29.3823282134246142 -21.6890128920126628 -17.9810408606567016 5.3464409995138826 8.3083843931512149 26.7319968534088162 -59.0643514543007342 -47.5966360432238460 21.9879961270761299 63.6930685772893668 45.1870762393713505
435.0000000000000000 0.1894937376819133 9.0000000000000000 6.0000000000000000 19.6180825902313742 -21.3531318411149691 7.3007945815522710 -3.0953443660872280 -40.6665623319497058 25.6905832251811681 -12.7290331731162585 31.2509487990658421 33.2372597668218077 -5.1309609699794763 44.0826276431985988 -32.7640283706856579 -4.9192379788266729 2.1251598718642208 -22.2250954781271695 -15.7919982160514358 -74.0897816707347374 -11.0178521729211685 13.1230581047764279 65.4891891424534691 -36.0868175648605956 -28.9544873203887256 57.2426705333684183 31.1802585092342746 19.3687476352297523 -58.8113130468076548 -1.6215071143394402 -7.3013726601174564 -12.5505228262586321 -68.0077427666776657 3.5964991577005865 -28.9467958253435746 20.1594682259477409 -8.8601927662306057 -16.6455359409946837 -21.2233897509065486 -8.7859076705945931 -4.6859574076668782 22.2729999839314452 15.9361419903669344 23.4414691853224575 -27.1256517860047310 -20.0991139178401959 31.5084606111448693 -19.4932587668536037 5.1596671272563981 -11.9413369278130581 -43.7080084548179073 1.1475387552759790 -3.5890158791325604 4.4027466344132726 -1.5324161236771396 0.3648262976602055 15.2717985218450316 -4.8553858435200263 -2.0736262029182302 -27.3132252568541354 -19.3932047087512416 -15.7145271442308125 5.5062391509623207 5.2588364588565328 21.4954920147090718 -55.4305267430176869 -47.9957589329646552 27.6475232916969418 70.5954892037501196 42.2402367904827329
436.0000000000000000 0.2187032998622547 9.0000000000000000 6.0000000000000000 16.0313883015791170 -18.5801829815652475 4.6026698178898862 -1.1829062730635043 -37.3562387429532876 18.1859333301260477 -14.3335331123413106 28.5415925508038022 32.6874042247273877 -4.3767065520211528 40.7898869041389247 -30.8728634548035110 -9.4426886455564070 2.2042798985541103 -22.8561847668550548 -15.4871320236452643 -73.8534363410040697 -13.1938507321528302 12.5115706486347200 66.5284471448836712 -36.5576157236072703 -28.4247455388540935 59.8298457300822264 28.2707375593418000 17.7095209879473359 -60.3118310792861294 2.3160265704759890 -4.7857173879576820 -11.5565802434509024 -63.4709910760833225 2.7889746057883085 -29.7617434784226624 24.7294919247855418 -7.3004469844138216 -16.3843314160930404 -19.5964055991502626 -3.6041482984273263 -6.6234002359105499 21.6249600109564355 12.5157248369001923 20.0813389307330112 -24.2617125697791920 -17.9553767768951182 30.5017267607443223 -17.9221792175918715 5.8237862300328249 -10.4709864597035640 -41.2103572672351817 5.4647373533905217 -0.7638357629297983 3.9772462833291540 1.5385695555049046 0.4631375965281687 15.3042970402371132 -8.7738450517939093 1.0953572200308241 -28.6447300606703017 -20.3980750398772130 -12.7580273035351350 1.0058497288528165 3.7559814609166851 24.4910904635027507 -61.5504849307720221 -49.6370860419931645 27.4942899112878649 68.3055788949082086 43.5520016668752561
437.0000000000000000 0.2207415608040416 9.0000000000000000 6.0000000000000000 13.3872390042941074 -17.4197644651418173 5.2202817411819868 -2.0710986684757478 -37.6036023297343789 25.7032191968552688 -18.3665648034661189 30.9232148077310569 35.5805858973061220 -8.8443871946948818 41.5566877300318822 -33.0144780741547663 -10.2972042940956747 6.6836755338342737 -27.4768427959615984 -14.9115683155208085 -73.7862037900764278 -15.5594878727257733 13.2176639238243929 67.7049383793687980 -34.2736761729766286 -29.5384425274387077 59.7701156364846042 28.3836239636121093 17.0077377850982856 -63.9832368710733448 -1.0483755813462621 -4.3431563294186661 -15.3631914881075105 -66.1081479819351472 4.7774280142793710 -25.7789509360866802 26.1045704597624670 -6.5284577304361582 -20.6084376373987190 -15.1930723065400848 -1.2671843816116932 -6.6951050382987427 21.0599886792136637 14.7442900584354053 21.2467339941496860 -26.1624488852887609 -19.9925744748445524 28.9999510764915023 -16.6745454248362037 7.1828070792261265 -14.3697026892098716 -43.9353374287515663 4.3038307839078502 -3.8422827448820818 0.2446983680699586 0.1682175463211942 -3.3834685240343747 18.3709251500568485 -1.9388752898432786 -5.2120546612678593 -25.1631928332192132 -17.2469479451614127 -15.0614906365679868 0.9343910297808736 3.4726902220711211 20.4362780176866679 -58.0911493845445435 -46.4058651679484342 26.2305084849612342 68.6701558245435564 42.1155115822646025
438.0000000000000000 0.1938633733153934 9.0000000000000000 6.0000000000000000 21.3468484842866673 -15.9648505313173494 13.1738249301913015 -1.9878435504387353 -38.5529257131688325 19.5478556119926772 -16.0829323126662231 28.8847269254926289 37.0749867989399959 -5.9017405642649541 41.9047300133782841 -29.1729528915601932 -7.3332208801885050 0.9776311797779116 -25.7192831579741963 -15.9275564955756899 -69.5482270185692784 -14.4652673487664849 14.3767644943124147 65.7183262027001831 -38.1987440574914388 -28.5016161162472166 59.2000296422933374 27.1954913658116268 15.8657564998119440 -64.8674681795926062 1.9020440652997284 -4.7312979692512078 -12.2837637110183611 -67.5698315441812127 8.0897112718221749 -28.1909408275895608 26.2865783348260500 -5.8246325611102838 -22.6519057062904920 -20.1413559305180954 -4.7123457959825661 -9.6823984121149103 20.3874466723616017 14.5030376281384950 24.2913363303602239 -27.9521817667216013 -19.8667076529516962 33.2950845012625720 -18.6676556322693372 2.6860890035273206 -14.7533541664644616 -40.6007569992238260 1.5486035675512446 -3.1326353823033992 0.0600992029870728 -2.6573004074487212 -1.0551069994253088 15.7623641114654482 -6.8186517596524734 -0.4885025931619489 -25.6341257789363013 -19.4458138494858019 -17.0953940395021817 -0.2530444909265857 3.3631261468480176 24.0138528727801663 -59.2673860859652493 -45.3922815120071306 25.4641443480977330 71.1999487563326170 45.7232838838416384
439.0000000000000000 0.2114007900772154 9.0000000000000000 6.0000000000000000 20.8565542350507656 -20.2671787427005015 9.0921044874400501 -1.7320762809990118 -38.3054556013764511 21.4126797378654885 -20.4350401864622668 29.2104986183023065 35.7676915600401628 -4.7094421025585547 44.0268989292379018 -34.2479525500553237 -3.4390306425427548 -1.3935473982453834 -25.8769674956336928 -14.2191121293642926 -71.6448763093152792 -16.8648283172377873 13.8698523744214057 71.2909994471150696 -36.5850691938465857 -26.5362077199682496 57.7320136842568417 28.3147095714551469 20.5361905919260117 -63.1212006874304379 -2.9604508613563145 -5.4298095155375670 -14.0713073307609235 -70.6050847634621732 2.2940625655965663 -29.5383299656343326 21.9633017958295724 -7.7974710103454186 -18.1703003702502883 -16.9264957658874629 -0.8395876219856291 -5.9941922124102405 22.2996982143300428 14.1673558768332519 20.2107518044945671 -25.5814828595762691 -16.6306075645416556 32.2382256433656238 -18.2387013494013388 5.5971058384116299 -15.9783768471472065 -40.6633956409214790 5.7962370841271929 -1.6381896649813246 4.9389294424802443 0.0708589974258779 0.2179135419515249 14.4068560896900149 -6.0617172367300194 1.3315708978672518 -31.0500488594911097 -18.3580798441592918 -18.6171949200762441 1.4241071511546142 5.7929602497729933 22.0196306564944777 -59.1015367405355292 -46.8418828941182355 24.9094859573552654 73.4239290670751643 43.8445365300301475
440.0000000000000000 0.2173152498970410 9.0000000000000000 6.0000000000000000 24.0055847853315463 -19.7565471725016337 10.6104722873789044 -0.7489508610748379 -36.3563601747065448 20.6317194374097603 -17.0908250899456178 30.1654211828375765 35.9188269380482552 -11.1454256284426947 41.1931345547705874 -32.1256668728239276 -6.0209124458505228 -4.4798104649780699 -26.3442595661121501 -18.8865793867787204 -68.7056010918973641 -15.5490520292831906 10.5301802958816459 69.6948076412108293 -41.3150042734861884 -27.0589900376511174 63.2489110105713905 30.7169607947940335 22.0981000856002439 -63.4005876234323082 0.9610269919855801 -1.6135515886383271 -11.2045210459099387 -66.8357189153460638 4.6141260759788283 -28.2728657031143058 21.0685825717875943 -9.2677245780595499 -21.1046376056577039 -17.7067955009687559 -2.0582054245311929 -8.2736213409276989 17.7968125910851640 16.4769223714998390 23.5279291129788000 -26.5769581434671665 -17.4085336978288332 31.2239483954995904 -14.9575215705231237 4.7085194255264833 -11.0836807683129344 -40.2764970203065360 6.5271002975270154 -2.3572541850794000 2.9783649700130383 0.6049481161060009 -1.9238486999853062 21.2814388666903938 -4.8830866005740798 -1.5075248312816907 -32.9509823545505967 -17.1855465330792256 -14.8924993276445363 2.1860826567368887 5.2505355222660999 24.1845490236202707 -58.0801132620178038 -50.8293096236021000 25.2187396211148496 71.4663344135150425 42.9421846592652656
441.0000000000000000 0.2059807788581691 9.0000000000000000 6.0000000000000000 21.0808254355002163 -20.5004133901185561 10.5154879797143384 -2.6875342303711318 -40.7718655068769067 22.4217647803034978 -13.5900295942985352 31.2447766824637654 37.6691753979034161 -4.0540341712383405 43.3025545350823293 -32.8753691394448140 -6.1553161588380005 -5.4766232208894365 -26.4607475473846314 -13.9942441219456875 -70.5649901103435013 -16.1470376258835842 13.6738364717288121 69.7334932587805127 -39.6010439234190699 -28.4930847122285620 61.3306106699688627 26.6509829220811980 18.9817869028225950 -66.0023795045460560 -1.8192400663935437 -5.0704304520209753 -13.0266387697926689 -72.5417678806636985 6.0522460620046363 -30.3954992541518791 18.8969269626677132 -4.3358053071398848 -18.9627398894955732 -21.4930022234662808 -3.9816464894840116 -5.2553771801928271 18.7598731633252562 17.7252970717461196 19.3698861107121409 -31.0522421602590732 -17.8863177074495034 32.1034634215386205 -15.5240923461077660 4.5988671597891528 -11.3039002092905161 -46.1412330863195308 9.4569448440255055 -3.3434930531953397 2.7711051495901278 -2.3241599818141907 -3.5697047969216849 16.4686508233583915 -5.1904870454443621 -1.4138251285486321 -26.6058941947331640 -18.4147523042428816 -16.3248553323963037 8.0070326273593295 4.5204404932576789 20.0287192821698454 -60.6767885026642730 -45.7839576528766230 28.3091103536818345 69.5670080203481973 45.3209159546911522
442.0000000000000000 0.1874488184042603 9.0000000000000000 6.0000000000000000 24.2353588766725991 -21.1469242525742196 9.3637874604906486 -1.0153219462690437 -37.1825928510243671 26.1365644194541069 -17.0317392697670478 29.1005088440187016 32.0616725416750938 -8.2324392514572402 42.1051289510421896 -32.8490303923319615 -11.5695313198619338 -2.8137448020919091 -23.8962048194443391 -15.1703475021068765 -73.2910562864486792 -16.0698888376936218 8.5896782953092803 65.8054472928050700 -39.7448715216568047 -29.0495474242454677 58.6500169777390497 27.0794784824594785 21.8964037829808014 -61.8858354628402907 -2.0043060117406672 -7.1325472254866398 -14.3016366780421844 -66.8297812538380498 4.2370595940952853 -28.5580158637501071 20.7271572961259345 -7.4031626498065704 -20.6278661856176093 -17.1696424825309606 -2.2975330594334107 -3.2211520976615731 19.8301315025562168 13.3049874127524816 20.9735873231989878 -25.3245082997548749 -16.5540844967984100 33.8299916354097903 -18.2469513527689067 9.7331780846995297 -11.7200017367833880 -40.4203295186344960 3.7706243897674163 -2.2827275188015088 5.9120767958515330 0.6017868989822097 2.3962506541407036 19.5742879564428236 -3.5596062324349758 -0.4046254803875602 -30.8412055878525102 -19.6665677499387570 -16.1906577798284985 3.4361270548836584 6.0561049010167203 23.2001246788869686 -60.6948622666483786 -46.8552600847489344 24.5064255650598000 69.6844706699502581 47.5287662180679575
443.0000000000000000 0.1255830629715251 9.0000000000000000 6.0000000000000000 22.3553851973445674 -21.0122957966617996 8.7806174228344567 -1.3941510515981621 -34.4128210242933790 21.8936959330910526 -16.8630559989001725 29.5023212966715462 35.2223253326900405 -9.6303352523816521 40.0317439165128874 -36.2448170006334394 -6.4051731373859884 -0.5578896592881852 -25.9231355888149757 -16.7338744223970437 -73.2675614996702365 -12.0783348592007282 11.0914405225536825 66.3016190364963620 -36.6267635165638339 -22.5223278637490054 60.8204648815790421 31.8392091253205543 18.7021193920628903 -65.1493055213937140 2.2401314035010103 -8.5727300792263303 -14.8355865774542330 -75.1922304462379572 5.6510045077298887 -25.9540789698230547 21.6542168120603868 -2.6208398844644254 -21.8235421342732607 -16.9298869938247272 -6.6416728973352139 -5.3630935819322207 21.1870746081553598 17.0858897752739054 19.7383400842353574 -27.4840074260501126 -15.0985983192353590 29.5647970283198447 -16.4645354096729761 10.7695318327141294 -15.7784133937962494 -36.9913472336692024 4.8279377985586853 -2.4331394186332354 3.5349707158470940 -5.5558276226355554 0.1416184060807361 17.6258073815556493 -9.0289332295638545 -2.0284586920143526 -31.9153861472540434 -22.2376408211400971 -17.5451047945463792 8.0440132354260339 6.4440358536755555 25.7327169153184236 -62.6942997827918092 -45.7934588942738543 28.8582226801734762 69.8035125225241870 44.2836533996145221
444.0000000000000000 0.1431537121761139 9.0000000000000000 6.0000000000000000 21.5355375945496661 -25.2334835749674440 5.7909471525372318 -3.1822200372286620 -37.3142306399140082 20.6287322086626723 -17.1497188043215445 29.7368566812908952 34.5736665158642822 -5.5365366958314386 39.4309196582228054 -36.1683341320078355 -8.3278309761034244 -2.2361647629943899 -26.7535769492295792 -17.0708633850152793 -70.1084351715591652 -16.2607290411661651 12.7008501165736369 65.5256312942713066 -35.5220353077122439 -28.4897433602608992 56.2334965503379181 32.5045193686955685 16.7204003938288679 -65.0156217181895641 4.2538337523047325 -6.1197943724385837 -14.5106887152510104 -65.7767309310723505 4.0920404351775765 -29.1040218230829417 24.4595762444574234 -6.0751865208582290 -21.8547143216501354 -19.3175292193499040 -1.4275394914455926 -7.2356329623022706 19.5306891958910782 13.9034232208293780 19.7793893486294756 -26.6353364563850334 -15.1979965779633375 28.5538795373092356 -15.5484479607385726 5.9969669764149325 -17.8952290147131237 -42.3023242554445744 4.9755733650507104 -3.2968383190704951 2.3310324029782628 2.2365885201636724 -0.2195222752842408 20.4510998087167515 -7.8356974185830346 0.0022153098015196 -32.3691773863983627 -20.4338772361582777 -15.5270215505248821 5.9438771415546299 3.3557445852953043 23.6261625471882688 -56.1353292957773888 -44.7208337861894591 30.8382830145531415 70.3836651427869242 44.4637832032543230
445.0000000000000000 0.2580240057504212 9.0000000000000000 6.0000000000000000 20.6158368349096790 -21.7676088221637976 7.8430683637683050 -3.7935874234129812 -37.2720001741895999 21.3845631977808672 -13.8156769692495320 28.3187190850563262 34.3810189651499201 -8.3465059027583877 43.6736368852303798 -36.2913262966098529 -7.7586880080001910 0.4170684386979058 -27.5271493066517685 -17.2519819345891143 -74.7498991861192223 -11.9762322481611978 12.2310068228951874 69.5816488576055718 -37.5268190559919930 -29.7412280475419735 57.4262489870415678 29.2294719076282270 18.1124282794683396 -64.7982075008909959 3.2215138520628273 -5.8235251373676702 -13.7812360743195956 -71.1638524574847509 6.4703529891254865 -25.7862165525188090 23.8323586742793552 -5.1825428827141335 -16.7834448039017943 -18.6431030688408370 -6.1100397109636111 -2.7222484978720320 18.2760481237365759 14.3969776922843842 17.8346402462671136 -24.8217715397578544 -17.6294883874687685 30.0362848597639420 -14.0168837223360647 10.0721594990540382 -15.3159614909319561 -43.1862711702760720 6.0210329175145585 -4.3539342742521914 4.4407379590939762 1.3998646674130808 -0.3931997224809293 20.1058201869630686 -4.3606358897017143 -1.4827086805229444 -27.0991523713060793 -16.7904731118276089 -12.4641826046869824 4.2621259059358145 9.7900805132609285 19.4727748542598533 -58.1203699508156006 -50.9088615483197273 28.6752149711645252 69.2773260711058896 48.1336458135034846
446.0000000000000000 0.1999189791086853 9.0000000000000000 6.0000000000000000 20.1026153494169897 -21.2225388516167364 8.5351775224573867 -3.6367690278357712 -33.7052301670305212 18.3777276408143919 -13.4077403634344989 29.2115831630456668 33.1051708975698205 -6.1385613187712327 41.1026854885221553 -29.9329505483610845 -9.4919182370138060 -3.7889102630463194 -25.3241923401300504 -16.5792647613509914 -70.6210301499672255 -16.2563258773272139 12.7219865137500587 68.0478367151967234 -34.8042339508559735 -26.0487960826513394 57.8826273787212529 31.7943075194384193 21.0827967580777766 -63.3577487191350741 -1.6654102210947226 -4.9596891254097173 -16.3371246998639208 -66.0919688895872781 6.5370439729012064 -27.4558218463840547 18.5485871281799675 -8.1035292516801611 -19.3564953511207314 -12.6340533468186589 -4.2202694190556622 -4.8152015728534661 19.6792066469896874 15.6796839973336279 24.4597552410514609 -27.9565059493931294 -14.5041757312096991 32.3310889523956888 -14.7692252094970744 8.1825922218711238 -13.1721807550038079 -37.0920053873606719 9.3991964535471659 -3.5658468926549700 4.5920074094762207 1.0688058753362482 -0.9154613457444513 17.3153449802894137 -6.3319869650766609 -1.9075953845191440 -30.7500137689772544 -21.6787339322561294 -18.2094407808680288 5.5737691632115798 8.6345682588640127 22.6736760223291647 -57.6577108024965455 -46.1262138838983091 27.0444650936328017 68.0666108068960369 44.7796986066144385
447.0000000000000000 0.1404855558604990 9.0000000000000000 6.0000000000000000 19.9069341080212467 -21.4667152892589996 4.2695736477473538 1.7578850585728563 -33.8526820468932428 22.1699910124022921 -13.0296174627751888 28.1438692137852300 34.5698031284123743 -9.3638481607678585 42.1806582295107759 -35.0679141960568970 -8.2240765907999727 -3.2122121653932862 -24.1958154705993920 -17.6271051714207196 -71.5368991977005209 -15.9436002748308088 13.4749734818975480 66.0647518185533613 -35.7051227393033983 -24.4581947319055253 57.2677706692636477 29.6954414340116486 20.8241418047016680 -63.7016582217798373 2.7756558225417605 -6.5077287212057380 -12.5077901383322807 -69.1327948240126346 10.0990593222060667 -27.1654459428917932 25.3062782661240142 -7.7412870346686420 -24.1486751842568204 -14.4007137427699110 -5.2099462334749749 -0.7741818519805266 16.1395357368995782 18.7110033869516421 21.0135175732003887 -27.9650966457302594 -14.7943775431852895 32.8677039846855124 -17.5230509007245914 6.4397993609211985 -11.2756209439486277 -44.2153442940955870 4.4951038315138492 -1.2461865629677789 2.7398443618982258 -2.5039411644523790 -1.1085521294353340 19.8533234135717152 -3.4220952458394072 -0.5295178046268181 -31.3725886177578133 -14.7012144991559666 -16.1760115435544876 4.9867218486349723 8.5952434148363253 26.5017618363383924 -57.8625944285568323 -46.2044204828215967 24.6093781497562105 67.3956409241731649 42.9414991955605743
448.0000000000000000 0.1674801251812541 9.0000000000000000 6.0000000000000000 21.9955326422725541 -19.5822681104748852 8.3658031750356727 -4.9678017292301524 -35.1919850389578173 24.1178377305392893 -21.0106800232396154 26.6965960851380650 34.9982168113317300 -6.5321939337756350 41.7445314419503646 -31.4692795937361858 -9.1592623307324175 -5.6981349059615480 -26.9934337213247915 -21.6854185765250023 -69.8438794213082872 -14.2489175282148821 14.5197970323488814 68.1113409184335836 -38.6955149997901557 -21.7466133608505743 60.5378351080005785 31.4740599821799236 18.2017847531505303 -62.4348993048317382 2.1950183527425899 -4.2975500618316040 -12.6094908565412087 -68.6306407051061313 9.5185954202048570 -25.3239289961606282 19.1770769963028869 -0.8374347025864965 -15.8985314092311203 -16.9938172164036025 -4.6470762277838906 -5.2585785668766132 16.9019653217706001 16.4146014692427684 22.7660008839699621 -27.4711174864328385 -15.2114339008351642 34.5790989516940641 -13.6614179339156472 6.0430827306254216 -12.9964287707229893 -44.4879026017135502 5.7059893409275046 -1.9932282396055760 4.4741458550778264 -1.5592823679428021 -4.5646677415004984 21.7782079360313325 -7.6670682702627433 -1.7606686641862288 -32.6741474528939477 -15.1020331798535956 -16.4965189579480302 4.5856504592080283 8.8123127939719890 25.6997494396401223 -56.7893053372991474 -46.8531530266322349 25.0632160555470129 72.0146000091978777 46.6531550864910614
449.0000000000000000 0.1821420033799817 9.0000000000000000 6.0000000000000000 22.6673743825460221 -24.5932073828980151 9.3153888749004405 -4.5608176222116192 -36.3623122694668837 23.0228535752347980 -14.3299315076371929 27.7948349289028656 31.2106487659487968 -6.9791808236907436 43.6923554729759829 -33.1726586647396360 -9.3784782452759927 -5.2820215048096211 -25.2752783066477882 -16.0559808596666862 -70.7391433022693832 -14.6097879558005648 11.3621559572961246 69.2649867301586255 -33.7182355663572366 -26.4782111202219781 59.2704765913806710 26.7024130895783962 16.7474188967695845 -67.2676780024106051 5.2916128224284602 -4.9979672634428791 -17.6686569008450576 -67.8210654448381689 6.5041789436972106 -28.1624267685878102 23.8833499385320849 -3.9781776465714596 -20.1260099468015241 -16.7535295410117868 -0.0083841612711173 -6.4116231246493198 20.2232914129533228 13.5464300965737721 23.7021042614520177 -32.6031616601231775 -19.3152086500194393 34.4870048118646864 -17.4931954841456339 11.1155886191263669 -11.9758062783384247 -40.1853841343660747 7.8545543730992673 0.8108377196103644 4.3804750925827722 2.3842848825805736 -5.8745532128584337 22.5336308505476595 -5.2548249333258052 -0.3261323056831420 -31.6558476073121149 -18.7270052766815702 -13.9712031355305797 5.5892893865999369 8.9174490192878029 21.0569501789405535 -55.4403575655249909 -48.5946614921370781 25.1013549303723096 68.9157813111927453 45.0361597395576609
450.0000000000000000 0.1357000876655350 9.0000000000000000 6.0000000000000000 21.8311450156399118 -23.0436683558408539 9.8453915381262433 -7.8457705218288041 -36.3686184980093614 23.0181351844990623 -17.4484776803114734 24.5135946359754868 31.1386321414516232 -4.5233876188851880 47.9195020352697370 -34.3454284243912440 -9.0072714254137676 -4.7980171305900337 -23.3773658347695417 -14.1133954422179286 -70.1000891777054989 -15.0825620341720636 11.5073355869903189 69.2997302657697531 -34.2636151877008288 -25.8141117020844781 57.2567415131400352 28.7632427155532397 20.3222177470405541 -67.5695849714708032 6.2195138006109794 -4.3721348086228300 -14.1443835665901183 -69.9945700551467809 7.4206453365308818 -24.3361388955107714 17.1215449168344129 -9.0110586908509003 -17.0814475943559074 -16.3907886538697198 -3.8896836708559452 -4.7870239405558976 17.8273962536816093 18.1425668660981358 24.9591815807015145 -27.4386256062632796 -16.9072717969580850 30.3289148560517283 -14.9527079087623846 6.3601455842266290 -13.1182713189885849 -41.6250076375304587 7.0789352340379441 -1.5282163923585652 5.0009484528379389 -1.2997203148170762 -5.4014162328074669 21.7779180300618016 -4.9558549459097527 0.7050308235235652 -32.0997769003210465 -21.1342015496506086 -18.1519339778440987 4.6371206369469524 11.4882725669209886 21.8218501528538162 -60.3868039569354806 -46.9982110608914425 26.3223554254793264 68.6504321617622111 45.6227477193481263
451.0000000000000000 0.1977009249114405 9.0000000000000000 6.0000000000000000 20.5053444601679793 -21.0470505073162570 12.6855074750243748 -2.1885604682088577 -39.5369232924805445 22.4493181875921479 -16.5790361885492779 27.0239197085905722 33.8410244203647181 -11.0559539790154346 45.6734301227564785 -34.6817233007698178 -5.1226464526776869 -3.9389859997898444 -27.7946467436113842 -17.7073909526262732 -73.0855107223123213 -12.5534184180268547 9.8006970883658084 65.7304738725549953 -35.7043743718412401 -28.5371735180975286 61.8052386758691128 26.9215374926594890 18.9807543540788082 -65.5990574231809660 3.5720545009391502 -7.0385653643311823 -18.4548112785640228 -72.6030190239958984 9.8603583610463694 -24.3160263740324467 17.7557113411578769 -6.8728125205256996 -18.2733113629138444 -15.8651198949827172 -2.2845835351411887 -4.2625901279372576 17.9887027802894615 14.5919596145113868 21.6761901389437455 -28.1141160890751678 -16.0798782615609674 32.8463596471948733 -13.3233390377666225 10.2582151937490096 -12.7616590503405369 -38.9731843034578773 4.4084464513285857 2.0023494890093416 5.9600865308000550 1.3858901365887235 -5.4769922651834717 21.1955875643076119 -3.4574370577043299 -2.9459320625726191 -33.8170116803267149 -18.5680913535379233 -19.3452060877175711 7.4604884883461526 10.0689757207111121 24.6403671865175582 -57.5934945189974741 -44.3544849359786397 28.5156688759510040 69.7816577689649620 45.1357321510237242
452.0000000000000000 0.1342457488809028 9.0000000000000000 6.0000000000000000 22.9794219081683870 -25.2945074967274621 13.1190878046071049 -4.8000978051337500 -38.7184941069561717 23.7813866843387594 -15.8117195170320084 27.5909703263669641 33.3678202386599949 -9.4488408121300758 44.1384445919464170 -36.7993616795150871 -7.5882540677749386 -0.6092998754841279 -27.8277964767749673 -15.7934780790950615 -69.4820853644882988 -15.9553682103298193 8.8063014074638506 68.3306356971451549 -38.5491938783996275 -22.5474981878250134 59.7405649104015097 27.6133504361700055 17.3247602734357606 -66.9049494375045128 4.9616534245613781 -2.9462838394592032 -13.3817531186716057 -70.8049497187458172 5.6665542444128949 -25.3446315053463636 18.6245765172984399 -3.5018866990538928 -14.9637146889855153 -16.9306769285051608 -2.2363143919195743 -3.1000928235082599 15.6931428433332627 16.6901030185321133 20.7917406236565938 -29.0769701753704624 -18.5382780848518642 31.7392600258146800 -19.0446394149038944 6.6351556412622266 -16.0798330431666159 -36.8851775564425495 3.5593755151461841 0.0944897049593199 5.9110739977365885 1.7701362455626604 -5.6299940309128429 21.3556128708863930 -4.9812889865040972 -2.9773251339679776 -29.1242293667963281 -18.3224196893489690 -15.1627991227164003 5.4348623015744391 9.5579277438475820 23.1512761464860084 -56.8321353857373737 -45.3669794549427507 27.9709507651850124 68.6499944933505333 44.6511364208030770
453.0000000000000000 0.2082239669460526 9.0000000000000000 6.0000000000000000 21.6088698192875484 -22.2075066529368890 14.2908187599443472 -5.1920598199210310 -32.8215420121616148 24.4615237008536823 -14.8802751569604048 28.4336282509941078 32.6187763548385448 -9.6356641857595662 47.1918899270744845 -31.3675988080268340 -10.0910028972267014 -3.0357515593466786 -27.8732490253039735 -14.2153688848114577 -73.6117667708537482 -16.2795373915056736 14.5896137528069989 68.4469915852806281 -34.9651524978918005 -26.6403576044242634 58.0439957476846118 30.1775158662945451 19.2474632245284312 -65.2041677718035970 -0.7668997974550336 -4.5893510678190292 -15.9254488886855015 -68.6664030324083683 7.8856905973670059 -25.9239277801870429 21.9191702329601235 -4.9355788166127388 -15.9889497901668278 -17.4845000116194953 -0.0597153309350635 -5.3542505696349512 16.0832186289663497 17.1389045261743718 22.5771640490928682 -26.6948405317240862 -17.5926001369525089 28.8641369757627331 -19.0299890739788822 10.6699183149761829 -14.4230462861781898 -41.6542925652705307 3.2086330625079080 -3.1819561361323236 3.7455373379472992 2.0096550255824392 1.3070152981892607 22.7580967761714454 -3.1925335709335494 -1.9102863003687467 -28.9239109233292169 -14.9448950167673509 -16.8270423746246216 5.0911833400423205 8.8951769888196353 25.1270139277872957 -59.7835373928433143 -47.3417074343044817 25.4694285596146379 70.2004292920141921 46.5492126175226204
454.0000000000000000 0.1456280423490104 9.0000000000000000 6.0000000000000000 23.1378036501955648 -23.7956796977226972 8.9570531331439156 -7.4227588256523820 -40.0765056583638284 22.2698922494127025 -16.6303383235613325 27.9857408413592808 30.1039115448254506 -8.7616026705112642 44.2564512393481664 -34.4946178760475490 -6.4299347696833609 -3.8028147401496613 -28.3399222045763963 -11.9729010994643232 -72.5103033471872891 -17.3458322966741179 12.2849602006197820 69.5863534632554348 -35.4257788694069191 -27.3065442197173880 60.3372618084381429 32.4138952209278983 20.6027033823486221 -69.4068203935078998 1.5617840015925881 -4.4011607369991452 -15.1635896083565385 -71.3862040882405893 6.3196475480549044 -28.5162800595973280 20.5827927621460347 -3.4588999650645782 -16.0108300534744927 -13.4735038803276854 1.2429808755336036 -6.9256256653061516 14.0731253878047333 15.6115098968940700 19.3929971887971178 -29.3247329851140925 -11.9619798488469034 29.5384002161345336 -16.7014284135649866 12.5596231476203766 -11.9443922227935744 -40.0588419047180153 3.3554008620235352 -0.5758468952253337 3.5084386098364391 3.8260598661448371 -3.0377829958789566 19.9837556005020929 -4.9189298974271018 1.1635702420447376 -33.8598653215050760 -18.4459020188068266 -18.9809844777192112 1.4989692882200281 10.5073225792074858 16.1737389518536148 -58.4751876500573005 -46.2531784930530421 27.1224301032470620 67.5063789574482342 46.3510978572147465
455.0000000000000000 0.1513792048980471 9.0000000000000000 6.0000000000000000 21.9853648212883215 -20.2603659124315953 12.6988727876398553 -4.6230456583703381 -36.1630968319230988 20.2424178668734989 -14.8921556224785228 26.9751504641862496 32.8357152344442511 -9.0924432764174288 44.7487384587420252 -35.8483827673090119 -8.6550276864132449 -0.7535461847598559 -25.7468499157055000 -12.2982070292959804 -72.0386866241041162 -16.5089494910044507 10.9855079876339286 64.7875675295614144 -36.3963635238982519 -21.9274353431385620 56.0163593325141207 26.4449439326723663 20.5932653783779571 -64.4760458687236166 1.3650172475939659 -2.1407485162325939 -15.4288692813964516 -72.6563023067307796 7.1843201048209924 -24.7698861133543211 18.4580866330755278 -5.6724388940451105 -16.0256404716891971 -15.9279187295629736 -2.2410287619401523 -3.8801693772472827 16.0710830304362986 16.8321700539025016 20.0836600610255367 -30.7665971544631986 -13.6078472553624525 33.4797554851434498 -18.2923094394619596 9.0243849817954036 -11.5636380068250659 -41.2645811303110008 4.5132496357505438 -1.3528718542487308 5.1555054900863801 5.7526463929750751 1.0056798892936574 20.8556670121360668 -3.9785182862248414 -2.9227836525204238 -31.2572037164837759 -16.1220940970598612 -15.9587763934625322 6.6316597380791489 10.4626936734673972 23.1850938539831546 -57.1925982312993071 -45.6289460022049482 25.8943675403981572 66.5695854371444682 46.4006772076631648
456.0000000000000000 0.1516199024273732 9.0000000000000000 6.0000000000000000 25.1890245850835583 -21.3476347999885263 10.3188123179563345 -5.9163185314918989 -36.5286106808799360 21.6837550273645334 -18.2465792962271500 27.8124146411714577 34.4553386516578470 -11.1848405786162175 41.4972508247614584 -31.5202694759901298 -8.5717105896982666 -3.7984688538378935 -27.2743550888796200 -16.4662325803005807 -72.2514342050150731 -17.1255994882530977 12.4331622155762798 70.4737200808432078 -35.8661876667674591 -24.6849114357016397 58.7203451941483436 29.6569926003012938 20.1658554747908489 -69.7861014479182558 1.9269020936890842 -6.5268175896794691 -13.8028503274250820 -68.9245909421037766 8.5389896731132282 -24.8569740339585650 19.4429457236794008 -3.1331811049100207 -16.9297942200809430 -15.1660509777790864 -2.3997281335979781 -3.5962683425815398 16.3495132885096730 15.4991148462884194 22.9591507421746961 -28.2828489602622071 -15.0103596740111858 32.3571229906570323 -17.7813743036811935 10.7977595958257009 -10.6098895054904467 -42.4211655438154978 4.6961597504761494 -1.5306999597292639 4.4634883744983167 0.0832896643943073 -0.8642302476687036 20.2465471039577700 -5.3598431273549521 -3.6276321226342834 -32.5051314633778787 -15.8061787736819532 -15.4183362065636800 -0.9723044385030533 12.5895622238476594 21.8660425194534120 -56.8535576876687401 -45.9249290581209166 29.3279263911214478 66.7677204015339356 45.3349134462774117
457.0000000000000000 0.2174298233606114 9.0000000000000000 6.0000000000000000 22.4386383680739883 -20.4014206599674282 11.9907980217499865 -1.1338100624483642 -36.7860638629719219 20.3539255112817870 -11.7112215310052754 25.8052238109603813 33.9056225648297840 -8.2646064529707601 44.8361075872282342 -33.1594748691881804 -6.1125628401720551 -6.1495704781067637 -28.0109595394069935 -14.7340295921956219 -74.7935737106461431 -18.7152998846314595 11.8991015788120542 68.5403393384688826 -32.7824688633940724 -24.1444761958911371 62.4663431141606154 28.9636717929096328 20.5747401390939437 -69.5692008479737183 4.0225037872471727 -4.2221127167933901 -15.0656875493842186 -72.9041916163168935 8.8166032450361644 -23.4815944234886658 18.4135233325552505 -3.3901760311182891 -17.9323995398614429 -13.8530055451759839 -2.1759316770057708 -5.3431901551973935 17.2852604142248865 17.1800996767169565 20.1141731523864777 -29.5951408245033285 -15.2328766381825549 32.0752436845739908 -16.8844032299109799 11.5514898773143120 -13.6852827896375970 -39.4111184318985579 2.3601910134142767 -3.2999584593874527 7.4523444247986266 2.1403929561316377 -4.5868563645821254 19.0469061647467299 -2.8323560958382976 -1.0800613463935342 -32.8373411634169656 -16.3993272229892639 -17.2797673402990064 1.8077331450152476 8.6632856390419342 20.0070345741247628 -59.8555238840725821 -44.5702706007992902 29.2849962262390271 70.3808049348209579 48.2187734083620398
458.0000000000000000 0.1423456218573670 9.0000000000000000 6.0000000000000000 20.6855514409483732 -24.1605548085195814 10.4573594243861514 -3.1385911624050937 -38.3463109178740353 22.2287903553262360 -17.8197625203099292 26.2591505260427702 29.3079950214143388 -9.8957686205849225 43.9380428332985389 -30.6126265218868099 -7.0484066582037430 -4.1629423778407268 -26.1422846678829757 -10.4765798636180012 -75.4601947828534065 -18.7278777590945182 12.2282306308743500 66.9033925032362333 -38.3770157993257257 -26.3080085879112247 61.0313875588991550 30.8058856314291383 19.7393099349359495 -70.4318559596338218 5.3613511734424097 -6.3092976747989136 -11.8579689983000129 -68.5805356214405180 10.1191382625629327 -26.0343989504082778 19.7143427880737825 -1.0854189439489970 -18.6119680905065152 -15.2925687735905314 -4.8622596747098630 -5.0396387655013637 17.1609118632995852 18.8729363722454337 20.1689601078310332 -32.6043698238455235 -14.5713502945499691 33.8622830627448224 -19.3858720993128664 10.7496637627350182 -11.7669058819154522 -42.2811134002443225 4.0687895767243241 -1.3274582978097316 3.7802800372826075 1.5364532155354060 0.7551689564946675 20.8438535657933741 -5.2622924867303622 0.1923539446466527 -30.5571998231534749 -13.8589056104524442 -18.8443026848053705 4.4245546670010087 9.1720363747534996 18.3775926784387842 -54.7046831819600641 -43.4247168398348222 27.9430176020380046 67.7615931605016186 43.7217922126419154
459.0000000000000000 0.1536666436264525 9.0000000000000000 6.0000000000000000 24.8945754682875275 -22.9354171545413905 9.7198024356100472 0.1253389833373202 -35.3241706137457356 19.7612277005975088 -14.0535375928714981 26.8353426835833702 33.5654214491793752 -10.0746503963967520 42.4793389570377968 -31.2042095223539313 -4.4001482767655142 -5.7669604501982272 -30.0744965486662039 -14.5112352428466700 -77.2794868624481524 -16.2241599310868629 10.8878717894092105 68.2339550072179009 -38.4243390826584772 -24.2832284685923447 60.6953036905442360 29.9587445914870436 20.9611594385412907 -66.7648590415243461 2.3870742853634730 -5.4816670570439783 -13.7140962827428172 -67.1872866295174163 9.3934509518156997 -22.4772995134901379 20.8943341163969976 -3.2800518549261395 -15.7645289234274095 -19.5023764776247006 -1.2968499464292931 -4.9484685621246669 15.1927697422381325 16.4681693150429176 21.1688112177842491 -30.8199525542235513 -15.0358757868846507 33.4528771758471137 -22.5188167783906117 11.5430390874014943 -12.1029820832161530 -44.2634458796396970 6.2931327404481650 0.0118441579690791 4.8836365654555181 3.1951210062307109 -3.3923818627416900 21.4724326710410232 -7.4209726200592225 -3.7091145943227737 -33.7632283644671034 -14.0887924804545950 -16.0968007727014353 5.5795999896749855 7.6121299779928977 21.3417030496810796 -55.4582015488375717 -44.9972261650340499 26.0366866455383636 71.7519156186236842 45.1533783602687322
460.0000000000000000 0.1311250187419947 9.0000000000000000 6.0000000000000000 23.2563470877532978 -20.9648698553508055 11.4359501226429323 -3.9473744535059292 -34.5795274015921166 19.2011911872540217 -17.0765108398894476 26.6853607938927837 27.9203499122125258 -8.1232919707055196 40.6497288414246398 -29.7749104394110233 -1.3438840831740198 -3.5646279642126353 -31.0319454126205763 -15.3888601474758548 -75.1716979896576589 -16.1176290309551540 9.3424134748620293 69.2636782805233224 -35.2249106207206495 -24.2880366654006181 62.2990210453860556 26.0454391727417516 21.6065687044277972 -66.5559686983695400 1.1143837975152850 -3.1739768632156533 -14.8390855304967761 -68.5912886239331243 10.2633339774036560 -24.9906377260199442 21.4230830634892300 -1.2666541250065839 -16.2304238350462633 -15.2277267411065900 -1.0346511841711139 -2.1451570642196915 16.1442772671817281 19.5432753450879346 19.7032706356644063 -32.2379019518670589 -15.0238102992331353 31.3596343987855235 -18.4114363876074698 11.1786510914494439 -14.0537870270965133 -43.6798165325272194 3.5193027139556201 1.0561056573955994 4.3684341267438391 0.4928246053557761 -0.5059763821072211 25.1459897000794150 -8.0748900178841936 -2.1896162398362669 -33.9530897810255752 -14.3961685486543161 -19.3063981664140698 4.3147851292848589 9.4016825378690143 18.5029332729073737 -55.0796889513339849 -44.8124413148812621 27.9720322249511604 68.8436176313601607 46.9661964866650408
461.0000000000000000 0.1448426243289810 9.0000000000000000 6.0000000000000000 24.0325556701882199 -20.1483431619786124 13.6831996331882397 -0.6972704026894472 -33.1805876751489990 20.9035969643905304 -12.8748754488482646 27.3099010784803760 32.4094372788926179 -10.1226273840262877 43.0574844290211445 -28.9543229651738514 -3.9519846936200476 -7.8091441041933773 -27.9138956578161057 -12.8732703848300005 -77.7212999130778712 -18.9315687989146220 9.2874454125801460 65.9392954743451440 -35.5261289461788934 -26.2119204189957777 62.5352141071329584 24.8484146701940318 21.9910154548681334 -66.8538364403920298 1.7230980707125667 -5.2848945413795914 -15.3766678713601994 -70.8392266930125487 9.1934890891488887 -20.6709375586174602 20.7018203538736891 -0.1027561791016947 -17.5259335446611999 -17.2170391797925646 0.1273066565517109 -0.6968762621280038 15.6718252199777250 19.0003613336871915 21.1595427411990897 -29.3593008919816185 -13.0320108757349278 27.8645875853781959 -17.0180940366201945 13.2663057544709897 -13.7203507894484478 -41.2793423679892015 6.4965722577295164 -0.0802951920353322 4.7035413134166797 -0.0528905106265920 0.1324080850153652 25.1296044203615452 -6.7360374676622037 -6.2252947735539488 -34.0809090833966692 -15.5392883530902637 -19.7832265843243817 0.8620057513559081 9.6814654710655539 22.1162712014866401 -59.4016752868743296 -44.3149643853453341 26.8382969623629748 69.4076093925799853 47.9148419793854004
462.0000000000000000 0.1505671848833550 9.0000000000000000 6.0000000000000000 25.0359915141080478 -24.9787259085482773 8.4542136424178658 -2.5867340878709317 -39.1208575169357573 21.8556761723369277 -16.6799271969324465 28.4610504876023178 32.4611717497426895 -7.2542473108419072 40.6643571412491482 -29.7134082864147402 -6.8352534576235389 -6.4197401383672474 -28.4373945308277776 -14.7712882953434637 -72.8138323250035597 -20.1891843250741978 12.7177122824300994 67.9034597889212961 -42.0891751294966383 -24.2056662838190775 62.9939633523210389 26.4615661235577733 22.6721656867181665 -69.6427604115016408 2.6327414056750769 -3.8983592041775945 -12.6987687281937802 -65.8987078045030188 9.3483118849988820 -22.1119361135911916 20.7709316456854189 -0.9611609143855354 -17.9777861522437732 -15.9604114600599054 -1.1015029408054380 -2.1283840351887338 18.9080414598737505 21.0659463503880033 20.3842141068782503 -31.5386591538339616 -14.3621481326365590 32.5899590425770214 -20.4566602289492607 12.9364466298928136 -10.1187197607959511 -40.6294633438932706 3.2229612830916872 -0.7432670460290387 5.7964005429008099 0.0327998787877004 -1.9422178578979312 25.0481312322857086 -5.3595277093545830 -5.4052073207945082 -35.4240267312866663 -16.8150473643763334 -18.4788781718777706 0.8454732859576395 9.0854916045690519 17.0261065784590322 -56.1706464864438715 -46.3428263129568663 27.3328544934132118 70.1755388206732675 43.4947341946995323
463.0000000000000000 0.1248675421137543 9.0000000000000000 6.0000000000000000 23.1479475141110775 -25.5224069872620909 10.6680239261893046 -3.5292188378565541 -37.4276043685892930 20.9431680189457268 -11.4511503432205828 27.8406277686930430 29.0525418058612708 -10.9418733282848546 41.9577323061582987 -26.9113149848847826 -8.3456650068871134 -8.6083030569689889 -32.8616092302130127 -14.9475262221493104 -73.5807177503128855 -18.6212053789994592 9.5696495524618577 63.0157683066267396 -36.1378272451955382 -24.4535024646174790 63.9977749628377026 28.5656000470576927 21.0042364615804757 -65.7257022667187130 6.3535564853447255 -5.4345584135592748 -11.4645063521229069 -69.8891983979427920 8.6699538603137256 -22.9491963548234672 21.1055489857868430 -2.5457423117684095 -16.1328850731295041 -13.8554950417866749 -0.0482941527536880 -4.1900951698623539 13.6777966775603943 18.0244672741175407 19.9821927174185916 -31.6729525926603834 -10.8276604120445903 30.5958379556936215 -20.9019820003428052 10.2695262190463747 -13.9204416230734065 -37.5402283912974326 2.1059115035170830 0.0192825213681715 2.7977757013190985 -0.1114344458138130 -1.6212035610152340 21.5880218618132744 -6.1077465271753946 -4.1825590054042951 -32.5484068377773994 -16.6667360849587673 -14.8843056004208982 2.2855244850125245 10.3700255679560360 16.2378359068554055 -58.0315584052428903 -46.1213080040386956 28.5333444263819409 71.4517605570495107 47.0374621465941019
464.0000000000000000 0.2362922537933089 9.0000000000000000 6.0000000000000000 26.3091931810722741 -20.8847878556972901 13.9100819560453761 0.5712934645668684 -33.6756486891228164 22.7982975393262421 -13.7623769973409402 27.5933975647418173 34.2970906722054849 -10.1863799552429946 40.6400749181469791 -29.3072043462627754 -6.8569654578956678 -7.1567047928710075 -28.6582323623796249 -14.6167664055596251 -76.2409216875086173 -16.5261156629287420 14.1047450181884244 64.2085601559892041 -37.1155361297741990 -27.3307129415229113 64.9977760940946609 29.1315155952847853 17.9580680002635980 -65.2777954156729265 2.6172943465902980 -4.6145865304628941 -15.9078506203860961 -68.0521511284465106 9.6725833382285682 -22.5772595129167080 21.7654169441966694 -1.2012236257770954 -16.1181334798071738 -13.3678504203951594 -1.1690638919956386 -2.1181191803767945 15.1548021201111425 17.9925521347005954 23.3776025191861869 -31.5507653327220368 -10.2728365693631432 29.5529264680944728 -17.4546766327589857 10.4916252548994056 -11.6664962659827776 -42.3938270107586135 4.2616684730932430 -1.9882794952406788 1.9239455213313983 1.6177149660606771 2.8412582592330660 24.0446511507006022 -9.7467744796113358 -5.1989872878151377 -33.9492905717654736 -16.0865901334762782 -17.4706870281548632 0.4110884998895190 8.8911968845614062 17.8248713178442237 -53.2263181900779969 -47.1210159206170758 27.7578140004572163 66.8713056472953298 48.3954231727004824
465.0000000000000000 0.1192341331397717 9.0000000000000000 6.0000000000000000 23.8582637924224237 -21.4256256195547756 11.1530028993868413 -3.6550959768345059 -34.5218884684520475 20.8434640262122350 -13.6447685945566413 28.4004465151026046 25.4252978100797655 -8.7061670120062526 39.5390310342674098 -32.3261874244781922 -7.2907963489167713 -2.1621425878462239 -28.6862375459856374 -15.0928625833625887 -76.4103610880398492 -15.5722361419434385 9.0956720199966163 68.9848919239522331 -36.8083071299967131 -22.5309853469528605 65.4270989246975176 26.3126559618363700 19.2786318041778770 -67.2521304528975037 3.7113763891676648 -2.4908024944660063 -14.1834172025157912 -66.9734545233390577 12.9143923899409252 -23.2063866659142732 20.1529349452012845 -1.5645644204472655 -18.3396547228826741 -14.4980810754432241 -1.8643915767899997 -6.3616632749729769 14.3813343343361346 19.4809313347284316 21.5298967305810933 -30.4845287681391710 -10.1553437548643615 27.8994203373971423 -23.7311721485147018 10.3974541830918330 -14.7489785891964171 -39.8133228788123716 0.1707895188909441 -2.1693978153391011 4.6247188566530681 -0.3402984007947176 -0.4380956642522158 26.3841232145967481 -4.6853540343293982 -4.4341711924385177 -31.4242887593665685 -16.0923853645639525 -19.5884671253249785 0.3464064886162437 7.6489254370497468 17.7018416947717228 -58.5721451219167832 -46.3891909464190917 26.4954769537413846 65.7987179379888261 49.0962710179638506
466.0000000000000000 0.1207286167260280 9.0000000000000000 6.0000000000000000 22.9104260558303494 -23.0477890937266814 11.8707481050312964 -0.1153596818610172 -34.3846470636014701 19.5343592899086254 -12.5351600291685550 25.4908263616934079 32.5816564338056551 -7.6074115485593152 39.0477764775892950 -30.6718193005993598 -3.3363232343891598 -2.7457255713530362 -30.8146172057587187 -12.0686095646792868 -71.9551912944351386 -18.1444548993894870 13.0356077280500688 67.7928372858678046 -36.3745768846194082 -24.8005019609913298 63.0051971538097959 28.6609584528521850 21.6520135911911780 -68.0633789760321548 2.1067287808845023 -2.8581422279721211 -15.6396497034978417 -69.3460514135364434 11.0002461088459302 -23.3936632704549332 19.9268891155817798 -2.5129019827717629 -17.1457696702488178 -15.2977606750965656 0.4560644628068311 -4.2955694595261233 12.8448742854528284 14.5318303288356798 21.9330819089667344 -30.9712427706770654 -11.6269742434911763 30.5392855009929001 -20.0835181847990221 9.3767694277831346 -13.8825467262133397 -38.6548381086825117 1.1940613150718358 -1.9382461752267570 5.2356888339589611 -0.4587966351112377 -2.9099163365515119 23.8049274688226973 -4.0066412977214494 -2.2538250570235254 -30.3839641681817092 -16.7764823953931135 -19.0029704026849693 2.1877942523815594 6.9870423745455117 17.1188471622793266 -57.7652311493145874 -50.9308581468556483 29.4080975093602710 70.6724185706631687 47.1706411077334238
467.0000000000000000 0.1341681211763031 9.0000000000000000 6.0000000000000000 21.2249646256755682 -26.9210072249721719 11.7318849563163621 -3.6049896606180072 -37.2740615570455276 21.3880418379045381 -10.5801194196338333 24.1675877994042168 31.4362430621015072 -9.9137492508917440 37.7608979240128093 -30.0853169048598694 -4.7382969042113965 -6.2268185643055034 -28.9402797802891918 -17.1878492188036098 -74.5169627277157502 -16.3825105917622373 10.9864636132780387 70.0108048625628356 -36.8408007030526292 -26.4222951722305197 63.5497285141178807 26.4948370736645487 21.7941801981395074 -69.0271323843909670 2.9218021667023244 -8.5873319942280339 -16.0827297912467948 -67.2721488749748744 12.8787355030051707 -21.7782747443527143 19.3642061806926513 -1.4210809298494951 -18.1592170530118366 -15.6407841706562092 -2.0379545379129400 -4.5488918428485210 17.0922663658082143 16.7858712273255648 22.6593720351484826 -28.6499476849612336 -9.2250633973706044 28.4453452919173273 -20.4178712450476922 10.9130471250531986 -13.1512055078577887 -42.7275647655090509 4.4779484095233704 0.2713092863083053 5.9370242634934787 0.4884595642750791 -1.7978399641593650 23.6945481093913592 -5.8225544354601846 -2.4883975821567215 -29.9562143290239220 -13.1247850585849140 -16.4959345871615213 4.1608247327505365 6.0413240455563493 15.8279895568091167 -56.1233148127105039 -47.6203452574697081 30.5742192542065645 69.8051591839587928 48.1348077285658036
