0.0000000000000000 0.5344758421094210 6.0000000000000000 10.0000000000000000 0.1222974094818814 -0.0060138735500256 -0.1317012627502480 -1.0154465155468602 0.3032191425122203 0.8059370109620090 0.4058495924869587 -0.3350878812130774 -0.4200502025290208 0.5872125991999744 0.5574371565490187 0.1738368128682006 0.3186875849814198 -0.7246451391416719 -0.0621643682452804 0.0260403712544605 0.4012846040766932 -0.8465579682937424 -0.0840508339376257 -0.7904070249713574 0.3023669471856706 0.1332494944479429 0.5274770958203034 -0.1473035806023115 0.3025975448668852 0.4060526027512150 -0.4270253250713921 -0.5619056426886831 -0.2084733188697992 0.6951431672411189 0.3971344008581890 -0.1512251468014948 -0.3766244673386469 -0.3679410565089338 0.4622384626328933 0.6673246943166802 -0.5128691955136107 0.3274643704914586 0.4065515323761678 0.6371435174798125 -0.5198596709209586 -0.5486799644828999 -0.0626776739454343 -0.1249561667593828 -1.2070786742455610 -0.1309081085283013 0.5196019482745895 0.5739484158754639 0.3595760464195142 0.3169930731162824 -0.8986928138514660 -0.3557543371930757 -0.6943013832639904 1.0372261791624364 -0.2831963717720947 0.9900493274084888 0.6045221972204460 -0.0155680782859648 -0.1216817024516408 -1.0204397091223738 0.1843596012965915 -0.0368211573434282 0.1003700372534330 0.4427041169556620 0.4892236789622454 -0.1160462563502746 0.3259490173101018 0.8884387514652272 0.0401358002685209 0.1697916748904317 0.0799974979073890 0.0153748482401191 -0.2482961038146521 0.6950652118004197 0.5337177394217423 0.5725931203465328 -0.1618910101146504 -0.6885879626670209 0.6238316281292046 0.7507589776320150 0.9544862869698245
1.0000000000000000 0.5327337626915508 6.0000000000000000 10.0000000000000000 -0.0303993887424038 0.1410620222591674 -0.3808204011661289 0.5792159221521981 0.1147108418856449 0.4823866228689331 0.4814039451044166 -0.1230496571409182 -0.3647029516507358 0.5476013930364256 -0.6069595037785681 -0.5664513011346227 -0.4269009476015573 -0.4769141312764260 0.7840380613187179 -0.4516119389238956 0.1852343993826409 0.5810367885961770 0.3886489382923193 0.2258066650693925 0.8418798000503460 -0.0913547896548586 -0.0561008052304947 -0.0162412613919855 -0.1905619577499766 0.1545734680229258 0.3405421832981805 -0.0211349733110079 -0.3020643065483699 -0.0456929964734041 0.4922913189588142 0.1935498632125562 1.1788767717602546 0.1679199844066009 -0.0114445042724495 -0.6140872710235942 -0.3973869643804621 0.1078709892187777 0.0860265476195128 0.0454008990901056 0.6042333985829937 0.1503403590893013 -0.5690153076818860 0.0232280397136128 -0.0368900692476278 -0.6880090571223111 0.2976702660884112 -0.2410860287518521 0.1438775544181784 0.0650421494693778 0.1393517197998654 -0.4873951061291411 0.2719082530841684 0.7456421805379889 -0.6944801331716250 0.5955884700968425 0.1093557090422140 -0.1725586861557830 -0.4945498712426052 -0.5146548999154942 0.2312655916377986 -0.2690908320572115 0.3058497590191990 1.0207580146911275 0.6996479311862077 -0.0069301992781837 -0.1474309794048678 0.7371768772485457 -0.3277753124762838 0.0931124685130923 -0.0482282960094629 0.8983533171828924 0.1805420049026023 0.9197056763672251 0.5701729754376040 -0.3238297925790619 -0.3514855268755026 0.3019846302947585 -0.6231828064443251 1.2437764356735981 0.9973828995936809
2.0000000000000000 0.5319484295188683 6.0000000000000000 10.0000000000000000 -0.2292061816750461 0.8291274845761020 -0.1465414973693377 0.3095268454575462 -1.0385954956356336 0.7077862409451819 0.1310423665810631 -0.6162097925284616 0.6338370671012145 0.6138326496539955 0.2913894194465670 0.2234024521860836 0.6711036461611950 -0.0433537234269384 0.3395375992973463 -0.7184723070972843 -0.0888781390501932 -0.2808146634041828 0.1678227859844552 0.4868335281031272 0.4437915649554930 0.6451387702888535 -0.0729391785909518 0.1882164156004289 0.8506720796623550 -0.0761867067875846 0.8195383932223008 0.1703475723913293 -0.1387968216494611 -0.2933156127902045 -0.1407249066535336 -0.4037238654334764 0.5535479568233644 0.1935825661470909 -0.2852661241620694 -0.1138928716457877 -0.4373049951397451 -0.5359443967040307 -0.1324392584594200 0.8380655682975734 -0.0988150494049435 0.1552033768939566 -0.7319487145381681 0.7169784967308277 -0.1494489098842535 -0.6632579205311445 -0.7470606015889749 0.2840670021019182 -0.5982742475606935 -0.5497343690461689 -0.2774087210920285 0.3035584783111439 0.5730514349504935 0.5692941399160820 0.4204205938463192 0.0709704539635580 0.1589136219631446 -0.3088791816267340 -0.3241174067307886 0.0364480954647050 0.1406442106160263 -0.1874089183020755 0.4539380033452945 1.0014020552893932 -0.0362709827920529 -0.0619131581373826 -0.6919810058850406 -0.4216028395968868 0.2503149889852476 -0.1788652238389324 -0.8612454682391530 0.2264002706483141 0.2213088297260405 0.4178740560909044 -0.1994101530054865 -0.6685724149092979 0.0186216036646604 0.0640748363168845 0.0162905406150311 0.3044256766475424 1.8095710847347806
3.0000000000000000 0.5308879430059429 6.0000000000000000 10.0000000000000000 0.5357952935598252 -0.2462786339484274 0.6071807880930259 0.4274225474248565 0.3635480961427307 1.1161253622911884 0.2300501455856510 0.2324270126368415 0.4011067698522026 0.3859522782961224 0.4259871298411435 0.2705200725667865 -0.4294917044444485 -0.5208961114472922 1.1821697558364086 -0.9045652720493691 -0.3320736115787628 -0.0239546797430211 -0.0549358848830000 0.2903040117650729 0.0534466638852225 -0.0996240022305695 -1.1058011552150722 -0.2580782647507774 -0.0429820840397512 -0.0562808866640606 0.0162119233721944 -0.8129468683819788 0.2904746944817498 -0.8507079755279324 -0.4796479137273602 0.6448710569547718 -0.1854844070776681 -0.5525096210051741 0.1024926290134640 -0.0986418532959447 -0.4354269395562069 0.1296339187278361 0.6192166410743142 0.6662026205285432 -1.0512631888487243 -0.5934624640658311 -0.2316303741605547 0.0765958062392192 -0.3362286462918020 -0.8366160994935051 -0.5540452788247489 0.6576690775207925 -0.2442871689658741 -0.3736218970094211 0.0154828410858695 0.3473828768464434 0.5165671543562992 0.3362799920302220 0.5745916493909530 -0.5455509375596312 0.1822272605513962 -0.7646844793745493 -0.1142610732645351 0.0454176982236121 0.1381436865165993 0.5575538081913997 0.2516035294892607 0.0080527793289650 0.0016625180825276 0.1873659674671654 0.0756378001762438 0.6108523032600287 -0.2257371910769279 0.5959159754829231 0.5457514114846407 1.2099409030578616 0.0251827848654826 0.7497227671430274 -0.1124516181092430 -0.1624070228298409 0.3718045156048073 0.8068136208952152 -0.4222708478831920 0.4201857727854867 1.0709414930027019
4.0000000000000000 0.5295048537586224 6.0000000000000000 10.0000000000000000 -0.9066262298970507 0.2893933935729018 -0.2000186798728045 0.2147282339820345 0.0986713305446070 0.9136139642996903 -0.0218826085964628 0.2328800715404332 0.6106579383925856 -0.1767750012642767 0.5185020039687763 -0.3420897185262974 0.0962383137093987 -0.3989239643922127 0.9576489016397398 -0.2013761995086366 0.1048056560793191 -0.5048615976697529 0.3926011545866712 -0.4026029091757373 1.1460436130607881 -0.1621401769787972 -0.7013903874188301 0.0080221075076477 -0.3242294515443038 -0.8349899868092900 1.0821977588289231 0.0202971401216256 -0.4195958649215378 -0.3588408358792848 -0.4055807328503658 -0.6307958927666866 0.9022801116219819 -0.2212506945618409 0.0059392126422053 -0.8434624297435821 -1.4733386623447129 0.8386805204810700 -0.0173307489442935 0.6279737602580376 -0.7719411234786855 -0.6689863016916493 0.0278947371349485 -0.0869275014473584 -0.3759890461819169 -0.3409757915190545 -0.8809038529433332 0.1514279271891783 0.7248317397967010 -1.2455180525537248 -0.1505969729107318 0.8772905898425438 0.0181857133208858 0.9898597561758373 -0.7661036455599984 -0.9859161348084731 0.5722410070822949 -0.3866573992453368 0.1042960628494254 0.0812341224593817 0.0731502693186509 0.3801567318367338 0.3591612885638503 0.3168848230165326 -0.3396758771073181 1.0001030445852315 0.5040619766410510 0.3277885306364553 0.1932300670963736 -0.3435379816010858 -0.6112475132491469 0.7460896441035179 -0.4792395242528501 0.6604323842187749 1.0014006148823666 -0.0306280635333641 0.0141227475559032 0.1950366882297769 0.4465649138212338 0.8985389591094923 1.7195121069339536
5.0000000000000000 0.5291854189637510 6.0000000000000000 10.0000000000000000 -0.4185800187309875 0.4560067866599806 0.1059973942197783 0.0207817703100250 -0.6146010982694193 -0.0686241311132627 0.2363214202411072 -0.1086963497391076 1.1051188917597794 0.6306467350400446 -0.1263893777852658 -0.1538609859713059 0.0887067960197735 0.0199642746877035 0.3836568179711595 0.6114113858077850 0.2645761156167675 0.3998259539073394 0.2935059946645419 0.0586794125766469 0.9193324029776797 -0.2962080812350425 -0.4433139764598634 -0.4205742273392253 -0.5720469283262846 -0.4802568500879772 0.0418680390277660 0.2743947801711618 0.4429459864667379 -0.5272052342894941 0.4259106755028538 -0.1298272130400104 0.3262907951999731 -0.4386501061060306 -0.2959936068071614 -0.4617883429381767 -1.4532383769573656 0.4987923493213996 -0.1654328241365803 0.3508618588544144 -0.0103346247888144 -0.5232259940684592 -0.2897648889937757 -0.5375281666137823 0.4667815767518209 -0.5996316788695608 -0.5071139710804170 0.1009492205755458 -0.2411838006297713 -0.4061304301717442 -0.4775055993391883 0.0998956697980019 -0.2202351047300646 -0.4121341996777336 0.1081854907888817 -0.4419334109361066 -0.0758473281958921 -0.0903259922553796 -0.1422705689546578 0.5349623225820814 0.3764833604958676 0.0608397551499678 0.1740997406529168 0.8824161442032438 -0.6021226015666761 0.7342018175377688 -0.0803383064248664 0.3601296113882237 -0.1796711153627293 0.0226066127727259 -0.2528100563106854 1.4513071047032280 1.2194129847987387 1.2682671695405587 0.5914166601239335 -0.2792015184957839 -0.0978447105467398 0.1274200219238258 0.4870725080301589 1.7210250723501792 1.2374648939230188
6.0000000000000000 0.5300882331814591 6.0000000000000000 10.0000000000000000 -0.4512332129258808 0.3990696607361808 -0.0901133869750891 0.6176808673681133 -0.6482466533133606 0.5477446358153943 0.7350339193634781 -0.6570424105600079 0.8018096280783253 0.2531806633777176 -0.2158540236685396 -1.1469184100086627 0.2042712957491929 -0.0592069366186267 -0.2340478053347330 -0.4365512472033097 -0.0913591243859806 0.1383751337579578 -0.4211461304729377 -0.4215716583722208 1.2221385884060045 -0.3623071016152460 -0.8387515624925004 -0.8749322658963545 0.3487607634747149 0.5791281313536312 0.2198117965969486 1.3532576739315634 0.0883320925674893 0.3403653563111453 -0.0530541819868884 -0.7166132340514896 0.6057259260326961 -0.2900786982147798 0.4945815637458025 -0.5906810450709684 -0.7658414349720374 0.4966156863731930 -0.4085747799261675 0.2611010932835918 -0.9724216959860136 -0.3595672819841139 -0.2474299194478239 0.6582861350472663 -0.0305379498891648 0.3568908886924416 0.2718676513609820 0.1617224976314369 0.0658985717297850 -0.1060949974462532 0.1079052967050229 0.1495740682710739 1.1386777907133805 -0.0588111957812287 0.5630207563333807 -0.5284501212147855 0.9734132621399293 -0.0959883800812231 0.0211385695984579 -0.1351713343263697 0.2980082373888642 0.3630083440613511 -0.0850166249085276 0.7294716303678760 -0.9677270960323575 0.5857571720044434 -0.2076605189501338 -0.2594370813448788 -0.7100236570381109 0.6594176552029513 -0.5381208608943969 -0.4463733059068110 0.8454888154322335 0.0749066914806491 1.4267634867587549 -0.1616338556517465 0.4322472840566186 0.3068744212834417 -0.3813378098696798 0.4074464403134384 1.4365358824958092
7.0000000000000000 0.5284139531601639 6.0000000000000000 10.0000000000000000 -0.9471110939788011 0.6171362334574714 -0.0346718487563179 -0.1004964170425981 -0.0698792806947824 1.5454742018691365 0.4384729770916095 -0.8305995887716094 -0.1971356292041057 0.8652952001495279 -0.6353213875505932 -0.3283635537516050 0.3757515554350326 -0.0326661090451593 0.0175980839258111 -0.0256078539609053 -0.7740301993628591 -0.5152811685201315 0.5961541360537266 -0.5598455321607578 1.2052739405306228 -0.6305327094436353 -1.3247848311616357 -0.2235292468247025 -0.1035108882011626 1.5185470952353870 -0.2179273325885786 0.8062626388055328 -0.2565062469966978 -0.2511880661148140 0.1690053030862226 -0.6371893734724463 0.6171816496762561 -0.1427860580108097 0.3176260370499039 -1.1358750836645224 -0.3747809740422465 1.5788601536864206 -0.7252825933580319 1.1021531338233601 -0.7933807826730529 -0.4359555075681065 -0.1024880479293592 -0.0545253358648424 0.1232857959023812 -0.5401520350448556 0.5816428233958238 -0.3071214512564499 1.0711524195155491 -0.8220312331784855 -0.2730235581145939 0.5827657340165264 0.4087721498011099 0.3813895077689763 -0.6889211124595845 0.1475143857058385 -0.5137341841999266 0.0075986314863901 -0.2859792861094875 -0.5403490181204222 0.4589077873184028 0.4497041971009283 0.0628965224598269 0.2768621624872158 -0.3722008540760846 0.1181123490268404 0.3108883371895698 0.2227378076341203 -0.5970298230131019 0.2514455039397006 -0.6832054039951430 0.8050943758590074 0.5785597300641840 1.4796613536043621 0.8521499712629701 0.1357046821801439 -0.1341289386644914 0.3684542685918636 1.0225525739676313 -0.2077812276254569 1.3222066769037162
8.0000000000000000 0.5305954022491578 6.0000000000000000 10.0000000000000000 -0.2302556073406364 0.6892249178608417 -0.3888987102901595 -0.0112400549712745 0.0766027774041610 1.0006350945264004 0.4110782516837432 -0.2180903030028961 0.3655635139168704 0.4206239568126933 -0.4549270650539123 -0.7263948440375503 0.6134584127763991 1.5494069680580334 1.4949399819658900 0.7184493174181787 -0.0099618923121265 -0.3193980273723228 0.2301571835339550 0.0068931923670215 1.7526715209391655 -0.5046993460100526 -0.2924152990505343 -0.1284937937871336 0.6178223735647336 0.7654165012605443 -0.5499862123775932 0.5198085869447636 -0.4667174603657808 -0.0283046892060256 0.7335087670564977 0.4992827164974576 0.1549222945879145 -0.3913595076975488 -0.0015201797393457 -0.6888264021901456 -0.8304791777794368 1.3088248394368587 -0.0535257385487815 0.9830303576450037 -1.3671001297118484 -0.0960150952226638 -0.9744512609532938 0.0180196647224705 0.8609597889953479 0.2141857318430435 0.2573404061611619 -0.7211181547134433 0.3160130536609896 0.3058093360117840 -0.7603262182204639 0.1111454559230064 0.4790143554291435 0.0506637373649146 -0.2140598251658553 -0.3206752110017354 -0.5627639947592277 -0.3000152225974029 -0.8219558875972776 0.0987990791062918 0.0692625807180131 0.2636059689523452 0.4932914534553269 1.1828111145576983 -0.4864505784057743 1.3944447049620274 0.4406460062249669 0.7005901497617836 -0.1167578134495333 -0.0199209033892523 -0.9365774216836205 0.3327889396302427 1.1195281627358566 0.0351175602365952 1.7072836181068447 -0.4454906940499127 0.1510294701928641 0.0990174750673186 0.1114782870356905 0.8489082228063363 1.8903256541895010
9.0000000000000000 0.5288491847972172 6.0000000000000000 10.0000000000000000 0.1514534830203620 0.9095483501739823 -0.3434675311267932 -0.4738063234066306 0.6679842459136016 0.0794390255238586 0.7601809109100943 0.3135501152130791 0.9614413663878805 -0.0041763451480768 -0.8419706851262636 -0.1108198272946679 -0.2935660433935985 0.1883025881283110 0.5531059261648333 0.2507290637431081 -0.2085920447922454 -0.0019512058067995 -0.2866523190773765 0.0302545150100566 0.7784831343700975 -1.1762882884533683 -1.2433504266151569 -0.4064993605391513 0.7876214647144657 0.5942662718726318 -0.2767164418070062 0.1468269521976918 -0.3633502412572536 -1.1436600411732434 0.0580913678976474 -0.4134534037822292 -0.5096073524396256 -0.7212601603840454 0.3854920313125918 0.1609940125048709 -0.3219616161614163 0.5051610367210496 -0.2940543960575903 0.7763263327890337 -1.4261818170945759 -1.0202614971731103 -0.1953165663098571 0.7877909220152467 0.2105851488948923 0.0304445284451363 0.1853538590799907 -0.3319166240066684 -0.4702153981324453 -0.6182669048822386 -0.0055296955042142 -0.3153437896905371 0.7355191772263108 1.5065325986194926 0.1758914194514816 -0.3907051774011946 -0.3974328648597579 0.7732430519533586 0.0509540201751167 -0.0958852979203261 -0.4702068700840220 0.1745005329197238 0.6859707403526842 0.2999141594629457 -0.8402618047976691 0.5553636205187860 -0.0700764419596719 0.6125155639788171 -0.4576022098086687 0.3337838610084077 -0.4650809254400309 0.3548600155599717 0.7617376969791356 1.1382189656858896 1.1737962654047920 -0.3221186388285270 0.6831070925839544 0.2539884416648580 0.7215547425821642 0.7318340381009141 1.4334337381258417
10.0000000000000000 0.5281242349828359 6.0000000000000000 10.0000000000000000 -0.6949047534243984 0.1609122026910240 0.4007113643998120 -0.6755207059513109 0.3306552553440221 1.2051251285546232 0.3806816194886206 0.1921363695490007 0.3464892011430902 0.4024699600724397 -0.6912688976700947 -0.9396586767334159 0.5932217828616365 0.3227407276432446 0.0982671913414590 0.3220576366668109 0.1993506202149053 0.1112847495315707 -0.3402707222577661 0.6661709913683593 1.1145723042301448 0.3027947522005472 -0.6573383940466011 -0.2264540733667341 0.0249310885974079 1.4528418894475403 -0.4688699880594326 -0.2976533749146146 -0.1206333590595948 -0.2731090157618650 0.5424430547716579 -0.5942034805137113 0.6804808159946304 -0.0819716629908208 0.2332794904602463 0.4865884765220131 -0.6818710949545801 0.6342596114252688 0.3885493544543179 0.9146817320879778 -1.5893599335773545 -0.4710108678330484 0.6931411362088846 0.6062838131154717 -0.1142788415267119 0.4993478499392375 -0.5939474943739147 -0.1517664269983641 0.5939691796114952 -0.2313510046070197 -0.3805167807952021 -0.2479281724383308 0.7655145375543447 0.9903707828805007 1.0892874440917168 -0.2039157734616263 0.0134334772479832 0.9394666444838471 -0.1149090305333519 -0.2959924125691258 1.3004025102964925 -0.2352393883216083 0.5075576114978764 0.5715354490769301 0.2264938668877683 0.8020866827132848 1.1521282437648548 1.0235327728502264 0.6283899989001495 -0.0429043420850623 -1.2046392664621108 0.3415181387877642 0.7533547569620940 1.0170069788396330 1.1062675137285685 -1.0594126738094409 1.4921746808391601 -0.0251300206505677 -0.0078015287931014 -0.1754842789232082 1.3664646329887171
11.0000000000000000 0.5245523263887560 6.0000000000000000 10.0000000000000000 -0.5787966346711554 0.7757266122874127 -0.0646644265923227 0.3258919685882829 -0.0597989807059230 1.0631862215032180 -0.3054152878751667 -0.3012117101513995 1.0325448419404939 0.6587781783407480 0.0467032013215971 -1.2396831694584738 0.7303228481379499 0.3451040550758788 0.3012140227965036 0.3818034445977794 -0.0253628314503068 0.2871654361851783 -0.5058117319109781 -0.1869772809411853 1.2837657090692205 -0.0760962757637217 -0.8370154375312874 -0.5839604550655909 -0.0603576002692535 1.4070082177899077 -1.5967129728574310 0.9133961550014588 -0.8683785763335078 -1.0026210615352356 0.4864625038285285 0.0202003092355070 1.1011364658827953 -0.1589856102052392 -0.1270923436592484 -0.5202615443969983 -0.6597483749828952 1.7818614291221859 -1.0248623449533387 0.8546762130459384 -0.2456612471225288 -0.2348892951475147 0.0694155560539287 -0.5738791368188108 -0.4346975788424075 1.2535233731900397 0.8567128197783069 -0.3931996736925779 0.6108247298928845 -0.8515488502563882 -0.1867982352972909 0.1069755917826660 0.9288254570045480 1.5458994617761750 -0.3021159603214869 -0.7045884601627819 -0.7853630383219654 1.0119738653696737 -0.0949680187988116 -0.0414749783867880 0.9120842403687160 -0.1420544242076305 -0.1952595256732904 0.6589791851091374 -0.4577869712307703 0.1063865394821243 -0.2907734126698774 0.3531852862318526 -0.5443267781867321 -0.5199477502462209 -1.2164873034819201 0.6973466424898533 2.0629319775733164 1.3610671000407382 1.1749868822722680 -0.2342989698172455 0.3159445927238961 -0.0836916723073099 -0.2830203496044468 0.2061498343819880 0.9227250611559831
12.0000000000000000 0.5284253409280220 6.0000000000000000 10.0000000000000000 -0.4139966778372838 0.6008366471913248 0.3057271917091174 0.7396876981610947 0.3353147276210533 0.9043122200610342 0.7149810807218639 0.0413646949166242 2.0304649357458877 0.1531494018401922 -0.1461755817244391 -1.3083502050870777 0.2984834054397689 0.3080228339151974 1.6227712567244508 -0.3694980124930428 -0.0776582116570186 0.3611417341000732 0.0843571398557396 -0.3367574198463083 1.7152535182861839 -0.9456720756199342 -1.2690198807905095 -0.8073872593112776 -0.3414317142346366 0.9685078425722469 -0.8197474235306454 1.0113857912917434 0.1259725497682301 0.2625692065323498 -0.2338347762976476 0.0214083635943341 -0.1442345501535547 -0.4989469739248596 -0.2729288814326987 -0.6772403009561463 -1.2060718111433650 0.8282360815796580 0.5318098301325804 0.8399167914677910 -0.3509918718409005 -0.1482707264776618 0.3905557038559219 -0.5942024474124434 -1.2654148216331065 0.6554659566733652 0.1420723134215071 -0.2976631909451209 0.0986085224197216 0.7334515476180441 -0.7488090743356053 0.6359940566111892 0.7707200361641529 0.3666626555878574 -0.1940376962268580 -0.2962682155384207 0.2845167303014271 0.0569932378581537 0.0411381318593236 0.3697858374724463 1.3956839538080765 -0.5443352660947223 0.8834881017809266 0.6954624025229145 -0.6672660588501402 -0.4843754580079166 0.6903607314293871 0.3201070527105765 0.3039338148868936 -0.7227645622385430 -1.0549258576290037 0.4809348598412536 1.1122202541185453 0.3726132197246980 1.0307700538791331 -0.8253746465861611 0.4866549542174412 0.0282768699283690 0.1006509911789798 0.6688850469227032 0.7463190787852715
13.0000000000000000 0.5247835130984130 6.0000000000000000 10.0000000000000000 -0.6620843304061095 -0.1665122253442629 -0.1942902494821258 0.4345673439285581 0.6659709681438313 0.3826898623164515 0.7290073637523087 -0.8177898055745134 1.6508199823676777 0.3523732937622226 -0.4221408303393805 -1.1017868869166356 1.3316373123005270 1.6596952003988683 1.0938524151004283 0.2422611361730762 -0.5078835985654970 -0.6282422410546595 0.9096475548177396 0.0773870165177000 1.8527700045626236 -0.4387909444831501 -1.4888341296258907 -0.3846229450108206 -0.4638892052309537 1.8445709167695994 0.1336177192259619 0.7246629170314480 -0.6032657163943468 -0.6322718996184172 0.3600811339219627 -1.1636801905432841 0.4457686234325027 -0.3946337211178285 0.8358091977904900 0.5751465376670959 -0.3356539747243036 1.1305677094363586 0.7538164199998285 0.3486825874183346 -0.7542638973351066 -0.1580712718138730 -0.1651920678117109 0.0690328881364272 -0.1219719443202625 0.8198768813115133 -0.2894880601109920 -0.4525596738814358 0.4691821064527935 -0.5494726180037487 -0.6322057878864753 0.2952853763896315 0.5050398400536363 1.2767725173851943 -0.1545255261250426 0.2634957101111871 -0.0876418136277854 0.0775348776581277 -0.5137258316568565 -0.2357770086681928 0.4890085046812026 0.4484020423547250 0.3162284581457787 1.3045092795224424 -1.2893031982289445 0.4065937875201014 1.0367571826538780 0.2756401225110560 -0.0266080486495066 0.1655849615461794 -1.1515053334323797 0.6750945111324318 0.6263411673210889 1.3564167032566921 2.0709239323888098 -1.0509454786794605 0.9951049417888411 -0.1054779224444488 -0.0641557457495437 0.8112816756110578 2.1413260597750079
14.0000000000000000 0.5283290519203401 6.0000000000000000 10.0000000000000000 -0.5616871194304205 0.0125093153120160 0.2985406433114803 -0.3184903364857248 1.5258648287225993 0.3606708074998435 0.1678096643055606 -0.5483392497571319 0.8008367626026338 -0.3318120338607665 -0.8217326199876545 -1.2168444347934200 0.7449289284447006 0.1533324427793143 1.9887536777510670 -0.1651416778237295 -0.9955733551933328 0.7170791603246637 0.1710332209765623 0.0704817945615018 1.1389565073457062 -0.0418728510859452 -1.5871484710114561 -0.5498094705100500 -0.5620090629341512 0.7092138100053472 -0.2917067443474352 0.8200349908178877 -0.4005297531387686 -0.2939901101238681 0.7944935291183387 -0.1380567825371617 0.6008415601054593 0.2940787716412393 0.3453198220780922 0.4158787871258897 -0.3210675526434973 0.9248930719742753 0.6160496873468579 1.4017021819166167 -0.7562351755764967 -0.0185842591830482 -0.4976648950383848 -0.0656005659693291 0.3751172360846664 0.0877044642676463 -0.0058711691973005 -0.0716321856669410 0.6766167471934001 0.0251815139909977 0.4631072538440238 0.6425523989809769 1.3628788529287554 1.3954795111586897 0.1058941853916235 -0.9640691737572855 0.1742338803065061 0.8837322756138217 -0.0623294833641851 -0.5517412029198435 0.8412893992213527 0.5116518927994147 0.4728478050316828 0.7051396255353106 -1.0210921847475576 -0.0357501808828397 0.9535705471315694 0.4926778310968863 0.3572023561793058 -0.2264773806257233 -1.1094102845327380 -0.1310025974530782 0.5567816420268543 0.8366128439664754 1.9161557925490058 -0.7973270472611709 0.5901065818209256 0.4322421565409672 -0.2383124863681517 1.0299781526544938 1.2576247614786449
15.0000000000000000 0.5221992207886170 6.0000000000000000 10.0000000000000000 -0.8348594962302220 0.5658322530965290 0.2803565336721187 -0.3929595124845826 1.3301085318369823 0.9670345787134047 0.6264886808879883 -1.2088986882231036 1.2372128022897595 -0.4901353048579729 -0.7329069275828339 -0.5045468905156751 1.0390521617927446 1.1643149465624105 0.7642931239337215 0.1011489549863392 -0.7056404515440520 0.0004580049071083 -0.4763286223174657 1.4355696293186715 1.7382772972573126 -0.1496456820149467 -1.8027421501256105 -0.6019891556443576 0.0504777780655076 1.6116560110773075 -0.8019337365750832 0.9109924162810435 -0.7730979898273420 -0.6008723858387575 -0.0708705976738657 1.1867638989057741 0.5342484318910947 -0.6056803269707745 0.7627302029944117 0.1698585356873435 -0.5963890095625501 -0.0449835411227663 0.6586860634132481 1.5013521448017639 -0.5814813253016248 -0.0168871379874760 -1.1377687321547270 0.1445760095980316 -0.5161136577302764 0.6974154269779449 0.4002353133845409 -0.0055207801922887 0.1902865499269087 -0.1464892264698687 0.3675318260350673 -0.3682355000799906 1.5951720322409191 0.9531623272378809 -0.1658431848348230 -1.3765868162741632 0.1799695454677142 0.6967332146686149 0.4463971342293021 -0.2732469293347029 0.2758290952109247 1.1692903415862561 0.4703629890606870 0.5615755105163968 -1.4608242763104919 0.2541513728978695 0.8655640889065537 0.5669567145349861 -0.2793991691854819 -0.3170634033447907 -1.5576994090440763 -0.6914991911802894 1.8753673698984561 1.1582959907406210 1.5188279505915294 -0.0304679924805437 0.3833658676907993 0.8923871522460949 -0.4147964328707207 -0.1165289845053162 0.5168097746460805
16.0000000000000000 0.5150694296131759 6.0000000000000000 10.0000000000000000 -0.2505015315448662 0.0162992981784095 0.3356733195807743 -0.7289088796376053 0.4488330955654898 -0.1114165491108551 0.7970481121718542 -0.2489099361148205 2.0355215547434771 -0.8427161665604183 -1.1509624265091252 -1.0116825007534085 0.8012372525990011 0.0645825345151144 0.9039260205974082 0.1680360436336336 -0.5579652022601216 0.2041020548273068 -0.1618845493200932 0.4436154406722826 0.6997107350784300 -0.8817194132202621 -1.3769602546884945 -1.3965553360401062 -0.4865758248260600 1.2676955176938152 -0.5885401422519204 0.6647890100029742 -0.4674523390104184 -0.8732896833594259 0.0864079766408491 -0.0759902187761124 0.2539169522730362 0.0755059434635331 1.1107782856487989 0.3467141102569983 -0.6098208777396800 1.0670266959082428 0.0530800427099336 1.9318057651942220 -0.8801829049627757 0.0988727228920689 -0.4353842563479177 -0.8307764753089560 0.4515859711669034 1.1509348553371468 0.4583050681710371 -0.2792737026282083 1.4557265750342840 -1.4846604192185495 0.8977131553405103 -0.6854814592730274 0.7061508125953690 0.9834123707066297 -0.5193998457239599 -1.4401461386240113 0.1951344108209181 0.7237029749619924 -0.1038971840911107 0.3880956679174613 0.9787428989540551 0.5227555786596277 -0.0062052682557316 0.5983329223183604 -0.9056868204466731 1.4123653287464875 0.7157658761983501 0.1786836957334846 -0.2054553279293392 -0.3781821790313931 -1.8594378220059025 0.0976325196066973 1.7941666444384425 1.3437211347131550 2.2582337208911905 -1.6132198071073733 1.3026048914520343 0.0693181110937234 -0.0588041338831469 0.7084519599125341 1.7451881498977599
17.0000000000000000 0.5113740561996409 6.0000000000000000 10.0000000000000000 0.1164749045703772 -0.3496799463056342 0.5582854418764600 -0.2675038663464598 0.8618485415784768 0.1713665239533737 0.5019239918633549 -0.5804560652606520 1.4333941872997018 -0.3719465952553071 -0.2745807276760961 -1.1910817172300860 0.3891273058926201 1.0487811637721653 1.0987632403646055 0.5182392635683875 -0.5740906899283162 -0.6590627783898486 -0.5444047890503588 -0.4054754930393844 1.6212059221277588 -0.6768074111426003 -0.9679485541409516 -1.5036172012904361 -0.0356154144825795 1.5859207856918882 -1.0079929508937124 -0.3322099918139688 0.0223598187469022 0.4364174566491887 0.1373894767378791 0.1143009442214234 0.6593555100623694 -0.3928996406137517 1.8071079447543055 -0.2212513374945008 -0.8088603555808707 0.5608024119621524 0.0643154811479724 0.6233450720583568 -0.6213786845999146 0.5914884102139045 -0.6941180095210778 -0.3076602662494090 0.1646185447279501 1.0338884556264318 0.4717019285279873 0.5439430242288457 0.4109536153518785 -0.8742664104712085 -0.0045216603895117 -0.3576815236808362 0.4985827923288556 1.7029391073158506 0.9364566463883085 -0.2934970569693046 0.1569588785142834 0.8830496575288997 -0.4104796330574939 0.6097489012253329 0.0218967604474731 0.1053826038241138 -0.1896699646891522 0.3008376816555314 -1.2235132613041755 0.8236695352355572 0.6398048080321990 -0.2602514215877587 -1.0617398800258440 0.0696995855525256 -2.3955524945222844 1.1749620557908647 2.0402186452824806 1.6352702793961102 2.4491546197626448 -1.3014785492896335 0.6204825313395078 0.0148657127170828 0.9576863593087583 -0.0065915519270112 1.0465732765204778
18.0000000000000000 0.5118998088669582 6.0000000000000000 10.0000000000000000 -0.6044674916668917 -0.6061449485965229 0.0133986575824988 -0.1490951379060457 0.2732754524200366 -0.2459772228616922 0.6075617736665321 0.7060438473010997 1.5677478327535379 -0.3148273240263322 -0.6154784190757827 -1.2122580154333484 1.2349730116291082 0.0198861366582954 1.6110605555862474 -0.0277571754379764 -0.6937445588891069 0.1305381073542950 -0.8951540527817812 0.5392652650749848 1.7456716073280030 -0.1423544842559410 -2.2462809983404113 -1.5411903487619052 -0.4423605884608758 2.0047256790159085 -1.1594695131523800 0.2475915911195957 0.7841914221170194 0.7351453822966165 -0.0770346219509920 0.0238457833662769 0.6215623133908609 -0.1021760197856380 1.0618442259547480 0.0066508183287263 -0.7523700213402569 1.0380612924664645 -0.0012264948274669 1.3194656192078633 -0.4215472934482717 0.4421766714556227 -0.6165636514861698 -0.5038327177692874 -0.1936615583832257 0.8082215438620430 0.2716484361992217 -0.2501097084166840 0.1584498177528284 -0.6486434320146766 -0.9304757928821890 0.7442272970795618 0.6270502350951053 1.2954149587594086 0.4586922461014247 -1.5757554287657576 0.0328695856960848 0.7611932155194585 -0.3475933032474728 0.4837914402892096 0.6460380622503863 0.0491795524868245 0.2045436868030560 0.6320878477742143 -0.1399221957994147 0.3874395770127210 0.7425421407547679 0.0949453676883896 -0.2113048441267938 -0.6055761758159121 -1.5974605556012851 -0.2683396025536169 0.6813627920390704 1.6573722710552059 2.1393186179114960 -1.7128942728706904 0.8655441981271740 0.2936855283448481 -0.1622264504844169 0.4749058215007100 1.7497197074023232
19.0000000000000000 0.5044820862025201 6.0000000000000000 10.0000000000000000 -0.3818657372798749 0.4791877786767538 0.5832596427257584 -1.3303698145254379 0.9918833002296235 -0.1221014829723266 1.6521580495722923 -0.6597400239715963 0.7228594469684549 0.0435148394591999 -1.1501153510712694 -1.7019297018529951 0.6567659112160524 -0.0868404743117453 1.3313252326810472 0.2641561894578084 0.0743632816449776 -0.1544156382618206 -0.7657916326398284 0.0365448468713608 1.1362811343016803 -0.0755193223801711 -1.7929627294742017 -0.4699049936639009 0.2567608125705380 2.1359869629901480 -1.2513289349835952 0.5109087192492402 -0.1276280479631924 -0.6463537041999924 -0.0216685107424248 -1.3263644853191212 0.3585050892474511 0.4814778162685244 0.7084547906295462 0.3741912705147888 -0.2039645272701953 0.5515114678736437 0.5811576360931360 0.7842451926898799 -1.3010542839007213 0.0100236934940565 -0.8015595768641536 -0.0640267482936824 0.8277036383281640 1.2855144073209674 0.0520882592358886 -0.2569207559564574 -0.3702231582478966 -0.3706622504868585 -0.5602005617599045 0.5718428058671784 1.4455390062533229 1.1602571755744533 0.1138908779768229 -1.3878853438448848 0.5490422789121624 0.8648489647062036 -0.4069588522526206 0.6216876247777662 0.6213859220167384 -0.2776672880432210 -0.1478557954202426 -0.1258581015080822 -1.0651813764415223 0.2010951139329433 1.4113019995442340 0.5342441441206413 0.4602182430708187 0.2405729228752701 -1.4951429693501195 0.0543408494057562 1.9593025722706838 1.3659275466451477 2.1722095878282222 -1.7576801286624113 0.5123171594573351 -0.2502683308035908 0.1262752793093632 0.5264940675066585 0.8613835233411696
20.0000000000000000 0.5039572495407476 6.0000000000000000 10.0000000000000000 -1.0988926399593724 0.8775955065997287 0.0975674845050712 -0.0350563119144414 1.1397970567309796 0.3595896952619693 0.7694952438311102 -0.3574192863056262 2.1140335948086113 -1.3661862091213917 -0.9785092405341465 -0.5663746999197549 0.4359977523456168 -0.4602227385292440 1.8355783479436631 0.8526714818271235 0.3873900862853921 0.1138617095460384 -0.9394531864629698 1.6551877190440152 2.2897989588592034 -0.4225963798498987 -1.3761551256342426 -0.9691750884369564 -1.0923203222750792 1.9080073969958071 -0.7438455248710989 0.3360870574295034 0.2477000944645440 -0.3758933153964983 0.4030546175020076 0.5813885814629609 0.2153775694485929 -0.4649074482812946 1.0873710266359879 -0.2097715077579477 -0.9788398443251173 1.1272767386413503 0.0177325479049662 0.3286865948986694 -0.9681370892401641 0.3481380923983518 -0.7893226757832013 -1.4641892251773578 -0.4571495876388909 2.7948960864426127 0.0745283513229721 0.6678948166438543 -0.3409363297133291 -1.0860176031398148 -0.3709099597641453 0.1860482964622647 1.4541829469052350 1.6241786660392590 0.1289744690454159 -0.9390396027419485 0.1656923811399637 0.6570097394994412 -0.7456068025145581 1.2639423146184123 0.2616999268268754 0.6268063210239427 -0.5893493332770212 0.7138125390888295 -1.1725757897698099 0.6180132189999908 0.8004728451020922 0.9585919301434955 0.9267561073102137 0.7683168232909835 -1.2086315076155034 -0.7483406661085801 1.1828982735087268 1.4354800883175749 2.6365908946285912 -2.0866650618656752 0.8677662778009019 0.4454859226335434 0.4697293794416825 0.1654533076082381 1.0441980318853354
21.0000000000000000 0.5053965858347526 6.0000000000000000 10.0000000000000000 -1.1083514766081271 -0.1562352760889040 0.4590049024306067 -0.3655805149587219 1.1791414066879606 0.6073263324543767 0.8292975215283711 -1.0588781484559440 2.5379848212200180 -0.7750373753144844 -0.1266716390582235 -0.9354421851751225 1.0455498711449827 -0.7621823916701377 1.8227575625608592 0.1282512568055102 0.0444639791803456 0.6531543786666794 -0.8247293082208530 -0.1440891111171358 2.4375247103534732 -0.0975207504310457 -2.2185672856636467 -1.1349659037215925 -1.0284809702704034 1.5270766809971674 -0.4471724557948906 0.7409092671601361 0.1634865825877415 -1.3237135087759750 -0.0294630318191142 0.1695650043827500 0.5436288604382736 0.4670325050961066 0.8713042655282899 -0.4142862530467527 -0.7823112075512146 1.1855154763585438 0.2227064458146338 0.4818081898687407 -0.8489495675478677 0.2111966389312154 -1.4856217225695882 -0.7858749255926929 0.2116178342409084 1.0189001300638547 0.5275440519419680 0.1095056438149851 0.2613133261658295 -0.8205658844922163 0.2026466845372106 -0.5898449562674155 0.4167619885590776 1.8632939252806477 -0.3670879970519370 -1.6400757382286353 -0.5087673726659281 -0.0966346503999204 -0.4981176643643270 0.7208237625058274 0.3024764104679457 -0.3220500712456449 0.1435395036895113 -0.0631820657260398 -1.2837904739950805 0.7699308762142519 1.0498643276688600 -0.3625133572205187 0.4054378529889784 0.1694340331427224 -1.5331699477319560 -0.4449747545682334 2.1231740637715828 1.2149036122165831 2.6228848495642572 -1.6652150493285751 1.0516176919855758 -0.7344355583495839 -0.0025659533909479 0.6742956262902979 1.5303551629935397
22.0000000000000000 0.5085069222447411 6.0000000000000000 10.0000000000000000 -0.5909410185425464 0.7766860892360385 0.7201720643630184 -0.5903496214315547 1.5302067999649691 -0.2007219392501718 0.1989845246228812 -0.4726479121189109 1.6540391881923751 -1.3488703010449652 -0.4017284164115907 -0.7060747445675641 0.6049312837337195 0.7018629402624026 0.8241969069696258 0.0207164274526261 0.4394753964293920 -0.1230555994839678 -0.9740051010903039 1.1166988365516866 1.8725041453079512 0.2343425355638905 -1.7532826600547917 -2.2415484155609913 -0.7620155341877894 2.3871721133835679 -0.7073872993592302 0.0190265649076788 0.4849356226373918 -0.5752455010011224 -0.4573407148964894 0.2508038212131171 0.7323633933023780 0.5752428473812201 0.3681658131420685 0.6123642515319180 -0.2247963714348215 1.8092543403321844 -0.3832437872264952 0.1216811697382505 -0.1185178240391892 0.7713801833054079 -1.0791199716940703 -1.0418184375390842 -0.3986618137728408 1.1350588568443236 -0.0515344421320897 0.2965521963768870 0.4282799465537457 -0.9449542260878596 -0.7800413677460222 -0.8606897522514889 -0.0808000732418410 2.3855608664882242 0.3836235306303125 -1.1249576968220807 -1.4995998024762187 0.1274305486396146 0.0671148672666404 1.0697053804688006 0.8478993509316286 0.4769439414080018 0.0103316420864939 0.2319396500322946 -0.9832649567906677 0.7465694903897108 0.8580610176202490 1.2497745213579623 1.4903061398538062 -0.0877013465743701 -0.8997421248139272 -0.4991308071599897 0.8259763849983209 1.4158011276908238 2.2111900535613187 -2.3532015783016260 0.7458729181963532 0.3013977888139729 0.5056608655232198 0.7874570141359518 1.4664274219329170
23.0000000000000000 0.5003613249753607 6.0000000000000000 10.0000000000000000 -0.4324625868632491 0.1930762447246169 1.0801057013642528 -0.3805896622109401 1.4029656390090099 0.4348154442961073 0.6959382014810406 -0.4151162412947503 1.5556626433758851 -0.6668584326769558 -1.7102006790931870 -0.9652329296991990 -0.1226775454179417 0.4131886798138860 1.4181648551742554 0.9056188941715561 0.1109576804849927 0.8130165384376140 -0.1949412601869980 0.3220341416448046 2.0283189479999146 0.0246439061134975 -1.3349973395015500 -1.4517664972577711 -0.1870223953832275 3.0943334483964766 -0.6138952721421140 -0.2054569478538152 1.3097442585039027 0.1714718577860831 0.3709552241297694 -0.0747668945936062 0.7213304519694307 0.3633033716758766 0.2220282740615910 0.4508963121942251 -1.1543600790707611 2.6966793355914325 -0.6333184553390117 0.4610984866618842 -0.2936663848561526 -0.2515847261306913 -0.6669237729774337 -0.4435910242550880 0.2898452344417876 2.5251931997296992 -1.4487727165660846 0.1198653754697832 0.7668522933235418 -0.1124925404256182 0.6760664355244358 -0.1515687120416360 0.7812088060817535 1.8771239658228014 0.6209439496734520 -1.6154812667689702 -0.6942586809209877 -0.1270455530055924 -0.1902490177120764 0.2652810900656685 0.8077419090418015 -0.1466822261659185 0.3123164410983436 0.8617454918870506 -1.0986778169735365 0.9168594837840004 0.0014584847324673 -0.0047872602769387 1.0269864480387156 -0.1595185150839586 -1.7288608396770955 -0.4389735071965779 1.6291314828765993 1.9217393625782111 2.3011201041849021 -2.6296350853322097 0.8644746698364320 0.5210807356467240 0.0673878442607879 0.1022655601405609 1.4872297814284463
24.0000000000000000 0.5043643984225997 6.0000000000000000 10.0000000000000000 -0.4888203469347848 -0.0281361844596822 0.9259664503334861 -0.8824642117636166 2.1312415595982728 -0.1712377846335839 0.6843215417685953 -0.7381706699737520 0.7636394549592511 -1.4957124791704381 -0.8836263322047930 -1.1602704452141237 0.2075532794120537 -0.0655362964186814 2.0383933873487106 0.8811041266036642 0.4812405400952886 0.9046013049040633 -0.0683232025053881 0.9761390896348230 1.5787470278622380 0.1837897430390259 -1.0541977100097886 -1.7052363771697099 0.1172667791663563 3.4456632954089903 -0.7169623598354180 0.3557789484188351 0.3442838227514211 -1.1510790303125920 -0.2538847463945681 -0.5041708566321428 1.3055966377420298 0.5708505758535196 0.2155932562370516 0.8681660731954678 -0.7528221828657049 2.5420681206839295 -0.4791061907322800 0.1444260668173171 -0.3694084651613922 -0.3433045865242488 -0.4351408674892194 -0.4808435778420602 0.6891618638120762 2.7372637107535951 -1.3647498414145316 -0.5118278012806721 1.1933438817824364 -0.3245832253522247 -0.4543532328497711 -0.1756184059456000 1.2254611727436939 2.0720470082557103 0.1074214358336163 -2.3257689098137795 -2.1529971968217829 -0.1147928834213037 0.4108444896012678 1.4083120529268851 0.7073548806572768 0.0418177017056927 0.0181824466125434 -0.6021078284111104 -1.0490052918736699 0.6245036526171295 0.2430517940309506 -0.4025725496860768 1.1877247146228145 0.6021237491114694 -1.4012870539271427 -0.1941107330487713 1.1316242100100249 2.1376653067597360 1.5168881500176201 -1.8468940151978326 0.5148444777391057 0.0582494946415102 0.5808880034887196 0.0171316183188909 1.7538921962399154
25.0000000000000000 0.5012153374993434 6.0000000000000000 10.0000000000000000 -0.5837066685624618 0.1998304244927248 0.2995721366212625 0.0237335841787093 1.8348380295304978 0.8385750996571993 0.1896289931491001 -0.0515212309704582 2.2220701767583648 -2.5821931404270240 -1.4791081372490869 -1.0381165021894403 -0.4561883251105445 0.3290460788288507 2.4444944176156151 1.9940167186883424 -0.5779760353050419 0.5605095842885145 -0.2617276244282525 0.0817639574364722 1.8431363748301424 0.0279575838542608 -2.0915498643773551 -2.0039900192430715 -0.5162488208403697 2.0710751915384651 -2.4081093028669267 0.0842894703313235 0.3019511742776951 -0.9051005352382344 0.0583037248590658 0.8211499602185411 0.7911291757088437 0.5346259322459230 0.1285881339162276 -0.0287442838504978 -0.0293928440574335 1.5783110577204764 0.0794765087457364 -0.6241260239572409 -1.0339429962421152 -0.2974821076929995 0.0362375450086944 -0.3544581267169314 0.1736015076467245 2.4894240986471234 -0.4033876122300893 -0.2182730557412554 1.5264578792237462 -0.6691201335072439 0.6109108177701683 0.8204277391108692 1.4046630300158149 2.2472003269024965 0.7389271684137994 -2.0970474154305712 -1.8074898287277104 1.1442507902983727 -0.7266197679354496 0.9127870073479254 0.6952342464353594 -0.5480997008896907 -0.3793939466212076 0.2278547142285252 -1.5090642081997085 0.4583399017514563 -0.1215751562855273 -0.1841935187597022 1.3937918568885204 -0.2855592498545113 -1.4173397081537296 -0.6198546307212309 2.4115356406609121 2.2064883248611920 1.6983061841550020 -2.7060644787375612 0.4762763250656409 -0.4792695743931241 1.3107040892048483 -0.7753604958766523 0.8014645844303503
26.0000000000000000 0.4975214166407272 6.0000000000000000 10.0000000000000000 0.3288277709292329 1.2422352769031151 0.3261429453792685 0.2915371141346833 1.3114657116927384 0.8167094016526226 0.1194928161073138 -1.2286247211959755 1.6786143299253946 -1.4257000562047208 -1.3113956840033483 -1.8277842495442507 -0.5136493595411058 0.2166936742406447 1.8353851438878468 0.5648957024035901 0.0588087045444657 0.5680185315366431 -0.5035803513483116 1.4582800578526520 1.5419962361339776 -0.3389436905050785 -1.6687653401802691 -2.4532353229400492 -1.2638948587157022 3.1466816042312784 -1.3654443245600394 0.4425249434059890 1.3827599094191803 -0.6022465996849177 0.3304824051804001 -0.5227104135731460 0.3309451923766571 0.4818147393542725 0.1487858654632288 1.0034523665003565 -0.1521032092412538 2.4317105070304565 0.2335664063826574 0.5787720513737931 -0.7664871262153851 -0.8845114136955431 -0.6805260983827448 -0.7341414059971793 0.6883220386152094 2.2406906291810054 -0.2586880681703544 0.1821044099315961 0.3600843621739857 -0.3533077674202428 1.0151373698059918 0.4003326326947442 1.9594616077559075 1.8233764386512603 1.5684272628442788 -1.3065220085395448 -1.7809903118608106 0.7916660977839478 0.5370520528191749 1.0652715463408171 1.0675636716042827 -0.7007038851006038 1.0448931015953655 0.6068744803855023 -0.9420813815144246 0.5609084075164955 0.3835114393621217 -0.1583745197412184 1.3214929188805660 -0.3399670834159906 -0.4473717144502470 -0.9658295251241931 1.4687398352565511 1.9908941830348459 1.1237189431751342 -2.7472806102842369 0.8472235135802828 -0.3076257270402104 0.9972914964696478 -0.0694669700115429 0.6915458573324407
27.0000000000000000 0.4972715924965290 6.0000000000000000 10.0000000000000000 -0.8519241486931728 0.0373047909102601 0.4597664207525184 0.3196293092693915 1.7079645156457364 0.8653540129149773 0.1182392693221916 -1.5152387346406078 1.6608976239007349 -1.2848883995220191 -1.1156024131460727 -1.4758277234558630 -0.6109671581158949 0.5839174971437953 2.4762719979299161 1.1490376298123772 0.7000397375343741 1.3165123558125429 -0.7851954165493988 0.7200131740595560 1.0393861458904512 -0.3888595902486889 -1.4060133100939280 -1.3959672145327180 -0.4067720602424605 3.0083999319660504 -1.0730474308410201 -0.5659531970753409 0.3085370827997174 -0.0352980475407816 -0.0642000390640946 -0.6655794456910513 0.0954596914732662 -0.0831387722135923 1.1890106127017357 0.1883414708271685 -1.1839890887156495 1.9043471317216047 -0.7485079694270800 0.3616480741269211 -0.1212896107806268 -1.1650486925455328 -0.3123839924349213 -0.0249542657200378 0.9541652184891007 1.7731572647116614 0.4963426513222778 -0.3666242130809016 0.9170400087620814 0.2910846483291777 -0.9380873475770242 0.7780058523941575 0.1197249234464550 1.4829595329971088 1.4392978391408922 -1.3235462848265485 -0.5621246916092251 1.1186201172394825 -0.7561379689049978 0.5740624107067828 1.4753903852905479 0.1715625793602008 1.0131410320508527 -0.2706080067215033 -1.4990861130328814 0.2360270235683762 1.0677144733018737 -0.7583846197586166 0.7448746765464811 -0.6859589289507931 -1.9037182894417550 0.4459273962011961 2.1042253860465734 2.0625805097367613 1.3840920470308866 -2.7652329834658200 1.0501791941924132 1.6569448952998562 1.1945261527293847 -0.8587757143923027 0.6507565149861103
28.0000000000000000 0.4905817006988667 6.0000000000000000 10.0000000000000000 -0.6220410142161855 0.1988474855210164 1.6601527195872721 -1.5367385863818481 2.2170797003397924 1.2513493920413881 0.2044999428711593 -1.8039668208846371 0.5697843801047558 -1.0503564464922899 -0.9815435120626780 -1.8687142009307647 0.6901492897477602 1.0815594193434599 2.7665887612765032 0.5003047237354820 -0.3494081918737781 0.0443459564996023 -0.2134126091919544 -0.0332071436077167 1.9669543992064400 -0.9688185676133754 -2.0847724293803997 -3.3844414884375409 0.0292626498261446 3.1569953681753113 -1.2466096714764805 0.4935886971884476 1.2796922105098743 -0.0427465609918794 -0.5057174002150941 -1.2872737718656893 0.6041345459347711 -0.1819449384124340 0.5470821597044431 -0.4135157727353898 0.1824459741616798 1.8001304526887025 -0.3601194824358568 1.1829193444456456 -0.1736826390999755 -0.0674830906007534 -1.0157624606467981 -0.5494333559786840 0.3975885231444726 1.1033849597429306 -0.3885833225474567 -0.4369830561888188 2.1179204970128169 -0.1302383460104521 0.1633806248886506 1.5000235831297388 2.6532657123457808 3.5301193341523875 0.8399212551523214 -1.8981560803563640 -0.0949897166656435 0.8591029584365665 -0.7216850468811493 0.3412207840666395 0.9996634792956202 -0.4092427714672178 0.4513201633140101 -0.8050162095230459 -2.1423337264807989 1.7626826603638697 -0.9241008624459135 -0.4098468259180875 0.2155059980816757 -1.1453639591873661 -1.3503554519453265 0.3963614908761668 2.1785911211637226 2.5471579141178040 1.6468348454028694 -2.9026702528078552 0.0327251823283002 1.3818831230125004 0.0196351590218173 -0.0210165477761599 0.8742645310570774
29.0000000000000000 0.4956903375021048 6.0000000000000000 10.0000000000000000 -1.4647845130762542 1.3982580911769582 0.3235490417768575 -0.4299861549978022 1.6073933107965126 1.3371918981026070 -0.3456958190392644 -2.7399806107362918 1.8687383190456310 -0.8078447685397825 -0.3767842808543208 -1.9107813857482228 -0.1102633910991233 0.0858608166014149 2.9184812591330624 1.2727641734913688 0.2305387064438258 0.7095850795036514 -0.5894180719050105 0.5830889225376225 2.1466559017296367 -0.9685002260400115 -1.2783102510112951 -2.8086292003004396 0.1577626832192099 4.3075808783698388 -1.3588596977467089 0.7149575377213753 0.8757890045121026 0.8124750333966737 -0.8506283585087967 -0.3963017049601424 0.8906707638080213 0.8798783768900040 0.3084499164928656 2.4155590062232446 -0.8712642678907538 1.2662320007073267 0.3899097539792756 0.2976645833610361 -1.2824898694604134 -1.6424176569945563 -0.7821821790900375 -0.3531538588294043 -0.0413645576103064 1.5357578013677435 0.2592406891487473 0.7745481520149413 2.3298724638384867 0.4951498644569836 1.1730265285324470 1.6371618649870872 0.6220089747884316 1.9792972131349749 0.4562047477031076 -1.7586257127228848 -0.9531585635617026 1.4766053832217152 -0.1198474889520481 1.1445750976670448 1.2062685293209185 0.3742398159449604 0.0668062372402181 -0.8205121378222699 -1.1848623819566697 0.5382066100390154 -0.2974072742725455 0.3732910878172719 0.6615605705340810 0.0637432724006449 -1.6230469815160804 -0.2955514191966137 1.6276159590036161 2.4085696408910997 2.3120998788293101 -2.8557036489508993 1.5922889441121080 1.4296976235177119 0.7897563563463587 -0.8862898818419702 0.1970675296975111
30.0000000000000000 0.4951060903709750 6.0000000000000000 10.0000000000000000 -0.2319232136094313 2.2440804608748257 -0.1758187559617110 -0.9130565997042097 2.7986288039189597 1.6326369680561532 -0.3493480991343965 -1.9443691724351075 2.6271154614658072 -1.8662457992002091 -0.4238062669691966 -1.4650787149421476 -0.0415868101336022 1.0348906318541182 2.7782881389111118 2.2616466133999809 0.3441463617394826 1.0036835300586193 -0.4255019847294179 1.7164355082789653 1.9433682716726839 0.7845869712697876 -1.9170952481036807 -4.1655767861004245 -1.0149336833807863 4.1986086151502882 -1.2604962048383281 -0.5261093430385738 0.6332335517502092 1.2453575806366501 -0.6861036463596795 -0.1928931163370797 0.0864813563272078 -0.1449688205729711 -0.8934124408562576 2.5817202338134186 -0.6232964131069042 2.3941994372782518 -0.5095895942386116 -0.1603462476145944 -0.6070161419822596 -1.0106421747898959 -0.4616862993281647 0.1375318335083343 -0.3053106151306298 1.0290080563958746 -0.6906447637306468 0.1846216851444968 2.0740891131567962 -0.3557445522790779 -0.2439430250996989 0.7254601074914044 1.4734096936600170 2.5250858727685919 0.6002841535512495 -2.3378875949162805 -0.9071329571178806 -0.0692713712695097 0.4075634780264601 1.5200842475136818 1.4074303757921580 -0.2182593540389886 0.3227982135840893 -0.6215972410504146 -0.6094732903971544 1.0307519142731438 -0.4307978447107472 0.4307350461352165 0.7883166049405094 -0.4404328592430385 -1.1763336043232289 -0.6977320048923287 3.0591154115434138 3.0111657350484569 1.8258357862847920 -2.4261212366870661 1.4312536444888080 0.8752252123449514 1.2094482733738612 -0.1337328014463501 1.8116451594542526
31.0000000000000000 0.4912096485401283 6.0000000000000000 10.0000000000000000 -0.1739660547295196 2.2987908486902526 -0.3511205695823335 -0.5401137994413288 1.9895250169978158 0.9231572749945833 0.7918399675410880 -1.3494334301680770 2.5971246314872203 -1.2786168987298281 -0.7092328789448903 -0.7135266482266753 1.8089623259458483 0.9700470144366603 2.4303168802834620 2.1256195030909635 1.6009725569463811 0.4550863346556190 -1.1974964002623241 1.4660383329285596 2.6647989073629508 1.1476062640725433 -2.3229149397265378 -2.5541405590296407 0.0477033562986117 4.7700502143826089 -1.3317879164951711 0.0293686734492842 0.2034451298269671 0.7303591350836414 -0.1369583090695855 -0.5681380020236270 0.5004944331372352 -0.1499357723079836 -0.1029987384045575 1.9372243146333941 -0.8819964768656213 2.5037032855557451 -0.8832685053253400 0.2041557505775407 0.5495434436028100 -0.5574039490730499 0.6155618252722660 -0.8277463369629828 0.6379069662342012 1.8621230107005964 -0.7217556490556734 -1.2065173028870804 1.4423046504351649 -0.2454207280550121 -1.0412619873305495 1.3990591293691030 1.8750858166209752 3.3679546693675926 1.7594997979612188 -1.7765479294937525 -0.5703547010828797 0.2705856569874474 -0.1372940117121415 2.1106285018243871 1.3278611756890357 0.9082721612752338 0.7858887332426596 0.1033317306151355 -1.3437359463229006 0.7698301939827816 -0.1312266060204927 1.3074360716643294 1.8580049272977737 -0.8788009617853051 -1.4862223847609843 0.3288030313271626 2.4199351355046348 3.1211699500148504 2.5930883535738456 -2.4394540034083430 1.2680387002594287 -0.5310545499835805 0.4067950182929173 -0.5524420991405007 1.2335554346298152
32.0000000000000000 0.4950156013378849 6.0000000000000000 10.0000000000000000 -0.9893616826019485 1.0703026760849537 0.1729104852329069 -1.3509649681825255 2.2034148000479847 0.8556928538960243 0.2797866838936746 -1.5419370631975393 1.5721682549106082 -1.6797971562543843 -1.2886225248385039 -1.2308768838314874 0.4850416448199704 0.4460569384184397 2.0573992625709248 1.7002275917809502 1.7827140370843439 0.3451572550244233 -0.9220370544372143 0.9381113784639505 1.6138025464209869 -0.5609987516629875 -2.2351672163257605 -3.3813628203825101 -0.5471322263941285 5.1363885773496980 -0.8938876778908431 -0.0655059950798843 0.7700757697501834 0.9811181429505368 -0.7325977374981396 -0.2357106801715624 1.0201154191172415 0.2974208085282819 0.1532811741828471 1.1441288004225578 -0.7412729405174264 1.3511830402839426 -0.2662681863574701 0.6567744900820975 -0.6759692709877829 -1.8477348981994495 -0.1564864749491199 -0.4774141818719519 0.5717979662871212 2.4834465713789053 0.0028354379227776 -0.0852782903231981 0.6193807059629302 -0.1787073183147122 1.3025886496159278 0.7711085253350636 1.1463646807057446 3.6933437868812442 -0.0111642450656330 -2.8393376331463220 0.1606201214809552 -0.0117220800813308 1.6484600698119993 0.8197799302801385 1.5986112302291935 0.9236291009921487 0.4931128423195215 -0.7571435286462301 -0.6242256060074176 1.1585052732899370 -0.5061058245636525 1.9074810620375078 1.9986069205260235 -0.1292726793555025 -2.1252591637052927 -0.4680045853510083 1.6432916487786353 2.5498698806672024 1.8607643839764305 -3.2100915569756348 0.3998726652828559 0.1653407038210244 1.8346612300462601 -0.4112452378440229 0.1347254322028090
33.0000000000000000 0.4898995348649078 6.0000000000000000 10.0000000000000000 -1.4949413863833492 1.8586361572554890 0.4087248346658096 0.4265015031877248 2.6848491809876966 1.1064055602354785 1.6658495651206673 -1.6369417528791745 1.6890406682276211 -1.8085251469635015 -0.4668620179184675 -2.1481545736474343 -1.0615657667188791 0.0485291351768602 2.6720165534075853 0.9320954524198892 2.8868586528617746 -0.5458458124562775 -1.1382807706089078 0.4329254372509335 2.6078086236308042 0.8176980525454706 -2.4077401353271379 -3.3322487174973490 -1.1182685439259592 5.6950636264163856 -0.5611190425942254 -0.5425108547381060 0.5470284792528683 -0.4529390080730020 -0.6075194518404016 -2.1546910139375566 -0.5225569756582419 1.0218849393677454 -0.3979561138715418 0.1798514215707652 -1.8565970329213424 1.6648519348090989 -0.4269742035247669 0.2648753505435257 -1.3285526203725855 -1.0278004041608604 -0.6290263751917498 -1.9038212947636335 0.7336946701785565 2.8401986207881489 -0.5639557487062382 -1.8903240861830897 0.8488630603870729 -0.7989591901488677 -0.3705770159346984 0.6094262247582098 2.1754188943601420 4.7950208555638820 0.9795478053005160 -2.3126639190807010 -0.6545994368658049 0.3619517429163272 -0.4359277213768395 0.8149603362465836 0.8251434575725850 0.2963472235587936 -0.0466645689018116 -0.3455887584098624 -1.1281462166958771 -0.1513495763747119 0.2150515159036179 0.7667459144455344 2.4118667027071856 0.8683712784411352 -1.9164722028056307 1.0299380106502947 1.9225030143727628 3.2595097280410692 1.5635115685828640 -2.9556289301113501 0.5825449359484449 0.8194415785801266 1.7941746922546837 -0.2231413925434048 -0.1489217966262395
34.0000000000000000 0.4898654890435101 6.0000000000000000 10.0000000000000000 -0.5624321285520402 1.9436847208412833 1.1289894101449693 0.3865449408432979 2.5073136856416398 0.7458835932315339 -0.1361741551626453 -2.2522508452247814 2.5135017461325257 -1.2521177483116590 -1.9824287811945742 -2.1415467900728666 -0.2669242707782412 0.0619844157163243 2.8702372289849363 3.0252491106926516 1.2653913954818372 0.1575844418007165 -1.0302806917389098 1.0054739502583108 3.9253885128136794 0.6305470877644258 -3.0557311717306037 -2.8873092220145340 -1.7503240519954817 4.7221782983115803 -2.4267418386363526 -0.6989821930240855 0.0154137109283717 0.0839449303297628 -0.5462167682680712 -1.9958196202979654 0.4365166455985893 0.5946736652184540 0.1992850859107430 1.2857381421044547 -1.8043999492080895 2.1321376456016421 0.9922480435520529 -0.2469148198664172 -0.0816388195404011 -0.0586162694704524 -0.7456837769108798 -0.0478690899413582 0.6179080916924151 3.3126853286629387 0.0112175832061338 0.6589940933650604 0.6985735568665756 -0.6100153392016068 0.7013311553972705 0.7415405339604683 1.7181886422888211 3.3723281467338149 0.3086118157497974 -1.7134033853904040 -1.0860865584757804 1.3411111744303907 0.1319635236529023 0.6466794538040738 1.5795373636224470 -0.1268492192729506 1.1751612845847730 -0.0573202412825198 -1.8241617817822586 0.9002889225294830 -0.3564951956825984 1.0595791549034568 2.5475227927660677 -0.5186644872257341 -1.5191278321895338 -0.8641171037730238 3.8800879982297993 1.6354254451739503 3.1066677157518718 -2.6976253948435596 0.4034122919796533 0.2214780820207723 0.9915639308325180 -0.6346577483276690 0.8635927343020419
35.0000000000000000 0.4883092450120556 6.0000000000000000 10.0000000000000000 -0.7940269408445464 1.4230116587695647 0.5826133986929634 -0.9528697274994434 2.3881186984841629 1.7705407645182947 1.2952331523875953 -2.6734466584246963 2.1697553181876073 -1.3668028092477111 -0.6421967443976013 -0.7762997814926818 -0.2532046836691940 -0.1791033113004247 2.9575210099187879 2.4971654514101429 2.1403847772153308 0.7450464828483427 -0.7787719761365417 -0.0539768026740823 2.6296459927636029 -0.0453700659619919 -0.9791239545918020 -2.7133707525495585 0.1949390007602825 6.1772496692172583 -0.3689396922884702 -1.6778772308717813 -0.8816093597228147 -0.2075708438369188 -0.6524555395858468 -1.0444061301530261 1.0051455024270137 -0.2584970687298854 -0.9912148897298784 0.5132874276983317 -2.0825330248866769 2.6165988456106768 0.1487660199094628 -0.2584224053676261 -1.8945132302100025 -1.5696581229664290 -0.8175308532156083 -1.4750820805532978 -0.3880549415266672 2.3513711853824875 -0.1422401374344003 -0.0605180784961820 2.6253340052305267 1.0948599824610952 1.1096781066052301 0.0095078527766809 1.4761144442445229 3.6327866116452023 1.0631861791697208 -3.1357102978114253 -1.0048377404192279 0.5158538460609076 0.6371761475529267 0.9729321272920977 0.7318975566968545 0.6835713991124716 1.0819973173243731 0.1228589695499920 -2.2630528983993545 0.6589177457653583 -0.5836669720399372 1.2531538644964209 1.9882080260610862 -0.3324136972688632 -1.0893551090668814 -0.9480956929987059 2.1527975410636935 2.1895457035210169 2.4177649136283770 -4.3614196930359110 0.7293117856718787 0.8995928430452400 0.5476234151556888 -0.5830569941980208 0.1701935440010471
36.0000000000000000 0.4902322262611206 6.0000000000000000 10.0000000000000000 -1.6162116997538554 1.3918427679069636 0.9829133291155138 0.2390618228425058 2.6493701279545583 2.1037828526441835 0.1850541247819591 -3.3300303833473901 1.5004925465502934 -1.9974195164340021 -3.5478239651617036 -3.0514155959420926 0.7512821518902206 0.1179271889620844 2.9188664115218073 2.8541968814270162 1.8538160311555891 0.6847719806788417 -0.7763685449103483 2.2400173660267937 2.8552872448394009 -0.8073975915530628 -1.4718995276677631 -2.7546827534291216 0.8170716674211064 6.1343913399247789 -2.2388244926139667 -0.4076820054589176 1.2856833901065585 0.3180875299420565 -1.0387636583423363 -0.5715155429931871 -1.0117218445752449 0.7528123227338505 0.6829451689671147 0.6833755807927330 -1.8582232449681457 1.1705986244233841 -1.3004044985466148 -0.0856408142563646 -0.0073340036173710 -0.4594036791551432 -0.7099465045365291 -2.1183736662098691 1.0771685884528988 2.2657445802955500 -0.3886393578995881 0.0311291453968901 1.3350702284552609 -0.4717367265882599 -0.7720959341165922 1.0551084241346547 2.4901517243758327 3.4134412812318757 1.1286220398157008 -3.4793327382643486 -1.2261437709119303 0.4165843297882280 1.6503456582860527 0.6012492262473478 1.7215022187370415 -0.9880934493324234 0.2637211594599870 0.4112194704885146 -1.8965711603309543 0.6308579140353792 -0.2506950675708761 1.5953427459541356 1.8471476194287200 -1.3985449048145069 -0.8499356657165014 -0.7078856881644250 2.4790086348010458 4.0425754605746089 3.2494217422637703 -5.1150336636896201 -0.9147251660175419 0.7140285008916344 0.6279924140799930 -0.1505775211395883 0.7327581404098178
37.0000000000000000 0.4826984438689145 6.0000000000000000 10.0000000000000000 -0.2345897717089949 1.9249164634285973 1.1900046320604019 1.3198832444545519 3.2455483552933133 2.1465540712958791 1.7501396803152636 -2.1875647675734027 3.3960801771882498 -2.6411660865111424 -2.8838878905821375 -2.3594559140058924 0.5515532421446662 -0.3689154705769362 2.8630029244470592 2.3854874545269742 1.2100806328684537 0.7468484429608042 -1.5812735957159045 1.7227603268363936 3.0589244036702645 -1.4268184596870124 -3.5195363188358706 -3.7257673016030055 -0.9918984780718481 5.7313312716803066 -0.8810365541243366 -1.5586942097444410 0.5958052687738105 0.2628244189792331 -0.9225459491507086 -0.6232136154435942 -0.0217532967527278 0.5441839664596800 0.9794300423639172 0.4074888077420130 -1.4306653191463075 3.4472911712844891 -0.0246038943872395 0.1807544671995788 1.1699563329371281 -0.7115094657633532 -0.2843853197752220 -1.9411033213786353 0.9322961343115749 2.4456367381848585 0.5654410306700006 0.1542214476836565 2.5598685418295557 -0.7814974685099363 -0.7039400763987201 0.5200312557064242 2.1889186483607821 3.6277038781285853 1.4941158080944024 -2.7500804335979034 -1.4118949914008814 1.7025595879217033 0.8902662950024309 0.7789499452917777 0.7117513157195378 -0.3029831187150725 0.7017003843777875 1.0732982550044978 -0.3685781570030069 1.5407389096794362 -0.1613089491043097 -0.0030367356427876 2.4812452341779068 -0.4867133630192808 -2.4398584964179353 -1.3023121528473494 2.9695203022292471 1.7932980684625834 2.4767707685838376 -4.8531311470500773 0.6852775832270076 0.9000702641933818 1.1766502792757141 -0.5891409074516453 1.0377519105258264
38.0000000000000000 0.4887682008392341 6.0000000000000000 10.0000000000000000 -0.8830993218723960 1.7598871961493883 0.2658244295392446 0.9423105222831148 3.1500735994639881 2.1546124502303221 0.3682013195585027 -1.9008296822606678 4.0986084608498707 -1.4510045266102416 -3.4516814133338727 -1.9790209797959133 0.5522639470568818 0.9985742093014437 3.0222488490679997 3.8974159615301263 1.5135328602235034 -0.0066955584351177 -1.6226663961642571 1.2970427213716718 2.3847930111623796 -0.5976910270923763 -2.6389893899479437 -3.1745538618590410 1.1656494209960395 6.1585106952196949 -1.7499969167775542 0.2876071449789208 -0.9078528643572651 0.6609500169992283 -2.2381696409734584 -0.4310671690058541 0.0866222343744797 0.5487514219324933 0.7199037692317675 0.7030938350493643 -0.6867149813443921 2.8653881285501122 -0.6716657391634719 -0.6705491480446687 -0.6453501256464668 -0.1718286171857494 -0.8769660619056570 -0.2206061489647659 1.2996673436549622 2.8938648134872547 -0.3452375714282491 -1.9521559133354913 1.8149935514534761 -1.3762812029636886 0.0909084566167869 0.6656750487823868 1.6262986762930958 3.3398223445245372 1.6445177300129066 -1.6988590168221958 -3.8383525916798469 0.5308399404408809 2.0039792938883636 1.9634730417158102 1.3393468615360065 0.0803705380699929 1.7596737662289472 -0.4090689406844927 -2.0443971350389476 0.1089403779325772 -0.1692492441849248 -0.6374740693882816 2.2046674671528024 -0.5175878684389004 -1.3125078693765635 -1.1392563228474073 2.6116487880852439 3.2062128962781529 2.2661375963884103 -4.5483964993003010 0.4623750538624101 1.0050468700208111 -0.2047354182268788 -0.6823868552281824 0.0199576291839100
39.0000000000000000 0.4803715119998739 6.0000000000000000 10.0000000000000000 -0.8941841149116654 0.3303151035126469 0.5818514766915109 1.0451346548451368 2.4019318368918530 0.9853135284714331 1.8410111880745401 -0.9925001259741426 3.5732988900531044 -0.3171830285032941 -2.8013885303807973 -1.8075407368782312 -0.0210645284483923 0.6931433463300576 2.8015587595217695 1.7526568916157643 1.2192069522782618 0.1957179294542145 -1.9510361170535440 1.2575490668238558 3.4132314908108574 -0.7701181652551836 -2.8127017548002606 -4.2038441974420317 -0.6321824541466661 5.3851363622178248 -2.2606581765340783 1.2205060340060703 1.3648974708063251 0.2229170654645426 -1.5201821071443711 -0.5638403652064099 -0.2433557638181055 0.4267549686609971 0.6576815161564032 0.4940233647025830 -1.9669314667201943 2.5966990420698814 -0.7950601958709630 0.3349902777856895 0.0359929399785655 -0.9658200943107882 -0.3638685288786654 -0.8315901318512018 0.9379366226829760 3.8209312421547268 -0.4993998876605633 -1.3673389947286774 0.8545102086386371 -1.4308531331497374 -0.2232187068251911 1.1110294179379989 1.8133416944385436 2.6043900766890133 0.9636609206218898 -3.0514302383803216 -1.2155786427701485 -1.0744850523084104 1.1139337480171869 1.0302651066492712 1.4885075899696874 -1.2450150970349660 1.3679772866937241 -0.0883917404021076 -2.6344378831103907 -0.5557969612489002 -0.1074046374828718 0.7154718994504176 2.9797791188599705 -0.5419160356680952 -1.7346228973604267 -1.6957109278681139 3.6746860937568528 1.9038706722608127 2.7953474373066967 -4.2909136657950784 0.6384960121809591 -0.8187096472886176 1.3862082170182157 0.2261473391398068 0.3794995438609401
40.0000000000000000 0.4772725577329431 6.0000000000000000 10.0000000000000000 -0.1103231482299509 1.2976802279276785 0.8052217862836039 0.6553205341710014 3.1803610880565856 0.8868124713236815 0.0013280155276931 -0.7731797391404185 3.5932185479884375 -2.2071539385077363 -2.1989059358131229 -1.1862880155060782 2.0786214698549785 -1.1979605632541193 3.7097681008249141 2.5135847844564161 1.9785315746705341 -0.5961513692734824 -0.8568192275961366 0.9110098749983595 4.6966794026261507 -0.7989576694814375 -4.1872921712657973 -4.0248359301965575 0.2238450701603003 5.1533592581658754 -1.2609711690561336 -0.3900701524794120 0.7941554402047467 0.2058270008014857 -2.3091002515138221 0.2373930199017803 1.0762896652368492 1.3100294248427928 -0.3901071508413646 -0.1896564612371286 -0.9223927560003111 3.2979292563073930 0.4466922350583437 0.3861843834961793 0.1699447336663670 -1.8990387451839261 -1.0443111946717116 -2.6822248561234208 0.3997041901831372 4.3185732890695530 0.4906791894171728 -0.4897486120437263 2.1893459089470046 -0.5467391898197265 0.1601187076805581 0.6247687595432772 2.6095511646003522 4.0398022104680624 1.4775013553046741 -2.1079444222578925 -1.7471482501594493 0.1233019051031216 0.0698326991352484 0.0318891059540776 2.4221870466397926 -1.7765243254708241 0.0431111190841976 0.1018860728064246 -2.3502961981282522 1.0133337147768551 -0.4720960092736740 -0.1127570371025711 1.0615573160135798 -1.5265823053233785 -1.0258350420441864 -0.5740413557450383 4.0827258001556119 3.2125123552764521 2.8487243750578921 -4.9133725219431010 0.2538926491500502 -0.3014407558676736 1.4321488482119875 -0.6078214027483291 0.3172082143981400
41.0000000000000000 0.4822012745381006 6.0000000000000000 10.0000000000000000 0.2170889614286536 1.3963047007271052 1.5942598238137451 0.6018999317860505 3.1486717025036897 1.5576907665844391 -0.1098324726483560 -2.1766904398992466 3.0342840956983208 -1.2444804706381909 -1.9554989000342893 -1.8439269747897544 0.1061961604920468 0.4605739235491633 3.2498490638597182 2.1755425201313763 1.2578312369108908 1.2200320426107361 -1.7942823207225045 1.7908266289696564 3.9345540032941155 0.1139073583856713 -3.7520633157214438 -3.3596411856918609 0.3049447502610040 7.6321696905796115 -1.5716565857177167 0.8524269013668534 1.3698232100772192 -0.7561902793933029 -2.7705551002276483 -1.6224277963253537 -0.6839754819064783 1.2143144408098963 0.2909123613160557 0.0744056664184281 -0.7223921985660491 2.2380537339114093 -0.4526813416567213 -0.0188675891023283 -0.6453136432726474 -2.0809299880555425 -0.8213146467971940 -1.1022788721394527 0.9375145717425311 4.2313762919952529 0.2525709814732224 -1.0088457106412887 1.8034607215656333 -0.7634241409120728 -0.9096730725434977 0.8566608379215455 2.1511572206863163 4.2993085171243788 1.1561739934902162 -2.9552071842233527 -0.9235094722519727 -0.0139376746992995 1.5969835081215595 1.0943809283541204 2.0568883937515556 -2.0244515140405408 -0.0684744709897970 -0.5181042949006486 -2.7762422253206904 0.0925043841430709 -0.0431938459094000 0.2297260184439509 0.9271483149482789 0.0490521942187137 -0.8014000977682666 0.4405232782697251 4.7204481062845520 1.9738099289574407 3.6755745636668125 -4.4277153149835389 0.3433494926751827 0.7503166275348483 1.2837496264843549 0.4163184206364214 -0.0676481419763403
42.0000000000000000 0.4808378423416265 6.0000000000000000 10.0000000000000000 -0.0361777973440833 2.0289901449601437 0.8235689388339255 1.9459071220441619 2.3543775539293241 1.4093287414567017 0.6428547249683358 -0.3667019041615034 2.7262196806387435 -0.8000414753011847 -1.2556785578290333 -3.1275405469788358 0.8495542107949724 0.8804314924460932 2.6161329722969917 1.8335420766640582 1.7444667336401056 0.4280352305690586 -0.4678710649017945 0.5047201573426133 3.4802290751728933 -1.2428588409338577 -4.4931233699411690 -3.3723609819688560 -1.0242816385083375 6.9120832178404781 -2.1099079337090698 -1.5738866197540964 2.1917566768349808 1.1566821455029535 -1.6292729496992491 -1.9407631585427860 0.1639487948434755 1.0569885458240735 0.8655372188408451 -0.6429441529273404 -3.2809011010707554 2.9195133206162449 -0.3370857029616285 -0.7632917721569310 -0.7226067002033204 -1.5845270098549540 -1.1466673143568298 -3.2496490120618984 0.7096499675619373 4.1022080151181308 -0.4962663968075244 0.9535238034864061 1.5934578156405144 -0.7998292435517220 0.9553949823180239 1.4151423143239681 2.2637224837874923 3.6020281789759165 0.2707403934956862 -3.1400109375494889 -0.6116104491236873 0.8815805020822426 0.8064029492888544 2.4771309132836334 1.2619352357635427 -1.9425634193708894 0.1556719530184651 -0.1538481439488658 -2.1869425579954607 1.2233922145172651 -0.0720439011389156 0.3366426034811938 1.0229099101503809 -0.8658294721665033 -0.5726348799769594 -0.2481175839334813 5.0429391356262663 2.7314648432066058 4.2809750971992813 -5.5205290976015062 -0.6722577189699358 0.6647993682019321 2.7735687206749624 -0.2059080973616786 -1.3596647507657367
43.0000000000000000 0.4860038683609567 6.0000000000000000 10.0000000000000000 -1.6465968450011146 1.7780860372166896 1.5143656482450876 1.4510177088857801 4.9595774995901980 2.9700631290879609 0.3834525338826755 -1.4872361039160733 4.3395849866853924 -0.5124007120004209 -1.6142876026913060 -1.7405493182293488 0.0568037508004358 1.3162747213481607 1.5495635621908352 2.9081560083881670 1.0849222328415096 1.4176864519937995 -1.9468005456145039 0.8115491210373792 2.5564651662853732 0.0548659094305315 -4.0605987501719083 -3.7446019385210674 -0.8702089904797483 4.5681544871832385 -0.5372234775247287 -1.3600408031353379 0.1826412779518398 0.6147459543319262 -0.7474694988004027 -1.0730957566481127 1.7120899095645976 0.7185630814670381 -0.1477192481881784 1.9205954691358704 -2.0800767928738182 3.4630563896097581 0.4793949001975341 -1.3721966213609202 0.4628970573828104 -2.0136161209676815 -0.7907372702386142 -1.7858913839984436 -0.2213946452878471 2.7674763550746411 -1.0992737486367659 -0.4085855753192441 1.3604066655276397 -1.2968878401921837 0.1994740477081663 -0.6476845362543918 3.5405225185485696 4.9528702997860714 1.7299590299296843 -1.5915453280374612 -1.6115045394300864 1.5422925557252132 0.5450990023337996 -0.4873129501920713 2.7311533647472066 -1.1255313807273042 1.3346404144322692 -0.1010022076256317 -1.5032914760940566 0.3281353852725023 -0.1539374849831702 -0.1026098889438440 1.3957455839162207 -0.2148209865466436 -1.5707265885114787 0.1613969751258193 3.8785066180850660 3.6979292380358961 4.6091243945110394 -5.6028967150116609 0.0607377882310656 -0.7599929946220254 1.2721028860305077 0.6953965631924917 0.5049595844430884
44.0000000000000000 0.4750787240450363 6.0000000000000000 10.0000000000000000 -1.0271708591949520 0.5165535089374352 1.3782578947314925 2.1553320209190643 3.4614984170768941 2.3601817051268030 -0.2423409854340856 -2.6134412164967182 3.6644335489485247 -2.0801429738697861 -1.5215394239046565 -1.9127734017414093 0.4839394250956806 0.1808910728510326 1.8962316494549039 2.8672796252909607 -0.1335790910791808 2.0038575789510014 -1.2689978540558808 1.8603711916858821 2.9634229483388932 0.1472138657349862 -5.0978194750637762 -4.1992829147197499 -0.6094290463591486 5.5329232638842729 -1.5839826529522072 -0.1069970526103651 1.0853405509199037 1.6764672922902870 -1.4698626639068997 -1.8433705842367265 0.7000258698122753 1.3643505200684292 0.5352977968685032 1.0920929357334936 -1.4716599294188215 3.6655426158170576 -0.1884592647805473 -2.1602579059778613 -0.6360730684724214 -1.2255657159939704 -0.2318698248074986 -1.1127287605958265 0.2648828435287045 3.4546285437404824 -1.8473721904720166 -0.5207459084680935 1.5229821676752353 0.6611536714800785 0.7129003785885351 0.0297298342970714 1.6113491811318030 4.1742689051301278 0.3562604100593736 -2.6980642353735980 -3.0401442231877982 0.2151390139024571 0.7225439813683795 -0.6907075965481837 2.9397921035657926 -0.6410289130507969 1.6735636803713754 -1.1835016031340118 -2.2656550921485041 0.4029491294632771 0.0058770940777833 -0.9526906856154169 2.0128057163177839 -1.3196920801610923 -1.1801435368841808 0.8968582259922699 2.8463652482143953 4.2613882990511058 3.6917610041419442 -5.2787483726108464 0.9665388085288995 2.0847583306539597 0.6784992725914123 0.2498031078290348 0.3370003506966216
45.0000000000000000 0.4793431904022679 6.0000000000000000 10.0000000000000000 -1.0794355694317113 1.2395255088776229 1.1556230304087056 2.5734321433646925 3.6947532472803077 2.1525994551746290 0.2244305001471417 -2.9649794210382003 3.8906777972321791 -2.1706104648973037 -1.5120720047823242 -3.6187981435458183 1.8626603500433276 1.2743050830004048 3.1239873811863830 2.8045296731734370 2.5677235738977311 0.9108302578003512 -1.7858870036745960 1.3586187752401779 3.5300281657353305 0.6486834629807755 -5.5038464967830310 -3.1532352462786948 0.1480911137630330 6.2016836278996221 -1.0395309550220437 -1.3023399485505236 -0.1797966608444423 -1.5327922222279149 -0.3638112560615763 -0.8411677910246174 0.6796219563776824 1.1534142979217772 1.1864350431016597 -0.2467534787873243 -3.1339874298281831 2.4518740115930986 0.5631969720052089 -1.2909895674735621 -0.2012906293217597 -0.3927755087416869 -0.9059013623137508 -3.4499771864331512 1.0470442140433007 3.0688401268623164 -2.2450843361787118 -0.6706764673030248 2.0568682750865399 -1.1450670706312440 -1.9035303060850290 0.2153594316273796 2.4190005569234803 4.4003197153310536 1.7189782973077752 -2.2688768764540748 -0.9604280653271228 0.1302511894529249 -0.2582638404294835 1.1360946735359265 1.3435510078787984 -0.7446902295838773 -0.1201877958046048 -1.4534914473896223 -3.6184580770576273 1.0232259925249545 -1.6102396898089402 0.4043756819731008 3.3918409832001597 -1.4430057408779993 -2.1046966393584667 -0.2675854334692171 3.1493308957119854 4.6463896319954463 4.6779091994650734 -3.6834600810284179 0.5492314563370929 0.2258041363201619 0.9625920916660895 -0.0519215199094519 0.9730990903720377
46.0000000000000000 0.4794651826516029 6.0000000000000000 10.0000000000000000 -0.9105207020689958 -0.5000823977158260 1.0674805309821438 1.5152831833041236 3.8658249508029066 2.4457451887071224 -0.3408957021015522 -3.4201833327099922 3.9324132692983795 -0.8781397806164036 -1.2416896587455168 -2.5216585288578854 0.6945177854320949 0.6052392923001539 2.3743462031997367 3.6450117634028834 0.3029549685789090 1.6244282678249669 -0.2218636679041872 -0.3088211170091431 6.1726387094483588 -0.0032032742494527 -5.4613303912209430 -4.3773822313063597 -0.6544304421531043 5.9096823665823512 -1.4846345709553592 0.2966351467416469 2.6817961216598714 0.2445202311280408 -0.9445344932322087 -2.0671328071312112 -0.3562916582069495 1.7544989361815753 1.0834670445405092 0.2196275394265500 -2.5613045254273792 2.7127639166047435 -1.0536116604022923 -0.3264336048732835 2.0802175813084656 -1.8742004892892674 -2.0644321762875610 -2.3414625133541374 0.7105717224382390 3.2405769050270061 -2.9341873794542841 -0.6338819079448040 2.9474335166882977 0.5462794641749550 0.0592978110423764 -0.3182434386398658 1.2122654584191435 5.3546255091936743 0.4628314204726440 -2.2053439368114862 -1.7774373830869077 -0.7792615244443242 -0.5312198870168447 1.7504004349016402 3.2269285064593403 0.2233495115697051 -0.0434923311179805 0.8444202075965808 -3.2264456133931207 1.3722989732563691 -2.0916472223106841 -0.5473409266468530 1.6841637657288913 -2.2449151167731278 -2.1517719446128618 -0.2245295344710482 4.5611678292328275 3.2455064859033600 4.3290359053987819 -4.3974957796692209 0.7750098906378947 0.6418033187653353 1.5744632178684150 -0.0324799496381215 0.4760826636180443
47.0000000000000000 0.4776900032433434 6.0000000000000000 10.0000000000000000 -1.7485055267729130 1.2009113445879991 1.3821945307211467 1.6763081364384815 3.8982060814777011 3.0453605857805308 0.5025960312236221 -2.3299065558212892 5.0692144372678261 -0.0981335070202893 -2.8426158277468003 -2.7138804282169082 1.2794718319033493 0.4285627155106043 2.5954126876983685 3.0483130286037641 2.7337422108112852 0.8840250871725042 0.6459572809653726 0.2089788571294091 3.7804648993557830 -1.1566332690568364 -6.2935410374744443 -5.1635722389624927 0.8845802167465926 5.9528699892726964 -0.7560802249035536 -1.9286543941526682 1.3521106791537860 -0.0567862924208135 -0.8458108661812129 -0.5741486457484639 0.3713725460068665 2.0688162325875563 0.0752329154152077 0.4417344220718064 -1.7167460564826351 2.6243646504006120 0.5780380757348884 -1.6511191922580111 -0.4232862767760436 -2.2695318014957140 -0.8751908058434406 -2.4645726006500577 -0.7407613925615201 3.4230355366090581 -0.5180736475414488 -1.6007697116861115 0.3352370063552614 0.8446737549853169 -1.0132686036611789 -0.2696711438179003 2.2804678853094438 4.0190523636168738 -0.5185429151696845 -1.7836286803400752 -2.1661038701510558 -0.1060831650550789 -0.6004170428552573 -0.2818250623402795 3.2493553070096617 -0.0225719563266662 1.7481497931219738 -1.5992206147261254 -2.3067084335547099 0.9434964029058200 -0.5959497034708215 -0.8790316255465918 2.2612537599219533 -0.9197044551386495 -1.5949961113918263 1.8022628962895668 2.6869620662706240 4.1067481031581297 3.1152761388970385 -6.2175190775606559 1.0784188505220804 0.7261523215401076 2.1888591913166753 0.3652973224386500 0.6893622646699182
48.0000000000000000 0.4756603991720523 6.0000000000000000 10.0000000000000000 -1.7031968925535306 -0.3094275401231656 -0.0667339467905490 0.5035900298521503 4.4815467027702010 2.2288233441307077 0.6553512067382761 -4.1654360359551506 5.0034630373513975 -0.5891146453089172 -1.5213184439428038 -3.3819175770006433 1.4915668467490035 -0.3400475907025081 3.2579920245759539 1.8293815897792789 1.4734978696044956 1.1649089230429632 -0.5621511257748157 -0.7771745269071105 3.2007992492536488 -0.9422555831163275 -4.6034931481129782 -5.9557201835236331 1.0548615282489000 6.5489875291101320 -2.4368428881398438 -1.7184493194352894 1.4647180388510468 0.7513921734941101 -1.7638971079277912 -2.6235287731077790 -0.2855512434432885 1.9762633823304259 0.4728825941868526 1.0811430416127945 -0.8659720723356821 1.2298108718758132 -0.5894187644185815 -0.5205799644779207 0.7384671121261644 -3.2827964891479589 -1.0859633758304192 -1.6910640494641100 0.4848442301327027 2.6952032053380042 -0.1942057175296241 -1.1071010130507870 0.8921997273676521 -0.5243830209135609 -2.2032517409228349 -0.5635029457502715 1.2624974576860390 3.0494416483830151 1.0084688579408652 -2.0597558218059975 -1.0216560786275881 -0.4426893278111962 1.7111884185446411 0.0789413669027439 2.6836844360556755 -0.8770661545790079 0.8811275115830494 -1.3394439930183286 -3.3265097569119590 -0.1527476252674946 -0.8750045849167152 -0.3574218668454324 0.5854584085872203 -1.4232619438389857 -1.8338191026422166 -0.3060657560222818 3.7216949586611610 4.5400311202095045 4.4933426369056999 -6.2272225417407316 0.0614302453831277 1.8510151744445382 1.2855991651174687 0.8449118769028631 1.8423801151476229
49.0000000000000000 0.4726341736132189 6.0000000000000000 10.0000000000000000 0.1756791443773382 0.6260494499730327 -0.3047574202568086 1.1654686811326997 4.0466455382816928 2.6508958478087137 1.1635260958211728 -4.9225811248816607 3.0037415351218195 -0.8000637752957978 -1.8314673457645765 -1.7080682604743629 1.0915041918146904 0.9753160126724737 4.2439724880552578 2.6514011870969760 2.2179787493117282 0.8405998604611364 -1.8700805292924532 1.3773364317998231 2.7444157658623869 0.5926775468489951 -3.2267447479821749 -5.1200155618847525 0.8606077032594859 7.4684475812650595 -3.1826175062192550 -0.3282987905979857 1.4909755401668461 -0.2734795955965548 0.1626605828033159 -1.9201465736006946 0.4786776741988297 0.8186300839010880 0.0106458998517589 0.8698777034755554 -2.2418527678401525 2.1625094322401752 -1.4821345069275678 -1.5076512842816616 -0.5213494405918424 -0.5011663415960275 -1.2272216487018888 -1.4175590569939212 0.4184320137690044 1.7518048773139454 -1.9683994170879495 -0.0151577945392418 1.4297759405358428 -0.5329590608282418 -0.6953085765714573 -0.0493566109307739 1.5730151397648835 4.2419665717056567 0.0100364181573306 -1.6996166864768243 -1.3064379380489139 -0.7297758633628865 2.5652933575874477 0.4945360013703862 3.3835649193749702 -0.2801187119535371 1.7111074661754717 -0.5463582497302355 -4.1018816846287214 0.4702888268995374 -1.5200997392692797 0.1729798080754877 1.2963727269224197 -0.6931650610251584 -2.3672879217795479 0.7721375089622091 2.8743291482082469 4.0136898066425175 5.4835909614928120 -4.2209539110942726 0.0565355042542539 1.5915190693810133 1.9295702320885422 -0.1618642535450475 0.2377025768286841
50.0000000000000000 0.4772181665455252 6.0000000000000000 10.0000000000000000 -1.4680875759880727 -1.4958046389628707 2.3312534243584615 0.2136801734405972 3.9574433750117892 2.3938864957203236 1.6718663094902857 -2.5001924934214386 3.0868229332178481 0.6829194621212130 -2.5199449603699255 -4.7752508543715013 2.5173978567164266 0.3029923676265248 2.5175962824367599 2.7244718942308159 2.4754885553396564 2.0078657543191514 -1.5981433231762079 1.1584253407732439 4.0305533545601442 -0.2517241596155932 -5.2703833943083485 -5.6873716789862918 0.1298552819565000 8.1624057605436775 -2.7745881622312436 -1.1710173210260859 2.2848444079033796 -1.6330836735326653 -1.5713696115163747 -2.0824805350310740 0.1633772695928696 0.4235531675619211 0.3072529009412849 0.0272386983336176 -0.6350346387400403 1.1721048675778709 -0.4702870039901076 -0.0719504381264134 -0.1725691094065945 -0.5764203046490858 -0.5300402920814744 0.6984920556188023 0.1787577941178546 4.3222028534116879 -1.3433052777916428 -1.1057538343587356 2.4270715090086035 0.3046132148694547 -0.3071099953959938 -0.8241715437791980 2.5213717367342250 3.2770555730978441 0.9733148144234753 -2.7309062428475643 -0.5221547024154306 -0.6376332736866741 1.6804878724483296 1.2374367756295070 3.7291111039716882 -0.0447112476970623 0.7836579997832750 -1.5054785074101844 -2.2340414007692608 0.3966377018123135 -0.7258950922922305 -1.1220546853904263 2.3853349879694927 -1.0873235351247179 -2.1910214236662267 -0.7265143561851135 3.9129615878696082 3.6948661888831618 4.2471317600713032 -6.0244863058752856 0.5953028147015061 0.8861500782210050 2.0519424899256231 -0.2301908700645050 1.4577323558350006
51.0000000000000000 0.4758839231041830 6.0000000000000000 10.0000000000000000 -1.7834970799530956 0.4455643176489470 0.8626918437856985 0.7074750475833479 4.1558597090592047 2.4276344467065121 0.4474748593164921 -3.9050800773286962 3.7720454078651500 -0.0828450498061823 -2.4860343403928731 -3.8648062269476289 1.2792792235431105 1.1887624188207240 3.3584493142705396 2.4769642039354389 3.2236132868670029 2.0236413904685442 -1.8809962028811353 1.3548217760183756 2.0972011329671689 0.4621219449466507 -5.6514920566321614 -4.3530550603442153 0.0883845484173269 8.5090163124178009 -2.4703154235763463 -1.1600584817512509 0.8572646648283829 0.8450792234808189 -0.6042118851797176 -1.5983094654971128 -0.3724512069755742 0.1014231818941288 0.5668735688506207 0.3781808203257169 -0.4077293688694263 2.4955546389425485 -1.4416295575997240 -0.5551077832514919 -0.6429477393067510 -1.5790046454671733 -0.6601931363558078 -1.4263560848331622 -0.9012172186398738 4.3653757943809994 -1.0155554989333730 -0.8926882328198706 -0.1589900310006436 0.2675872065681280 -1.2249204018404074 -0.0427209527083935 1.9301731550765064 3.3363771084441747 0.3700295936991526 -2.4754336160323955 -1.3563645604397585 0.2001231188113700 0.9168543977807402 0.8787684131322349 4.3843032636263199 -0.9508657089813735 1.8882472916783608 -1.2019019895264322 -3.6394823128618303 0.6837041304463245 0.2332973256034673 -0.7207002950504022 2.3244494205329858 -0.0789836384858998 -1.2244970929215977 -0.1639286746025676 2.7034979646350497 3.1033138510848728 4.5283051670913705 -5.7165507111400666 -0.2557619459407107 3.0153997677805391 2.4850478740530622 0.1029420636522024 1.2717997679440640
52.0000000000000000 0.4720603029698442 6.0000000000000000 10.0000000000000000 0.2239189974614400 -0.5716649577297404 0.9168404298721078 0.5931999110394036 4.0657668145218748 3.0864788811832797 1.7581882958044976 -3.6840575934185562 3.0521057496900759 -1.2426370961661224 -1.9879757797466402 -3.8087964037361894 2.0478643093814171 -0.0844055281638320 3.4628053794763689 1.6686894758611968 2.6259276332171599 1.6976241866457247 -0.5838989552041154 -0.8453399392645753 2.3997970820578778 1.0159561231055305 -4.7645829417779524 -3.6004373953471438 1.8454373146334131 7.3138395457584515 -2.3904961574010670 0.7251551502973567 1.9710098934520190 -0.0142633091192084 -1.6344536221534309 -2.6023227954916512 0.5355900725723113 1.4773313175395983 0.4685606660146178 -0.1642880791373302 -1.6858540173000822 3.8481414686365083 -0.1221719214345951 -0.5512634790834482 -0.6302479070469158 0.2751183271002999 -0.9750523340766015 0.6542616087829036 0.7762662068998460 4.3747572645813610 -3.5083469301443273 -0.6330232294440313 0.7598195217580312 -0.8557663520550998 -0.9552494638716006 -0.5567736603126867 3.5280615832652140 5.1809174040753758 0.2181017737730703 -3.2785815528620619 -2.6367652438657405 -0.2893960113465687 2.0860662432208334 1.0717335718392018 4.2728649349637537 -0.1154930666787312 -0.0905326273594728 -0.6051581858331806 -4.5095752382123999 1.5564816354622995 -0.5905320933668035 1.1681848981773273 1.9975977271108083 0.2267301268700640 -1.4558439160383276 0.0126214065999511 3.0037203539651265 4.4592378999815425 6.0767058278715425 -7.9866384100931409 0.0399823392832815 2.0614739387884420 1.1805124218289444 -0.3934985328727721 0.8587438910908546
53.0000000000000000 0.4736472204688251 6.0000000000000000 10.0000000000000000 -1.1336836769219196 0.7461835877246803 0.4917464886693835 1.3548957774746895 5.1709656077085961 3.8649466426907848 0.7802714836628017 -3.5060797049275485 3.2684700110510665 -0.8897044517384105 -1.8147895182282534 -3.6529580705169038 2.2306221846414709 1.4872682842510074 2.1076744137621062 3.0141384332724339 3.3641980876579862 1.2291796024500197 -2.1213351905756319 0.1115544545511929 2.6454420508557202 0.1783719226913575 -5.9841923352252628 -5.3738771239771452 0.8553556691058434 8.5601294030000847 -1.8369870067255551 0.5124566576440508 1.9516070644998078 0.4712204813101571 -1.2420240187651270 -2.4324809990858842 -0.4216520979614297 0.0550371342919407 0.6884250600592312 0.4971339697851097 -2.0124852559656006 2.2858079102832369 -1.1193631799877659 -1.2799152104098039 -0.3461787813913592 -0.6848035783139272 -1.4137086039928521 0.3258371439332938 -0.6896228290473060 4.2954390019329258 -1.2976481108149462 -0.7249143558998919 -0.0619732300297152 -2.1181770253600503 -1.6187330443010755 0.3761819960359059 3.1368184287558742 4.5162675555984446 0.0086300337580108 -2.7910721638814242 -2.3119794076409379 1.2841318098100261 1.0090180867827307 1.6669547929016439 3.4215743339827780 -0.1042959630992070 -0.7368892905902422 0.1547519614186746 -1.9084827266406093 1.2041070184195457 -0.4986868329020125 1.3560803403254691 2.8571313085418582 -0.0829518335781191 -2.0513472427060755 -1.1195959066803318 3.1447921932181524 5.1630049473280755 4.7698971580252625 -7.7591197116398538 -0.3824953993428312 1.7372647418162883 1.7962596551634160 -0.2918354455496250 0.9415657399323434
54.0000000000000000 0.4698287628315175 6.0000000000000000 10.0000000000000000 -0.9821032189811556 -0.4766493770240263 0.6788830361558293 0.3529100980807577 6.3219566052916516 2.6373556299433756 -0.4076499444438104 -2.9512317663065204 4.0450319184557202 -1.6994318354104605 -3.7771517891262683 -3.2856565909122035 1.6376173626350590 1.6237424566992433 2.6784001085930562 3.1319951443444083 2.4469878020697768 1.6069601107837530 -1.9894023295447050 0.2507735898775332 1.2199034841902747 1.0692977312359651 -6.2872318461805943 -6.5228382660121387 1.1206959294232939 9.6299921882158319 -2.3992460421433859 -0.3705715842471518 2.0823167836259016 0.7867314267742285 -2.4850757554607443 -1.6001396965558681 0.1793401061778616 1.1102976942654861 0.8887405736018644 1.2854303202875432 -2.2719270858686995 2.2679344146645772 -0.7559054517672986 -1.9291563807484873 -1.9600609609701358 -0.0105577654288449 -1.1223145016864298 0.2394732028628593 -1.0118255188974328 5.5038279934381276 -2.6323386969581688 0.5466325546546599 -0.6642449590165181 -0.4530352465444260 -1.0313989711963814 -0.1901029766844483 2.6148291480325958 4.7565772544690725 -0.8152261912115987 -2.9977203118109572 -2.5605515637841263 0.2074759087559571 1.6446972872890220 0.0117029200857222 3.9072482180477768 0.2858906086038543 1.3652901104193931 -1.9461733522152431 -3.4936562999147371 -0.1844244596681558 1.1792333024808794 -0.4071412226242072 1.8893330705523679 -0.5629453029261617 -2.6584373392125817 0.2013565563372549 3.2527011104625245 4.7563655023289355 4.0375516371716147 -7.1391210143072819 1.0025401957039346 1.5081019113900127 1.3440202994828587 0.0002556475940622 0.2329793315197199
55.0000000000000000 0.4710286605141081 6.0000000000000000 10.0000000000000000 -1.2425320452960609 -2.4685643505577866 2.0144066280146240 0.6121360580495345 5.4558908128562402 2.4117043382413739 1.5315862616252240 -4.1990220353640533 4.0433543900126496 -1.0448701057898919 -2.5868174529651675 -4.1219319093696392 0.8623168316115889 0.0682023566752761 3.1826567869332583 2.3768047359951772 2.3029022408118323 -0.3942577591568679 -0.1896790217115831 1.3413369842707756 2.6017866244800483 0.3153560686387410 -7.0007390838503802 -4.0584552503752747 0.3252925918718150 8.3374177822896041 -1.4914632643029666 -1.3411658951963104 1.7131858026367950 -1.0847790097866081 -2.2147224229473021 -0.9603599084606452 -1.0355429816719151 1.2002714721069552 0.3324818503692223 -0.0566397326413072 -2.7866747301544206 2.3713105760328381 -0.3546179831751659 -1.3241225829659089 -2.1464308817578286 -1.2420801120677598 -2.3409871430195999 0.2355989172922844 -0.4480662609127144 4.9220778836880799 -0.9214255943478920 -0.9716491035446804 0.1260463507527222 0.0741222398095133 -1.6691128700312916 0.5449121145906328 2.8624107519991546 4.5249767216694128 -0.5116029605840449 -3.1875854324149349 -2.7918838506571104 0.5790087775752948 1.9153388911774578 0.0236602953949483 2.1807394655664201 0.3435783736988999 0.0039352929810135 0.1014322933336055 -3.2828363459888479 0.4829264514122830 -0.2253013002166988 1.4294729968654232 1.9152213174120245 -1.1609591685471794 -1.8520942949011010 -1.1733465181077052 2.6757596624320343 3.6888590615771775 3.5226398573696365 -7.6700634781652557 1.3296907574912347 2.4495008629781689 1.3941452104678000 -1.0096399062215344 1.4536991059334299
56.0000000000000000 0.4762218941697992 6.0000000000000000 10.0000000000000000 0.1635743751684265 -1.6592112859507719 2.4039959847286041 0.6878619773156556 5.9576638584046124 3.3606300031522833 1.1815358619819492 -2.8869547762440577 4.8467313794371876 -0.0007059063288053 -2.4840238394504528 -3.4519113070621623 1.9278200105682697 0.9945553903435588 3.4916507249920996 2.6693000144582504 3.1025071256533385 0.6059283933713744 -1.1926052514811072 0.0727142440221200 2.7773931392376752 -0.8318747418501224 -7.1190292292011677 -4.8301483611880238 2.1148580985089893 8.1255185657778934 -1.6779579563796077 -1.3107154408945458 1.5790754828278855 0.2094363972223723 -2.0146440697477841 -3.0998721290483893 -1.7827078564647121 0.4374390695469036 1.3257587237136410 0.2918457905734482 -2.2078565306356368 2.0831289748135813 -0.2169251325451248 -0.8018432242378957 -1.8694805685103215 -0.0911904549741446 -1.3706570866339050 -0.7950013710414243 0.4463192720433626 6.2252200601442267 -1.6794559196167884 -1.0061831813053186 0.5302250580649092 -0.6350791930519477 0.6763779287248635 -0.5281117116719655 2.8846759422789883 3.3404356176999710 0.2547848428283627 -1.8382850414089369 -2.5353538311408021 0.6302407536760618 2.6532797916145419 -0.0940560526617968 3.3338606564614244 0.7084726499558556 1.3354816602394153 0.2979454257752958 -3.1023771716134871 0.7055534701914807 -0.3562279117274316 1.9223268735767010 1.6901014776573868 -2.5291707935772685 -2.3904003312038347 1.4646087395037459 2.3425935455529796 5.5726994645691619 4.0099028111000603 -8.1407778807373337 0.0112911760199100 1.6034609764412442 1.7777076650646608 -0.2184523452023375 1.2361442709415653
57.0000000000000000 0.4775150185783207 6.0000000000000000 10.0000000000000000 0.2189932548678114 0.3243396403046142 1.1050390874819014 1.7567500690582236 5.9678265363899756 3.3857531907698366 1.3853025667287866 -3.8639894777963923 5.8315244353195510 -0.6159637243814805 -2.7571270637481291 -4.2643262915269791 2.1118870854510607 -0.0017656744533302 3.2651975802073059 1.9741446511105376 1.3909308007597159 -0.2224327566171727 -0.3918832561939080 1.9187051764189431 3.9556176774120786 -0.8432841903922701 -7.5679899891496101 -5.8466815634470226 1.9930556510043005 6.7251081156004533 -4.1657006143413726 -0.0211386424244625 1.8437773972278664 0.6529886665742878 -1.1047159673672839 -1.9174770960796337 2.2600516990244448 1.4344783329196391 2.8120956566490984 1.3110149825730975 -2.7702844570897289 2.0956905373754022 0.1009023183192869 -0.9736372216026973 -0.0959127057254384 -2.8228649581666612 -1.3573420500345241 -1.1351740374471224 -1.1859019030214295 6.6575727841427126 -1.5610327519948053 -0.8235084960339488 -0.2291498049387993 -1.6023782155556954 -0.6088214987577634 0.6360224407687936 3.0600625231557634 4.4512482484952853 -0.4773833122505912 -3.4745528298304142 -2.3804273481184812 -0.4100332424170561 1.2202793212935688 2.1472624518356795 4.4229289056061010 0.0368378777391791 -0.0397483223149119 0.2792452794930891 -5.3814469118186663 0.4034788647629669 0.7796601631080753 -1.0225871841867820 1.5227267672485061 -1.8926240059878694 -2.9758332237665592 0.8933992559301076 3.0806046686926609 4.1921742454818931 5.0538715196722963 -8.1697512561301284 -0.4598400613196211 0.7445938571489151 2.4822321127248941 -1.0035293220308279 0.3515594580593995
58.0000000000000000 0.4797479188349478 6.0000000000000000 10.0000000000000000 0.0685004277263458 -1.5400583217713129 0.7732385530003841 0.1118680384929007 6.7643231499866889 4.1890961426643551 0.9275288279710545 -4.5967199870684272 5.6295382189275820 0.0521902882169665 -4.3108362142036221 -4.3547143600072875 2.3735270953533023 2.5793408231544159 2.4270525247751973 2.6719071918417017 1.3875584883842438 -0.9056696383482222 -0.0490725103726737 0.3968126651190989 2.7194145859200827 0.8680002930505709 -8.7749146064363863 -5.7644706395265644 0.9019419008598236 8.9388580956197288 -3.8525417392576342 -0.6761553646704265 3.3571165384722872 0.8796071020993808 -2.9142995291109646 0.0571759659276829 -0.5549104913270246 1.3835085158457712 0.3969321057822323 1.1370268452649670 -2.2054390927319925 2.7069034028863745 -0.0306048108097501 0.8613106235303073 -0.8705767798346099 -0.7943351854083975 -2.3332051197694685 -0.4208148831494001 -0.2154715048714545 5.4374444203127545 -1.3920512144722532 0.2052916556396562 0.9768506537935828 -0.7739747155059704 0.2351603524897919 -1.3011197243447858 3.3406252913585570 4.0156410132196623 -0.8159560729014644 -2.8597466517500809 -1.6562942225033881 0.2607683315924268 1.2498277606540211 2.5599477876320984 2.5407568215520904 1.4222691520151751 1.3036419292236017 -0.5965076447154222 -3.4952344368808168 1.3832597232390800 0.7738828458541086 1.3827395900252428 1.5163424054881030 -0.7603532246418718 -2.3738464804676496 -0.2079851782412968 2.2067981811839639 3.8888118471620929 5.2030906140577056 -8.7597273956550605 -0.0646913104346633 0.2393510591683239 1.5458767521000150 -0.5364050269895920 1.9749552644186215
59.0000000000000000 0.4731810866128771 6.0000000000000000 10.0000000000000000 -0.4969738994504344 -0.9694670282569441 0.1348406815707288 0.9793224857131625 6.3411931442227045 2.9771574180328155 0.6999960744650202 -3.6059731173141398 6.2185762952759456 -0.2859461926957231 -4.2143359726826226 -3.0886256525170888 1.2117655956404301 1.3565910755799713 3.2764464667331459 1.3323078395799364 2.4163869002527747 1.5566534337618285 -1.3449160888982261 -0.2823739769771731 0.8388566353861813 0.0684816296043134 -8.0154473510014164 -7.7323408566954601 2.0978988864413788 7.6376566454798107 -2.7381673738102021 0.9629476869288576 3.5347473517328529 1.1364129770348290 -2.3578895295189137 -1.3061789495315130 -0.6400230169193759 1.0053314530809507 -0.3010033428485980 1.1390325024364365 -1.5275212832819896 2.2012628402596821 -0.9189592927582124 -0.1240194724439270 -0.0874301095322286 -1.4551332149895966 -2.1128055601348645 0.1323639330156582 -0.9030964701064050 5.4554019612990929 -0.9784514316145706 -0.9584673844933431 0.8905076849720204 -2.9159375781415067 -1.2908515374862595 0.6805248018606209 3.3000535134516307 3.1617460200387013 -0.4320451645622680 -3.5782797196142089 -3.6336492782136869 -0.6847482160729519 2.4938017982822460 2.3791076631334276 3.4833213942873993 1.5413863871317974 1.8801536834801649 -1.0052606541721318 -1.9176810261142152 1.3726052669849067 0.5968146830685543 -0.2519161394013829 1.0142141124257433 -2.2361331892829970 -1.9122775359358180 -2.2293283404187911 2.4783501336870866 3.0432122885972639 4.7091940987452805 -9.5098466687769463 -0.3802737893780491 1.3985716541975883 1.9628645658086776 -0.0096286282605503 2.3219697336407363
60.0000000000000000 0.4680556528388457 6.0000000000000000 10.0000000000000000 -0.5557142166059390 -0.3894538615965478 0.8493170332234787 1.3447656718421028 6.8729401993286832 2.7702187627578487 1.5830527927846125 -4.6379111551959662 5.9697822616475023 0.0419181179353744 -3.2637930514612745 -4.5770861511861103 2.4448692125770153 1.0908227024898285 3.0083081004383483 3.5469098812048641 4.8098099271633581 -0.3053741275515167 -1.8139998701732520 -0.4508242245419746 4.1237636299498677 0.8022599333697819 -9.4649737843795450 -6.7333401028219022 1.0663897480688134 7.2507455813141268 -2.1860758773060036 -0.5489558882498281 3.9346739069948313 -0.0923590282556729 -1.8120844788213799 -1.1696030058003919 0.4454555157038203 -0.0166456501300494 -0.0232650348466985 1.0989264453362528 -0.5237044431300171 1.8180546432308693 -0.9786711475198366 -0.5655518880105693 0.7233055540978155 -0.8059538664536703 -1.6064226285900505 -1.8294954656057825 -0.3027000529627720 5.2365435604495962 -1.1430543161249549 -0.4795382977642318 -1.2756001643732358 -2.1009290347496470 -0.6665280524764196 0.5468995302385133 3.7961973824379465 3.0746893506967692 -0.2914776633611595 -3.1637868564688074 -2.5240562686483727 -0.6755431538989974 1.5440976043623760 -0.6389600988730773 3.0093732419592034 0.1750773092836334 1.8042755748823198 -0.7919964760448381 -2.1614877647457265 -0.1765666134542738 -0.4869983766292058 -0.2632711872860911 2.6947814280663298 -1.1198826985596768 -2.8234963856603317 0.1328787393011060 2.3368011253637344 4.0625592719085777 6.5164565560674923 -8.0364943389406633 1.1280374261631190 2.5973388340464227 1.9188919361178856 0.9030362931416639 0.5375930973315849
61.0000000000000000 0.4708924207526451 6.0000000000000000 10.0000000000000000 -0.1750940419938717 -1.4864965789921838 1.9977417302155276 0.5060250099694318 6.4238994669615090 3.0163833204296324 1.6920928827794639 -3.9293856472937381 5.6387355523975486 0.4996441310196938 -3.5191437411994757 -4.5961116262449577 2.0030540693462542 1.9929853319298854 2.8236095532175569 3.1338071655361754 4.1801566317269678 0.7574707896401249 -1.6468385574335298 -1.1776191334273531 3.3879692211559682 1.0306690416540263 -7.4851030255058886 -5.1860126746035533 0.7450519794856295 8.2974144540715944 -3.1423973273046184 -0.1993411694830161 4.3343989906937317 -1.5450628698865765 -2.3929392992620229 -2.1797048377263795 -0.4247838388529717 0.5859537069010401 0.5477017921256888 2.1642369560412318 -1.4279814597765945 1.8987453850361971 -0.2445397003961557 -2.4827182620628054 -0.1766220406988669 -1.9177656202413096 -3.3034900644047109 0.1557986627248411 -2.1131418726673155 5.5560242304282266 -2.5230906175360093 -2.1893078695494994 0.3596637657384359 -0.9397293516178088 -1.1610141761020329 0.2061531298796575 3.4550486695884421 3.9468334568849808 1.5931262868528586 -2.4640690577739308 -2.3109690175887700 -0.5891696255386392 0.7562256990890721 2.3249847874689760 4.3435101778674348 1.3761091353204886 0.9259711259205283 0.3037332095231006 -4.1575947402781788 -0.7556109123371897 0.1132667900789874 0.7166602069408544 1.7687534393906241 -0.1884273350492285 -2.8073820730953836 0.8620771268547379 3.3506493455401789 4.4556860318195444 5.8741169407949716 -8.8921260471005006 -1.0919394970173095 1.7377149681041080 2.7643897722233950 0.6450047172903914 1.5727006036832538
62.0000000000000000 0.4686015192311101 6.0000000000000000 10.0000000000000000 -1.1978258444867935 -0.1540145764484550 1.4967532683191089 0.6577921669547359 5.4803605620303379 3.0485811313465021 2.5890828158566159 -4.0049813777969563 5.3710191613144787 1.1516465171350265 -4.0509215995509589 -4.1245262931599962 2.8021716147161149 0.5988005078218447 4.3935915521676137 1.0536005078026041 3.5647218197799821 0.6684418071620615 -2.2606136403640149 -0.2010911864819857 2.5419038843397064 3.1225155417339092 -7.4557814367507724 -7.1127663875925888 -0.5146984823253217 8.3175566204070464 -1.9989090441065376 -0.0447752677890713 3.2561772376927056 1.6149564455609093 -1.8215669743747416 -0.5250242436311210 -0.2894378954618835 0.7029600806534736 1.1363191202893101 1.6179437774670302 -3.2158864775739175 1.9782735430096843 0.1044601959452476 -2.0686728266062198 0.9440741633744096 -0.9125815336187610 -1.2086204394784088 -0.2147381008915500 -0.9785741285044339 4.6618930453508023 -2.5744046520071895 -0.8305988547758096 0.8031977123006181 -1.2861266434729399 -0.6749341538726084 0.9758247625157167 3.0415227984582129 4.3938193367446505 0.5903160782072483 -3.0106965073364691 -2.1662168655787344 0.1838860924076940 1.5615942454030884 1.3088987738431048 4.4390532673863339 0.6006301386907643 1.0666315064758685 1.0769807616419405 -4.0147573836689299 0.3315245381631440 -0.2320819528860376 0.5223283106072749 1.8011702086657528 -1.2327725310193047 -2.5248479276180871 -1.0317232905161198 3.4371312129619427 3.5133969387724471 4.7389168399255004 -10.0099677035953611 -0.8193346207138233 0.7662923651980796 2.2267259683709821 -0.2050786595076864 2.0242978568422916
63.0000000000000000 0.4706657800782039 6.0000000000000000 10.0000000000000000 -1.1557423301342142 -1.6774543048953983 1.5485807984964022 1.2386313496740389 7.6548074403779056 3.0918281162280361 0.9298859204266545 -2.9992641586687467 5.1546642636170716 0.5624811125636215 -3.0239717670553308 -3.5978454929259498 3.2066208383537851 -0.7913517697526586 3.5189987819584823 2.0829599994447499 4.0575497255504418 0.9671282594429993 -1.3032988024588334 0.9490744360034968 3.1325633224277021 1.2104726739401739 -8.6945860248610973 -5.1448874092985335 0.4934150242760766 7.6774041722456943 -1.2878241218413098 0.1997190202187238 1.6077617776869053 0.5484970271583730 -2.9271530559616661 -1.9717482508679973 -0.3333068300449096 1.6414963010132420 0.6876382360037703 0.4686382334253585 -2.3176569597541641 3.0880210396058736 -1.1208678603736684 -0.5811151514311368 1.8308248771813080 -0.9944358821045864 -1.4254168282759443 0.4703094070865774 -0.5571375824401075 4.3491772760921705 -1.4295620969662957 -1.5240094126169637 -0.3776131717783385 -0.9330295826305521 1.4792228866550208 1.5771149302714531 4.1881092312300900 5.1614018864820093 0.2175788581962899 -3.6827293823297635 -3.4419057586073567 0.0293774709765285 1.8819681531680177 2.1641983616933520 4.7378896175693850 0.9047016118853952 0.5975040100784017 -0.5250965334322496 -3.1360937846806123 0.6027645396249234 0.1973468858436461 -0.0633915687153584 3.0220489583683321 -1.0350461449474015 -3.0397181292333735 -1.4669266380826680 2.3375178290939767 3.0848055152692764 4.1468423133851529 -8.7546055361171842 -0.4917485002020699 1.9622610856788718 2.5005324083778651 0.8199501525895834 1.8787358029614138
64.0000000000000000 0.4673228742752167 6.0000000000000000 10.0000000000000000 -0.8368047694168468 -1.5338851595490350 1.2345668384620136 1.4869814836144015 6.9490102284109021 3.2798772571474495 3.3068652545212940 -5.1963128151974169 5.7604433322588502 0.3865247304520644 -5.4329634021408753 -2.8113598898883714 3.0344396818761381 0.8280890704533508 2.7434312760486090 0.8329625594583612 3.8703034648178618 0.5976992298582108 0.0173984072187334 -0.5800577747080353 4.2965820778908288 -0.3050407373807560 -8.6151575916404788 -6.1394752222252267 0.5454931819995219 8.3637844241825761 -2.5639509587937557 -0.0097347632672641 3.3836660223643551 -0.6696023131391430 -1.3780434235958563 -1.2550326094107793 0.0365767665616397 2.6893214438654796 1.2117010365955727 2.4099692388825549 -1.9083391472216802 2.2309391858528862 -1.5338811012864064 -1.1759880978991282 0.4045343692043415 -1.9958753343512925 -3.5740246720089788 0.2798369818132178 -1.1690555495839670 5.3081139863184594 -1.1891806685723503 -0.7537412406060376 -1.0690379179447138 -1.4848948618298063 -0.0738813110588489 0.9055893712657218 3.6309226237010277 4.8211991823035323 0.3419032063432323 -2.4573306305000209 -3.1976310620298989 0.7225812085434982 2.2124194816433813 0.9052932318280713 4.0386227913318971 0.6355688901492478 1.0575977431170394 -0.0762083544422747 -4.6609215893268603 -0.0693010806744383 1.4476156792513619 0.4603193665548737 1.5254538082137845 -1.7398700665937890 -3.2556540384895971 0.1615853981789359 2.1636276927388440 5.1147636817583102 4.5585929553295630 -9.1031082376617380 -0.4148586110783973 0.6215766000203844 2.6204695597553096 0.4664279649925493 0.4473784315521573
65.0000000000000000 0.4682559667868134 6.0000000000000000 10.0000000000000000 0.2313823701616076 -2.8827631313744635 1.7007049234666167 1.5390130613531141 6.8451955115114744 3.6444154294413886 3.0675014578965936 -5.3910865599581861 4.5462841460510184 -0.3407097758474781 -5.1790476963958731 -4.9228853901512100 1.1719962198726670 -0.0544804918057233 4.4318932150186967 1.6919127173865287 3.3178237302104683 0.3592181438363303 -2.0234028543480180 -1.7063459235109437 2.0283080093469703 2.0115562124962381 -8.9309138914203636 -6.8479269109841194 2.7734558133185732 10.6617563041076586 -2.4068630363487942 0.5051397526122708 1.5939668425205984 -0.1654372067342689 -2.2453229129592081 -3.5853714767288096 -0.5524146659469701 1.5140899975495445 -0.3102914872231991 2.2805012893678054 -2.4284181681471857 2.5791079906265577 -0.6708545266283567 -1.2511474366122877 0.5550522667919735 -1.5372192805640423 -2.2626038988732700 0.2985987798235672 -0.5367693638317361 5.9140385117161154 -1.2925170277049232 -0.7756178305898961 0.3007621837000859 -0.1082957939141181 0.3020167215348334 1.8692764407659144 4.2177903776606991 3.8126306175444502 0.7257423539355481 -3.2201275743950348 -2.7580715981540647 0.7978583416521887 1.9019948584645499 2.0146039141253653 4.9022533473881733 0.1209277926641327 0.9638004074716363 0.7480096173498444 -4.1047670375164342 0.9061997235120642 1.8823203856811066 0.3286496381215998 2.7077478594871782 -0.7742125964320893 -1.8635805543696191 0.0230631235986850 2.1278961411157562 2.6513942102833541 5.7568078951846866 -9.8302160033559396 0.2699589733103514 2.3277618517534244 2.0884037657778611 0.6611381174222404 2.0279472704437387
66.0000000000000000 0.4682982103848357 6.0000000000000000 10.0000000000000000 -0.3554531205272558 -2.0299372567987217 1.6219031697273243 1.1999330924011264 8.0639076231843081 3.7750139586038260 1.9551972788655743 -4.5981677512556542 4.6418274528844865 0.1829326964930299 -5.0363061515152125 -5.3075327578670679 2.3348144253236680 -0.7258427165551982 2.0522629151771721 1.0970760003178703 3.1883064696895458 1.8045051243596870 -1.4725968582201154 0.2563144008371212 4.0862988505467364 1.1112312055732778 -7.4031388963414830 -5.6330053786518812 1.8319124462509453 8.7390163561974479 -2.3157700010628499 -0.1652290850677568 2.6021215054727502 -0.0553167365248998 -3.9610288692359137 -2.2870487699670998 0.3158385588008749 2.0738285122342690 0.1127126944890345 1.0370654012363176 -1.8820729732709367 1.5215871016271147 -0.1706302611079810 0.5448840597613471 0.9449113113446922 -0.5503997558264286 -2.5946237029975143 0.3934799250543128 -0.8430373713032390 5.6981136586763226 -0.3930376495393182 -1.3176368158364307 -0.6392638082776649 -1.1676042316103996 0.3265341144100533 1.7852749269231400 2.1878626820357407 3.6743639890131825 -0.4776315911089841 -3.4587403850033329 -3.9264591284182364 -0.6534190809887452 2.3626014594321640 1.7319170834220070 3.1436145430334030 -0.0132552132089838 2.3115216309182181 -0.0503208139073530 -2.9753866514956941 1.2314188660320364 0.6252783291519102 0.8177793503430317 2.0333729998873196 -1.1951019999055181 -2.9533353098235753 -0.6246703177402753 1.8846665646763086 3.7785024075009885 5.8120694133129822 -9.2126695229881062 1.0080167209794706 2.5345776613878241 3.1212634345627621 1.2110057204053544 0.0122350012896426
67.0000000000000000 0.4725004541001420 6.0000000000000000 10.0000000000000000 0.9249604592584753 -2.7352593684220015 2.3459486454271605 1.1705186652825952 6.6179201185108827 2.7160171615128759 2.9406340636468973 -5.7253819800893320 6.3208967469949986 2.0362606453322396 -3.9756357796891089 -5.4066097413569274 2.0924042063113477 0.5845166688636911 2.9518720579192617 0.5559765756601268 3.7183969260881544 0.0383169357680301 -2.7658372970335283 0.6716333577509154 2.4221190560671384 1.9074109463487186 -8.7980256693782479 -5.3559164982231406 2.3482519210806561 9.9128975374582282 -2.7922901677388761 -0.9445380123009639 3.8885525088713986 -0.9454649345501949 -3.5143689587138764 -1.2755239022828655 -0.7849935452454371 1.7242692529928239 -0.5128708669403385 2.0373331575950262 -2.2103006091575255 2.5821733170273413 0.5720125359586721 0.5250427723900266 0.7817644354467808 -1.1224457870118862 -0.7169489548665477 0.6717170503423500 -1.2710364024059926 6.1467824500944310 -0.7097132231201706 -0.4442577059254420 -0.1154404287310025 -0.5342311591449964 -0.7723186275143250 2.8491704337155808 5.0101891422159159 2.7246989952273211 0.0686594703774513 -4.1252046575310644 -2.8002564024859486 1.3610728029322996 1.4709938282368793 2.2030485907894342 4.5221164103039957 -0.6077861419330495 1.5888088333820864 -0.8923159822627007 -3.8315737393948779 0.7900120882758668 0.5023937874621243 1.4489668585624682 0.0605721211162056 -1.2901849812252375 -2.5814270490584161 -0.2850891315437218 2.8198765440181490 5.1937595643574594 4.3284683292115016 -10.5005988819013876 1.6556136636419256 1.8110480407974621 1.7800789190923325 0.7667464173085032 0.8517603105015423
68.0000000000000000 0.4720669383275921 6.0000000000000000 10.0000000000000000 -1.1456223552144882 -3.0869240801583695 3.1642028908121675 1.6138608185140262 6.6417227902780471 4.7584236849895447 2.3834581475920951 -4.3757358731296661 4.8276290862025775 0.8227959500443872 -4.5659666337828666 -5.0538995919830541 3.9044183461674491 0.6253002329430984 3.7779384230682420 1.5088168247310758 3.6959276692796426 0.1308774946740532 -0.6749834844256286 0.4975049638117721 3.6668345791055028 2.2223736044464775 -9.6675575730069880 -5.8416327944608160 2.7421922638107685 9.5487716337802464 -2.5048725302937118 -0.5270940364716842 1.5551506258856487 -1.7026493222036758 -3.5009502436832385 -2.8683478734255528 1.3155206383419442 2.8098197009480814 -0.5930409568425048 1.2709741170270137 -2.8570402484991551 2.7537616115945500 -0.6655923917785119 1.1620508602965205 1.9967797225966293 -0.3350590919886965 -2.1822783902205920 1.2687327152161643 0.2647115785344570 5.7960964940611897 -0.0113927918692527 0.3703864671805319 1.0955003007235802 -1.3146494412185827 -0.0334149350683949 2.9384879031304187 3.5186578718007704 3.0841168707330544 1.8121822685479587 -4.5823941198830296 -3.8489291282898526 -0.4853374994379368 3.2613049686544500 3.3748249575658882 3.9269975555465524 0.5741920533958433 1.0611686201534920 0.6255953918392265 -4.2291222882456339 0.7254759982214189 1.8491259261580621 2.7390809387846082 2.0076880177705005 -0.7790078107537051 -3.3360388630745965 0.4966650296745685 1.2643839712032539 3.4471099611627993 4.1577627091759748 -11.1851584524501675 1.6593428899634766 1.4720321628140383 2.9802257774602188 0.2714976512774849 0.4208615814699583
69.0000000000000000 0.4704283227280782 6.0000000000000000 10.0000000000000000 -0.5010819421661714 -2.9505436882989367 2.3682747980797023 0.8484309719732223 6.5478707030547625 3.3995201571421472 4.7737975551355252 -4.9214898289136260 7.0800667385351232 1.5380758689531486 -4.9931133116676412 -6.3627667927250027 1.6669485900734990 2.5339356163210263 4.3845133224364705 1.4916327338955906 2.7897811521670199 0.2164920407515709 -1.6788714441306392 -0.3151112837455130 4.1101402302396908 1.4867827332716881 -8.4977610980203977 -6.0441575854312095 1.5347147591134309 8.2799109452638699 -1.3669973595187370 -0.7885895100021929 3.6804638947365436 -0.7312660048451480 -4.3670811858442162 -2.6899155840331996 -0.0417334092714507 0.9032438787948454 -0.4030577573324049 2.9806049135095267 -2.8063787934754609 1.4090777000889330 -0.0815014148108298 1.7660381445964508 1.7486924674357520 -0.7260825278835389 -3.4239124874627818 0.9439951995496839 -0.2579095652936262 5.5087094889033201 -0.8280723748865136 0.6844278867271882 0.6894112721768946 -1.2959943009369610 0.4346966555329542 2.3971353414196792 6.0447664838465505 5.0567216873280501 -0.2943380921974585 -4.2527397586558813 -3.1914919563483299 0.7506118114661352 1.8092112166554422 1.0325621774281077 3.6620666926611740 0.9220806110350652 -0.3504786311954362 0.8786913493921683 -4.8585822093147959 0.4951364946762296 1.1121461158534163 2.4930280536747036 1.2062040079314154 -1.3698091791341895 -3.0284949314483818 -0.8684528404256328 2.0118505489625877 5.2975809959342062 6.4343774667074856 -10.4321295660378563 1.7424406969921122 -0.1279239569344695 2.6658409968682117 -0.3064826182051269 2.0822666198742406
70.0000000000000000 0.4663799712172867 6.0000000000000000 10.0000000000000000 0.1184476181831497 -2.9100165318670417 1.2220882817223271 2.8315235095165097 6.6808558551445785 3.5664245482329551 3.2366044850922946 -4.8720559180313714 5.9326832802626486 0.5374160840664435 -3.8438125702271475 -5.7308680909849397 2.4013524951110985 1.4808334395546117 3.9525167325715600 1.0997355306334664 3.9924544940641695 0.9151508701940574 -2.5825573777537758 -0.0608904045380939 3.2572073811222864 2.4275480621893308 -9.5765942969498923 -5.1118533759007638 1.9925237180214757 7.7208507230620658 -3.1235141902373118 0.5761145145478366 1.5231558679962058 0.5531339021374775 -5.0750770475787021 -3.9231345050461766 1.4725115476572748 1.6971356569789084 0.7198734136856246 1.7451025672345637 -2.2427622464879846 1.3306358104916185 -0.1291865629577478 -0.1164725614015216 0.3411994940939823 -1.2012974601984727 -1.2854282813813911 1.2288812211930438 -2.3459628127457268 5.6570928801510592 -1.7160719054255567 0.0190618459292720 0.7657569033936421 -1.0174453613075007 1.0244613185847347 3.2029771339396427 5.5622710679240477 3.5941815226829732 0.6627261505571660 -4.7058273356370410 -2.0638155035129904 -1.7128500441907815 2.3884031426542478 2.1711112870787521 3.9072689062414581 0.5437791017432878 0.7806976987677676 -1.1221869305162335 -4.6063462573640166 0.9096631083889445 0.4901167412449662 1.9154492098987821 0.6317919759868921 -0.5587403412693420 -2.8578829731034361 -1.1387761755936587 3.2467523916022816 4.8830603109532387 4.6900182591445176 -9.8285979738598481 1.0851635947597646 1.4428088678966311 2.1418828779789458 1.1513856058001326 0.4768427501153280
71.0000000000000000 0.4684140826973500 6.0000000000000000 10.0000000000000000 -1.3055190803381511 -2.1709509618697802 1.2913749538696186 2.6721968255960964 7.2704876594433552 2.3511176315100371 2.8846432112120746 -3.7545401331248391 5.8365101828548482 0.1055258595203479 -4.3483008557120266 -5.6419937652148544 3.5357622201648615 1.9005477608114267 3.4897515643664430 1.7390927666585045 2.0277307047597182 1.0794172090291931 -3.0939044461748839 0.6635988833037583 4.1956137552303563 2.9325551336084281 -10.3103937612972505 -6.7138471105905104 1.9776796704388919 8.8884010095814929 -2.4997461279732454 0.3368707649368793 3.5657664465153598 0.6391910504696057 -5.1312156300674943 -0.8924039460053590 0.3792207512551847 0.4724901663761827 1.1811770614237718 2.0934035277586478 -5.6684642497442486 2.0197986548242186 1.7955715977745998 1.1461863288191214 0.3266864781638882 0.3526519364363593 -1.6874968934404113 1.8807371086899058 -0.8827534517288114 6.2049356203828525 -0.7145362330582753 0.3497526447706085 0.8092166063211674 -0.2184605696018374 0.6204083393337623 3.7993805404704761 5.1074501902368947 3.3350698082403758 0.6975154272543784 -4.3848807521842277 -1.8363346178485980 -0.3582183566627649 3.0802117097743862 1.5546540461232572 4.6398415663577417 -0.8482402296318683 0.6130019536682376 -0.4615542301739619 -4.2348127105119442 0.3245150247420197 -1.2871899661125594 1.3463715527653473 2.4547914200007019 0.7811169596531197 -3.4918093041072180 0.7197297979497901 1.9824691337087301 5.1832184938324435 6.1809872886943911 -10.4915924429870451 1.4778658773501796 1.5111560708733462 0.7961334739621670 0.3384339402930843 1.9466942056379704
72.0000000000000000 0.4706441023293193 6.0000000000000000 10.0000000000000000 1.0822629912537480 -2.2262814734518566 1.0847874425583384 1.2241133378277060 6.7796504278128698 2.3036940339269556 4.7129517975333419 -4.6427604968369121 5.3252363609588382 -0.5035812276921200 -4.0405271304910482 -4.7445969836700872 4.4361377935280295 1.6424846419088077 4.5639142115525519 0.9765090310401525 3.8604703728197132 2.0444616708059007 -1.8353735645191716 0.7038950991523573 2.7084662819143199 3.9580184494580983 -9.9472753420053035 -6.2568839375150169 2.9127473369470391 7.1794287580991023 -2.1528467176365282 0.6873738201824229 2.2590401087486738 0.9316628829458968 -3.5592432085517620 -1.8429224571490586 0.7130046018377083 1.3150715319503818 -0.9650997578119103 1.3356466983672903 -3.6291429464866245 2.1609278234401144 1.1809743503284100 1.5770604276524889 -0.0773243736014020 1.4210875276546626 -2.8440670355804176 1.9626720467628260 -1.1164517469257911 5.2732114628272555 0.3220059132547261 0.3444648085410775 0.5886671110778996 -1.6256373937686492 -0.4791437132375852 3.8301780556417926 5.1934026893028884 2.5914729479311385 0.9307592931223562 -4.2002668535140462 -1.2370374060021072 -0.2607880230860941 0.8027896144831594 1.7802462187698325 4.5094665587170315 -1.0323986097304405 2.6899847474093539 0.1677599755090920 -5.4830848829105960 0.5986882949545280 0.2686147419775048 4.2502885424466754 0.1458933592989924 0.0968347714019621 -4.0254388161084851 -0.5060926912915225 0.9994963347181210 3.8155531579385427 6.6501218341295099 -10.4058214919579903 0.5049802614964303 1.3354501319887917 2.0068065400598507 0.0191475372054333 1.5669123596366543
73.0000000000000000 0.4695726513558126 6.0000000000000000 10.0000000000000000 -0.5807580814981148 -3.2124762296711280 1.5267625480574920 2.1060019120106674 6.2004825033381472 2.7980641258182897 3.5361548331324104 -4.4405019866687301 6.1252755444526743 0.4224343992364091 -5.6183009467409732 -7.4211465510316792 1.4851216204281927 1.4579571704643244 4.3485421777893691 1.3178430762639350 3.1603293152744909 0.0954476191197524 -2.2961822579992424 -0.8879578208352183 2.9740231733438072 3.0007876249846217 -10.3435054660567083 -6.6852293960769869 3.6232246860840833 8.8367344926101357 -2.6852239270167835 0.7643035093351085 1.8959475756526127 0.2561701771452486 -3.5447907064616881 -2.4075719313388637 -0.1145722710624333 1.6621443760273391 1.0802882715362836 0.9502660924648284 -4.2520854518348035 0.2997222408171154 0.9378176640917717 2.1054958848131520 -0.4210183716722711 0.2984847116160895 -1.8609924167659246 1.0481388949712036 0.3298396544899580 4.3245069066694510 0.7376436145977248 0.2704576156508920 0.8752283763812791 -2.6910164229750237 1.8808641081401887 3.8286200455432420 5.7448556857729498 2.0041035094165345 1.3996183252514505 -3.8574590287147243 -2.4111671427029377 -1.2069832112634113 2.5719097381194072 1.9905881502414937 4.1064548467496120 -0.4500085189426999 1.6979326365057372 -0.3084608409703654 -5.9008813823352737 1.5495335658586442 -0.3870380762659036 3.8501152932915472 0.7707254191978006 -1.3648013335356897 -3.5193677649103869 0.9810750468292426 2.7200316717705255 3.8523964925272387 6.1193366867213665 -10.7837358075578678 2.4379363754258332 -0.0232259280859159 3.1444399158671219 0.2908122337525095 1.2718959591597474
74.0000000000000000 0.4683450953320091 6.0000000000000000 10.0000000000000000 -1.1943805813108397 -2.1990906799392906 4.0380080595800729 1.0090611612380100 7.2649506733798681 2.9779214211650498 3.0286320765209491 -3.0260002545751172 5.6143083816707016 0.4306230949370948 -5.9504994142399408 -6.9244698976101242 2.6161456302648687 0.7340534776887579 5.2214864805805483 0.2870481391259002 4.9022079049649934 2.4237115367120561 -2.7595455255473711 0.7610989424522250 4.1537809786296078 4.3917586741653123 -10.2674494370952640 -5.2690508791841948 3.0835844998734987 9.2406643845436029 -2.7045762282252603 1.7748602290046898 3.3327315335761192 -0.8146855883247761 -4.6338472726580058 -2.4698938604466187 0.1538406264159460 1.3390187129198430 -0.9564717977423663 0.3408764778506632 -4.0214498324142118 -1.1491427628061432 1.3888388994714469 1.2615128376780096 -0.5698566555817024 0.3272394712734933 -2.8907685283730586 3.2012324914734860 0.3482417098767490 5.0766914917376180 -0.7790662698913111 0.4499230035417310 0.3761703020635825 -1.1101966582085425 2.0994625342899340 3.1732980173823448 5.9492163200687571 4.5148667490192125 0.1171052533620575 -2.7102071456047274 -2.4588244905951644 1.1812862529707984 2.2910981258706347 2.7018784598743606 4.8828368562724132 0.2401381847409503 1.2247830550648435 -1.1693978496710371 -5.4058616127948191 0.8284340329381524 1.0123896050196346 3.5532359563412172 0.7747362972653042 0.1741814414624137 -3.2540218565217391 0.6905808796647950 0.7855970329569550 2.2515225026979677 4.8282794477948938 -11.3925278844903879 2.5357755318121016 1.1684234954404431 3.1878342422709283 0.4535442682869999 2.0798312164544939
75.0000000000000000 0.4686584561334435 6.0000000000000000 10.0000000000000000 -2.2876550863451417 -1.8326292861922422 3.0240521915542962 0.9123005000423361 6.9714188109319233 3.1302986994558006 4.7384412439686123 -4.5476639891813937 6.1769390284564256 0.6132781010768309 -6.6238846153089330 -6.7101288235610337 3.8400540876872578 1.7754483975736464 5.5807933527533624 1.2680498708565102 3.3947900249285285 2.5897890735939173 -3.5299872872780913 0.3284670055105654 4.9867231414874968 3.9053908313885772 -10.9002541733453295 -7.7010734858300314 3.1113209251357579 9.3743712029381765 -3.1566901577481183 0.4045343550574618 1.4281818856491302 0.9310154688454985 -4.6602293175377012 -1.0441953872275880 1.1987568391911041 0.7710153022780353 0.6149749428738521 1.6180858763486323 -5.2523307158597854 0.6522434495540669 0.2351564871081359 -0.2754121523586379 -0.2586284885133344 -0.6482840349786683 -3.2702356173638831 3.7443752497211085 -3.1078387511973498 3.4069631399387141 -0.3212002806901953 -0.3014185477527234 -0.2157577130163092 -4.0511833542430828 1.8444782490781249 4.1077156338871852 6.7560587592892007 4.9539570277615592 0.2862996014142106 -3.3969037103718405 -2.2487899153804651 -0.2808356424278457 1.5308244850768034 2.9712609198113684 4.3017354987721639 0.7169317073696524 1.4377397538056222 0.1217018115032327 -5.0523834436299495 0.4232450028879871 -0.9327597403822253 2.2927846121128832 3.1986411620078563 0.1477332350217389 -4.5369608820290672 1.1457740685977367 1.9564334266935972 4.8901697229090590 5.1995562774763844 -11.0531696276399547 0.3627372482946614 1.9179080637752728 3.1232611663090277 -1.3421136023641429 1.7427481265852007
76.0000000000000000 0.4725462959083301 6.0000000000000000 10.0000000000000000 -2.0546589616587063 -2.3696335265156945 3.1010727369496331 2.5341147617670021 7.2402059019372427 1.7092588309221963 4.6897392578733061 -5.3563546760270242 8.1959968505138345 0.2892747056212630 -5.2022225754631579 -6.9011345760552167 1.7193524553096038 -0.2748351877977209 5.8525162545395766 -0.7449221333340933 2.4821829904688988 1.0774412313548449 -4.6779980845256519 1.4697593574598087 4.7958229430000658 4.0568296000198023 -11.8678983782176957 -7.2723238687118270 3.9193488239967422 8.3655705387868213 -1.8104581321519042 1.5316445864732473 2.1428974007477484 0.9367083031526828 -3.4965435885888558 -2.6252827948706932 -0.2737893209292839 2.3424667919786635 0.5999547671252971 2.5654200792436508 -5.8494089140683636 1.1970604790736343 0.0709988917492252 1.3337554818018338 0.0238298013041668 -2.0021117493623968 -3.3280657902960247 1.0944167615472262 -2.9860039057179728 5.5454493193836125 -1.5711407446696388 -0.9388404640759465 0.3453703783503680 -1.3948621635126561 2.3153647151210728 3.7989461707966186 6.6074754782054832 3.4074645570944595 2.0362407716985400 -4.5245811747116997 -1.7581900436627633 -0.6969738641080115 0.0525501125660965 3.6679483253017162 3.1391033507708812 -0.1602948066378231 1.4740872581791054 -0.1839219758706887 -5.4426162228740811 -0.7183871962102839 -2.5389857559618831 2.3212473489697429 1.1957213017753499 -1.6450112400224015 -5.8603559723752063 0.4305005363919188 1.7283418812752083 5.6482937900116781 7.0286887368543560 -11.3973073609555993 2.5390643861956912 0.6154073395851442 4.0409480389330819 0.1019006361272889 2.1631841183745766
77.0000000000000000 0.4606082100269422 6.0000000000000000 10.0000000000000000 -2.7054681351626062 -2.6869086310148109 1.6014518219373208 0.8110537014644466 7.7803337950970324 3.6640674802835607 3.0969889257508485 -6.0840007605579567 7.4660650597369420 0.7329084813494374 -5.1864742512498587 -5.9273160496905168 3.0351273091680571 0.2387417230045049 4.1206869075048376 0.1972939044295758 1.3382237054222008 1.2674746760067206 -3.5587507090115125 1.5627062190691905 4.1601050863197280 3.2466119059307235 -13.1344248555095184 -7.7550808231826087 1.3078887029146047 9.6708941010801155 -3.3893807938694662 1.3695517306396661 1.0617502579448066 0.5758775504905904 -5.1657761032850189 -1.3359657825666547 -1.3944200225306858 1.2041651650815193 0.1104475789451724 2.2685262853387105 -3.8045658936186522 1.0252690554551611 3.6435897465970681 2.2788596466084234 -0.6519661960367926 -1.2470226238664477 -2.7321684496432788 4.2068327395234721 -0.7517174717793498 4.3460595227427703 -0.3673713399678444 -0.4188723690379240 1.1314888456762562 -2.6097173128254854 1.8733674481457612 3.9384423126478834 5.7144580226285866 5.0441825822942512 -0.4061394283958317 -5.6385369094780087 -4.9208257155288901 -1.1582423245027060 1.3440617212407064 4.1359683848181028 4.8567147788159035 0.9496202358276519 2.0169192162356691 -0.3478172587482953 -4.4536503209672045 0.2176221715938971 -2.1626760587493514 2.2205251751925319 1.1574531270779158 -1.2116515897236271 -3.4830412699628059 0.6977949607254439 2.5302937171230173 3.8617154112914807 7.2697771128679003 -10.8436545084830414 2.2679069512445831 1.1648230289978332 3.4443108902843687 0.1567400995808653 2.0698031086173101
78.0000000000000000 0.4609861655977626 6.0000000000000000 10.0000000000000000 -1.2118614551225848 -2.5785064017375303 2.6372066437916417 1.4671931585310292 8.1089574618869982 1.5221061864204861 3.9240868472181223 -5.3501481029794951 7.0811737789699061 2.3419703218529575 -6.7972694593543395 -7.2441965261358083 2.6233012890417955 1.3558594388255494 4.3279045068934412 0.3970130058202558 2.7759802826486988 0.5743875569595838 -4.4676327438483652 0.7533721024693985 3.7202453168567837 4.1171007848082182 -12.1216815152148012 -6.6143944276351858 2.2642540041198069 7.2951621264791449 -1.7117651197922177 1.6371236259504425 2.6408923666786084 1.4434704878559110 -4.2086461660641632 -2.4417815511338663 -2.0364139802890158 1.6834039214199832 0.7676046077379861 0.7032486309048811 -2.1935564718178533 0.5662056098230692 1.5435279958290700 1.4157696970756104 0.0610867697470136 -0.4313780606584756 -2.7617761102770095 3.8800976390682873 -0.4075328813312107 2.4071099940171483 -0.5085223241853728 -0.7689920013216910 0.7012152550154871 -2.0982857414329241 -0.2240753417722163 2.5212201673513519 5.5985961091434833 4.7248624014128175 1.2458049370383693 -4.6448398935469832 -2.7367316988564205 -0.7560604362991846 -0.2322358364923029 4.7337520275072968 5.6205008038488327 1.9018090455890087 2.5369135170944208 0.1420183326341471 -5.5458311874868436 1.6869273650364831 0.8160625156303476 4.1760119617119855 1.3097075906730180 -0.2535687164879306 -5.9144954097136626 0.7192736495032269 3.4435983505533976 5.0901175725375847 6.5140736761010753 -12.4912042374729406 2.4942468054920028 0.8152405193450472 2.8159525776619327 -0.5403225077325220 3.0028077017800356
79.0000000000000000 0.4686434466764379 6.0000000000000000 10.0000000000000000 -1.2247955895168341 -2.0833759014462925 1.3128558029993125 3.7303012945350469 5.8313783231000267 1.5248995111196886 1.7854103889112785 -4.7161746596514114 6.2966408401653284 1.0172531191432432 -4.3752188003041637 -8.2498454892838797 3.8250919696603232 1.2444575965672289 4.5260852383082240 -0.2020755293357095 1.0478437394979572 -0.4985472806745561 -3.0496602036287976 1.0978841869394422 2.0363674493717956 4.2529347595203655 -11.5756445275501250 -4.7695546853132962 1.9681988372563013 8.2684032778784680 -2.6308083399687074 0.5614104777574649 1.5011792569376685 0.3315752706060584 -4.1278156473371004 -1.2096080419330024 -1.6367951120393480 1.7004591412664165 -0.4924861597604921 0.6365895529359598 -4.2110939543297086 0.0390397097885480 3.2096917225313568 0.7911965590907950 -1.4013423168903039 -0.8493485397549597 -1.9614857665563110 1.8714785418295643 -0.0251096151706768 5.2765058864188283 -1.5725193946139830 -0.4252790682649280 1.6062411833061376 -1.9133325791160680 -0.2446370078468647 4.2062070342387434 4.8901313562642965 2.6043056167792660 -0.3019958324354280 -4.3408383987806838 -2.1684209874452289 -0.1865393214679819 -0.3398994238292330 3.5284066247580350 1.8530793363704103 2.3858884327732603 1.8942503952548020 -1.9764295640721057 -4.9908596138724004 0.6188546759626988 -0.1341210907702423 2.7296925491663879 1.3366324656438566 0.5359506447903463 -3.9966446683054664 0.0814919524370697 1.2244717551705013 4.1629200406608922 5.7678754199255486 -10.2143261750114487 2.1913269948326697 0.9720767428267577 3.0889902364212549 0.4701192214557713 2.6831607477984574
80.0000000000000000 0.4625193250715348 6.0000000000000000 10.0000000000000000 -2.5657859688589983 -2.3205210093908657 2.4850094735217971 2.6654079583364840 6.6812207505154566 4.0692294566217182 3.6001635382669948 -5.5351610136025053 7.5906164473625672 1.2948831678273240 -4.5292139465604011 -7.8836198602115415 3.7537561774045392 1.6702207343683602 5.3715133677681024 2.0092293765116538 2.0377577487419298 0.6447765141962182 -3.2288411072787628 -0.1265354498664855 3.3540410115637784 4.9576201680260743 -13.3662324988627024 -7.9892343582464731 4.7450909676247957 8.2373421668515245 -1.8526247615113332 -1.1604628694582031 4.2866908283864325 0.7456269007889824 -5.0055932250961277 -2.2372524103362643 -0.9475209879184729 1.2455968540913553 0.5860933161276358 1.3033387290635672 -4.2188438254299605 1.5822826889655290 1.6639888192261547 -0.8478992518755848 -2.7312392409674069 0.0255706643585235 -3.0898573095472033 2.3025110698873275 -1.2843032363848579 3.3709626193504461 -1.3215098341710092 0.3157340328558948 1.3005300651110840 -1.8101372521981460 1.1346342092643700 4.4068187653779152 6.7882275071859288 3.0102142319248584 -0.0848302461734323 -4.6626060180320641 -2.9812438376637118 1.5232475327336081 0.9304593887478890 3.3350926809363117 4.3221007680934642 0.4640617360342576 1.8428498385923879 2.1063034332798636 -6.3587606817641742 0.5708372456112365 -1.3233931513775845 3.3040182298633551 -0.3114763778521548 -0.8681841840577190 -5.9100020157399946 -0.6340190722693596 0.3953883057757421 5.4367636855895691 5.8267131819505629 -11.9367148972225632 0.2061964716462950 0.8847235476224080 2.9583798285112599 0.2343825347255990 3.0512038283495926
81.0000000000000000 0.4674911010812555 6.0000000000000000 10.0000000000000000 -1.3134300442564824 -3.4283968285771111 2.2081199256573627 3.5843157660757496 5.4020377360012919 3.4813810765337339 4.5985195643836052 -6.0348393909230102 7.2180399629709147 1.5747647837693919 -4.8855623900810077 -7.4505082736945747 4.0926155801036277 -0.2187198068191190 5.0239289833138949 2.5812230510706624 1.0846396721264597 1.9847867680551894 -3.5629001593933483 -0.0665130609439628 3.3141542885886128 4.7742601986088724 -11.1734311296193205 -8.1549129839158301 4.8378897264179495 7.7969910306058949 -2.0833649549155502 0.9424259935943516 3.9752394631610488 1.6327743951863698 -5.7625706436237669 -1.4907712422680865 -1.2193862099897814 1.8231675220603849 -0.3680369009263294 1.4832961901837503 -3.5107630263746277 1.2257487721314686 2.0149114188110597 0.9025854699787829 -1.2639292293114281 0.1981032504980082 -2.2890574128167400 3.4276508170757851 -2.1171560041236850 5.2725874700121897 -0.6970369028076638 0.5150075285481082 1.6864183882053183 -0.9295823983663407 2.5151142774142099 3.9370738061020236 5.4459264517267636 4.1852490468177619 0.0895949217466162 -5.2002035222419369 -2.2445874198832128 0.1638828220416509 1.9174839612363133 4.3301019820738800 3.5742259694266183 2.9692718817828467 2.1002776541391852 1.0094961124426991 -5.7932535589399050 0.5214669832873688 -0.4633270376229560 4.3603968023611506 1.5720946750286640 -0.1614826435131415 -3.7594116949519285 0.8716918695603199 0.2533738737955699 5.6009100954736084 9.1641687080333245 -12.6961098150896063 2.2087338662556362 0.1882159609849159 2.6346466938110944 0.9723122605465306 3.1333136309542309
82.0000000000000000 0.4678429526853192 6.0000000000000000 10.0000000000000000 -1.3016958045315801 -3.0118309059138153 2.1366758053250261 0.4204090590514666 6.7846843195328308 3.1448012431491641 5.1594294062949304 -5.9215576093007964 5.5165892467429263 2.1490752445872841 -4.7511474894217809 -8.3618881376293075 3.8362819182299059 1.2703464008307621 4.5219221259633970 1.7344486776830870 0.7349484560463373 1.3165753880698681 -2.2489766864808147 1.6040318299148728 3.7451979022458683 5.1610701207478593 -13.5135704442023474 -8.0357104750025670 5.4449951687549136 10.6351284313222081 -3.6555900079706136 0.2862160269889032 4.4168864357094328 0.0427523887520382 -4.7246708750065682 -2.9161788413048138 -0.0791132969216948 2.9157311734951010 -0.2003695306418206 1.7363658724905664 -3.5503725139824813 0.0210870550484061 0.9272592742051347 0.1324187236449901 -2.3170531000237453 -0.1968218888313180 -2.0486466127042604 4.1420814341635337 -1.4929491730367139 5.7204107392903198 -1.1520472503158932 -1.3189009957902464 1.3196070504885775 -0.5992295203502283 2.2227684437415265 4.3457730898540792 5.2868949350024481 3.6321162971620509 0.2382295300118209 -5.0925751558394659 -3.6996836545784824 -0.6052737826629331 0.0500679374967681 4.6121824352968375 4.9084440043138979 2.8136416332445133 2.6135657530844649 0.3484769674576684 -5.3428558006140472 1.4970258795478402 -1.6021537233282248 4.7320070761632156 -0.5617256532744930 0.5378113108420969 -4.1915828070564007 -0.2428414166481099 -0.6047534805219095 5.5117213633091158 8.0009671278138370 -11.4530383141814749 1.2348059682259156 2.7460901874424168 3.9547811309257503 -0.3354388685012978 3.0214270752649575
83.0000000000000000 0.4585164674850757 6.0000000000000000 10.0000000000000000 -2.5278249376961228 -2.4605227569175012 0.6522702584265605 2.9623049275917137 5.8935838830047107 2.0056501711793819 5.1500812272589407 -4.1842080720593353 6.2706514804628330 2.7521653590490001 -5.1613230684030098 -5.1751555922723043 2.4914294600463660 2.0867503011897135 5.0475168691064463 0.5228451216917899 2.7212596212705868 0.9797106002392781 -3.9267191801377850 1.3550742924539860 3.9545742896582152 5.9759518127797389 -11.9388124942671325 -7.0426631218867923 3.3730639737461150 8.4910231230744202 -3.0930968595951440 1.8859263615324351 4.7673341436819632 1.5574677474104781 -5.6880273752970112 -1.3385205825986983 -1.5944826810500605 0.4011490556799726 -0.5882742551762374 1.3446020003429355 -3.6417986969794365 1.2417638463964367 2.1013258457874207 -0.3327438475384316 -1.0338961620886082 -0.5216462975373909 -2.4085402836618774 1.3423778302529898 -1.2925615244292841 5.9398375543148738 0.3664719631516475 -3.1840275596423746 0.8645038748755209 -0.6252168588566256 2.6196096274822800 3.7804665856256316 3.8752628009902859 5.9427594267581565 -1.1968079671287140 -5.6450888798655310 -3.5222198431921949 -0.2382539797108620 1.3041682958048995 2.2659009986946086 4.5657181206479951 0.8004579143071850 4.2278668729081526 -1.2650515364306250 -4.9761373628055665 0.5817287681975661 -1.5668717455902554 3.3045344145408744 0.2017982198658987 -1.5058914777686283 -4.3142267137452670 1.1379482693548020 1.0167195672194924 5.1730341016017709 7.5482855221967720 -13.1419594806875164 1.8247750051224072 3.5923503157498180 2.3234397667605231 0.9611731921851512 4.4021505570587678
84.0000000000000000 0.4708020186802424 6.0000000000000000 10.0000000000000000 -0.2174754267208578 -3.0290225613761192 0.5309130974191858 2.8921166824142217 5.5174449594217556 3.3445031757425867 3.5235101914481781 -5.4619323521011411 6.3749345914939228 0.8657243662313083 -4.9843803133605142 -4.9471492395978158 3.4216678899338202 2.3402857608312395 4.6882315233453484 2.6694057262471151 1.0817130967939672 1.6070929499791220 -3.9442765874831287 2.0516583797686554 4.0505855472084571 5.3509673167820582 -14.4426406927593014 -8.4678152060697816 4.3540154370861650 10.2702680520112875 -3.5185222151194648 0.8969992325553333 4.1719876807138299 2.2403977071105046 -6.5748041413467302 -1.0099005987858003 -1.6894637163228068 1.1791225256060003 -0.3717446464453102 0.4135978077755023 -3.0200723020911755 -1.2046611548732691 0.4441466410141518 -0.1454230036184511 -1.5166588974898545 0.6344627666444420 -2.2333560746160508 2.4862888240424033 -2.0168017822417612 3.7938883837813195 -0.6033170519676736 -0.3580792353395988 1.6277867376452189 -1.6187323417885431 1.3705679714321408 5.1068114548245287 5.3634983814669459 5.6292953402184516 1.6373840465477612 -4.1075571623712825 -4.7715913860217709 -1.1771517477893130 0.5762300996136516 3.5515000921057158 5.5101599574908624 2.9808146740811847 3.6057765809873867 -0.4678363296836170 -6.4455522059106993 0.0611554831155451 -0.9620672186016246 3.0222792674693575 0.0759856358522611 -0.6576165884016720 -4.0289079288567882 2.6529049431482550 1.2806413334208462 5.6212036064242756 8.5530303101168670 -13.8698364762878015 3.5085595842964814 2.7557894754984966 3.6316717892931907 -0.3767959259798143 2.8928048473884544
85.0000000000000000 0.4664477432493986 6.0000000000000000 10.0000000000000000 -0.4496897919541584 -4.6876484865903523 2.2815009176260528 2.8975281593799869 6.0353232143329736 2.0543515591623596 2.8690420921157447 -7.2019057010399452 6.1538009703646885 1.2568502187881077 -6.4163099378389798 -7.1102455486116565 4.9945135288951592 3.3713800492557939 3.5882923099298631 2.6475104087767458 1.0551949247509154 1.3533045491344307 -3.8002274359907711 1.1967449362174487 4.3025259011982984 6.7261225715212909 -15.2105322016962123 -7.4555531871770917 4.9420785815811596 9.4160055549831849 -1.9735527874119740 0.0330144013344861 2.8669424211573862 1.0698439897846843 -7.5395842312581580 -2.9868837288970367 -1.8541356146812915 0.3229664928363123 1.3329740156978882 0.5307274555444806 -2.7144735806184492 1.0261687047067840 2.8298387066638204 2.5744585239945095 -0.3560283271141633 -0.5476026189704699 -2.6761724657334738 3.6249653155443342 -1.7049438333375098 5.2687633886059020 -1.4639782756313138 -3.1157624199774778 2.7088829792429263 -1.5262335866851533 -1.1686272532233171 5.7776399118850490 7.0308903638650087 3.7436590723426932 -1.3858212768282077 -5.9626867120782183 -3.9433213926894197 -0.8692047787656313 0.2751492628835499 4.5821435642833066 4.4110219400265258 2.2258022774101178 1.3053205191611092 -0.1470598969072694 -6.6696308323049394 -0.7027913466333091 -0.0507477122940002 2.7865365279425736 -0.2185472330641494 -1.6922109763339006 -6.1819078924298605 0.5650086990825907 0.7339919975393231 6.8325581405586302 9.5276161570496782 -13.2626792935430284 2.8976076177714001 3.0827972638248067 4.0013788430713113 -1.9632730450761793 3.9168461116311950
86.0000000000000000 0.4616272319601986 6.0000000000000000 10.0000000000000000 -0.4116169401413030 -3.0682426149290087 1.5244257665407170 3.9449688642306207 5.3398111674130639 2.9307414159847656 3.4619654190356570 -6.2015172556926546 5.2378575808508394 0.2267760262174350 -6.7169261326040868 -6.6373291729979433 4.1979877356072937 0.0632565868313173 4.7081151464242117 0.9569761841819207 1.3727481774509969 1.5151983972987377 -3.5189780181849484 3.0549859126759742 3.9453413399867445 5.9929160082992166 -11.8973490669001301 -7.8744502859617462 3.6214119297761291 8.1013235543655977 -2.1498384590192785 -0.4678522464409529 2.8983932419882494 1.6831855385969450 -7.6525111911882382 -2.7658029283417571 -0.6118408807373191 2.5306676690432495 0.8686174905561601 1.4739165894451896 -3.8787604501242345 1.2673556178088603 0.8029618300440640 1.3352158353596613 -0.7670102968337212 2.0649605211666922 -1.8982328072530785 2.4975790620314364 -2.1530682789397422 6.3946292237720526 0.4218951132157266 -1.6234423156034166 1.2849723197390470 -1.9245345234647644 0.2950132701619150 6.1324502299343990 4.7894122990128816 4.8124387411618024 -0.7346096277359386 -6.4075384099918606 -2.5424766872935747 1.6985264559004751 -0.4029272621540023 4.0801817173800625 4.7381333288699183 2.5326968576274189 2.3494502289889860 2.4691692317684324 -5.8360752578794424 0.4466791262242971 -1.7912937408564173 3.0736285959850171 -0.2187442704212709 -0.4509156257605594 -5.1083814983336380 0.6722767183654703 1.4031058027453596 4.7884126845085939 9.5865626591940529 -13.7170300726736745 2.8901725862180547 1.8608705062178426 2.8425515638966909 0.2334896824403548 3.9137900647897728
87.0000000000000000 0.4639538877791941 6.0000000000000000 10.0000000000000000 -3.2797326848535118 -3.4236878932042698 3.2522820366808807 4.5661232887814691 6.7069356926871624 2.7236017007936391 3.2699547408539820 -3.9332088429476531 5.6768587108893884 2.4732568368363719 -5.1761134698708124 -7.3883076364308362 4.2540322216712392 2.6010140555966190 6.3845769345520722 0.2152247797945788 1.5837484110578885 1.8528962851662834 -5.0670334082560089 0.0940114858292174 3.4291486391597021 6.8317793590344076 -14.4028562924617862 -9.9223731887975024 2.6912954829053937 8.3900398963688581 -3.0608284152314020 0.2055261676105901 3.7447911444707960 3.0877057359313289 -5.9747558183658036 -2.4787069607116514 0.1788284253095926 2.1423717543871033 -1.4402151606117803 1.1202214926838110 -3.7098460361904997 -0.4393453098739287 1.3899867109978121 1.5819697487489690 1.2223498188266175 0.0274295894828380 -2.4142645922836592 2.3048412317068898 -2.5991549906255820 7.2720020608424223 0.9144949563532776 -1.1090627253920289 1.8023585056280531 -0.7164641420001013 0.7456852865399786 5.6854626510139843 6.1382951790723261 4.4342465691553121 -0.0920016033580264 -6.1863674040711345 -3.4617490824879158 -1.6650067290692356 0.8641440407266249 5.9295787341795192 2.4061949240989162 1.8603960176798093 3.4644500869362544 -2.4178422901653596 -5.2655053907774736 0.7229207443328963 -1.2113436134321227 2.4627270754409851 -1.1459992972282105 -1.6227279653422140 -4.5302406993779574 1.2850470970751029 0.0090989690379830 5.2077850358199314 9.6895544448989597 -12.9672927244533636 1.6817481921042754 2.4904465732521270 1.8258021310273471 0.1270990979625891 4.3211943714587608
88.0000000000000000 0.4537654067218012 6.0000000000000000 10.0000000000000000 -1.2927367542601620 -3.6905576129608653 1.8597761826140606 1.6213482840357958 4.6988851194343795 3.4101028185567333 4.7970308109244115 -6.4045354048549825 5.9709015728965245 2.4014606602583890 -5.6221431284665755 -7.7088842542318172 3.9971863113467867 1.8696604680238651 5.9675051328330770 0.8509276987453956 2.7317963580461901 0.6568423783906508 -4.0786556569151600 1.0613013119227392 3.5897401804446702 5.5732193275437103 -14.3551598323439791 -9.5502576843057394 5.1715234639698746 8.1786674833533013 -4.6527790734768226 0.6678586186986040 2.2092648102760997 0.8764750324841754 -4.6689165722832362 -2.7932743182901687 -0.4075550338211843 1.3973156611940234 1.0453595870143968 1.1369081359851272 -3.4940150051706627 0.1683839926804092 1.2619098964871274 0.5114530192490072 -0.6142171238948780 1.7094404758320667 -1.8058861891900528 2.1579389164549552 -1.8779155642206113 5.7173286149938187 -0.7140000611459156 -3.0854459126551705 0.5032415316758745 -0.7740735153508194 1.3112741696601886 5.0115553564079853 4.2346445297476532 3.4941239322560906 1.0493243427743617 -4.7068799803805703 -5.0356844003325385 0.7289089372124664 -1.3252270559881414 3.9711288873987636 4.6326894048685929 1.9948023291863279 3.1307525658737254 -0.3157628149034783 -7.0567742707025083 0.8380672473478771 1.2968302511717806 4.8495241704947603 -0.0121909394573138 -0.7775207261114506 -5.1901617620616483 1.6110153817522970 1.8895251544738034 4.7869295561050542 8.2888132568330324 -16.0795754525262389 1.1985369418154048 0.8083517744077501 3.7317976137394000 -0.3417698409016975 4.3303033017275636
89.0000000000000000 0.4593067302484244 6.0000000000000000 10.0000000000000000 -1.0854068435018880 -3.7673011879153457 1.0274898972036983 3.7064611633980684 5.3450508428171419 3.0817536366287674 2.6792602374648902 -4.0001854161936841 5.9175227783195705 3.7788759227118685 -6.2850941673207030 -7.0389390113804655 2.5630650835219342 1.5079576380136617 4.8032463172991697 0.3234235744310343 0.8916711459027856 0.8842458654586638 -2.5826412359375266 0.0522807676161727 5.2941949206529255 5.5560244236610421 -13.3095502318370524 -7.9740015498829582 3.8310315556526069 6.8270500180083822 -3.0220506316225904 0.1462835964868904 4.9447084988716021 -0.1308053857724896 -6.1006887532751488 -1.9498119514247403 0.5641982312769409 1.3994597241051365 2.3958982607548078 2.6088012802337754 -2.7088072893956654 -1.5147421135934818 1.9505872390080889 -0.1165794947599097 -0.7057247905394453 0.2002518560996137 -2.2810350232106629 2.5503152673360230 -2.4221975475282909 5.5080390431905952 0.6180209431924297 -1.9884952005241623 3.1841294466559682 -0.2529715268377059 0.4139751629701045 4.4251374039902771 6.1430119290283116 3.4762718536762929 -0.6414661244803627 -5.3242530367144214 -4.4883759782783148 1.8784312015616860 1.3972014160751369 3.7375668143394072 3.8093798030733863 2.9052545124234679 3.9729590616301751 0.1076700770897439 -7.3392379380579786 -0.2302304419073558 1.3958749935514028 4.0354068902379154 0.1908100201695019 -0.2080643580823288 -7.1871054105951178 0.0753059137397326 2.2690799565907920 4.4195616401992242 9.6021509515109695 -15.3919643427860056 2.4249201579691082 1.0032692382630519 2.8139502889011498 1.2966640949884074 3.6453189507079915
90.0000000000000000 0.4611675312190168 6.0000000000000000 10.0000000000000000 -1.9397737836752900 -4.1803815268429823 2.2133620440805259 1.6739988836176152 5.1298239108204191 3.7144766917234624 2.3751343784252374 -5.1199489751273184 5.1227653299066835 1.5723538737362444 -5.2453935987175528 -6.9168708797877176 3.1966010874196433 2.4384074208918642 6.9171470817195306 1.4089498211452822 0.9173981836591264 1.4115257484523793 -4.9769664877130397 1.5679427998721289 4.4834929859358628 4.9255729803147021 -13.7965523448665426 -8.7793906045169621 4.0832923426116041 10.0084393404918437 -2.7797436792157297 0.1055233613942225 4.8225875053132023 0.8663277779346106 -6.1041662015738707 -3.3500241179220325 -1.2198347386802588 -0.1467579530001741 0.2618477012475189 2.5656516432166208 -3.2530380092121343 0.1164730363242928 1.5690448255471114 0.8808348755798908 0.2368284486924880 0.1806942779250688 -2.2583641461931929 2.3441371766280925 -2.5276951287832952 6.6421001920079643 -0.5628911727443817 -2.2488651107859026 1.8276739712014702 -1.0116037464044418 0.7414781566507271 5.9005832649236716 6.1552273126338690 6.5539158308848711 0.0225601974835129 -5.5991753138922364 -4.2972264413363161 -0.0753075298643491 0.8415112981297594 5.1003588350792182 6.2206980212948721 1.2925568314663074 2.6756061817477983 0.4642665084112523 -7.1230129754800284 -0.1322236854995665 0.5487947007196621 4.8780745056595638 0.3249549783896250 -0.3600909720625601 -4.8550419766457242 0.8284516427930499 0.3475282566111479 4.2124062359474257 9.3287063553162781 -15.3718932833564743 -0.0995306113209740 0.6895119250109946 3.4301024753752758 1.9884922505268117 2.5407989242116216
91.0000000000000000 0.4654500113778077 6.0000000000000000 10.0000000000000000 -0.3638022552694966 -2.9617580389223175 1.4852259151185567 2.7140880472499629 2.8619789033653786 4.0916119335960541 4.1664046151586502 -4.2660168525057633 5.8709914833169110 1.6972394494476426 -7.3259868585479220 -6.6824930840512842 4.4842699690478822 3.8101110878091338 6.3874068140831746 1.8879241272745224 -0.0455913681850986 0.4655873934959789 -4.0259607656627088 1.2496350529822773 5.5787261384512536 2.4593946421160799 -12.1378401089677013 -8.2159438376608609 3.7676509516353613 8.5317694520677083 -2.1948511422527210 1.2213751396110772 5.7631052004724319 -0.1087624064906156 -5.0132423613635657 -2.4515890618199512 -0.3016952080800830 0.2003279510229659 0.5446155965736615 1.5686413103486569 -1.0454667296667384 -0.7262626983958458 2.2074530965765593 0.9716207478073512 0.5563563394379538 -0.4279181998517974 -2.4425286452189798 2.9024668697420544 0.6475003782947550 5.6249077541200627 -0.3032906545445065 -0.9368834613167677 3.3909568776035797 0.5277092629761604 -0.1929153777538175 4.1033405447512639 4.6114565736760600 3.4908616095390244 -1.3156054044636067 -4.8438854860783627 -3.8176660495652994 1.0078617820004989 0.8232042881741793 3.4757062914686498 4.0994149874339261 2.8040089449265615 1.6905157587638713 -0.1744118968390985 -7.1431519293600729 -0.4946529459683366 0.5071047546730070 3.8571474688130887 -1.1837501668666142 0.2319213597816584 -6.2315993901497606 1.3371841950672032 0.5981473896340581 5.3252803877303192 8.2578182541588738 -15.6738467351124591 0.0311076963964391 -0.2268382725273507 3.5728247343202781 -0.5098768023486098 5.7368011350929926
92.0000000000000000 0.4645810159113478 6.0000000000000000 10.0000000000000000 -1.1470732198905922 -5.7517935287494906 2.0941536061523847 4.2457605303874075 4.8084384083240481 3.2136781248470832 2.6820539731950204 -5.5070580479152618 5.8216080674193806 2.7043169090740662 -8.1841593876457281 -8.2157271042038928 3.1551212445214514 2.9369455906427842 3.6108558786338625 0.0199876200892330 0.6098394097252837 -1.3497537544207585 -3.6743156504953944 2.0750565789595132 3.1682233928279331 5.3455141089239273 -13.5022760751046622 -8.6453138740903128 4.4015752852313028 7.2857126472131277 -2.6575297936268711 0.7387938681088038 4.7828052385775370 1.7993944043723880 -6.4029392180296281 -2.3302295404672364 -0.7535071286142093 1.1932867020878952 1.9319047531127351 0.7423054850897137 -0.9035071395842867 -0.5508155398140689 1.4762072877750494 0.7088988679639777 0.9823149990700762 0.8603444813643371 -1.2407961081050156 2.8022674932693450 -2.2638575135705534 6.5585058881783791 -0.8012868444745421 -1.9382170414173079 1.8720218052833362 0.3108413202494368 0.3227541719556746 7.0026736462629193 4.6495708722483888 5.7724585881652111 -0.2210632245292677 -5.3959520657461404 -5.0220002688941188 -0.7489207565361947 -0.2825769361666405 3.2488752469492921 5.2856065102193694 0.8737262855456494 3.5307307220635460 -0.9566943054592811 -6.2986384750977829 0.4125461814564551 0.0976902652957344 4.6256874578218667 -0.5195734227864226 0.1030278718606268 -7.3346202995966543 1.2042802308626865 1.0051968260894915 3.8890554256999934 8.8792116076812331 -14.3607862186092969 -1.7160663909434044 1.2405821151203256 2.8030383531832443 -0.6040972242695954 5.4284009167394967
93.0000000000000000 0.4576263674112712 6.0000000000000000 10.0000000000000000 -1.8773253793242419 -3.2756272194858780 2.0896578266123518 2.1810236573804378 3.6844497969947145 3.0777878019672591 2.7746339861105156 -4.8468430622453598 6.0103177907842129 1.2568164952030421 -4.6894773831109315 -6.3480493792808836 3.8778653964365191 2.0887253638511405 4.7049131640850161 1.1946976723202276 -1.1639318810004904 -0.8833500236689444 -5.8573011601059433 0.2257624756075056 4.5788185974645570 3.4724243117965217 -12.1987222512564859 -9.7772095688484200 4.4120820725455641 7.7113416923704374 -1.9642697002704246 3.1336867538438851 6.7562993450202304 2.5972601976750123 -6.9970502850413467 -1.6316743414218338 -0.3182334883519999 0.2269572700419606 1.0372387888494543 1.7605296766011613 -2.8455966698012203 -1.5257284925968406 0.0443332132158378 -0.2907602388339753 3.0093790346619156 -0.1192535243620396 -1.9668191690452741 1.6112456097214125 -2.8579905815871998 3.6092348962487857 -2.7541008844044135 -2.5592260044541262 2.1172354042324044 -1.1449434974025166 -0.7699269829791047 5.4029371915923976 4.9596946237188231 5.1173533780474871 -1.0407237981304827 -5.0378491134312569 -2.6136246418230429 0.9626707931908810 0.2637441049269055 3.7893265664999296 4.9113223599973193 1.3481910289618504 4.8091463502992386 1.2549969475393494 -5.7034038262635312 0.2539806972728317 -0.7308525416180802 2.8489350861851239 0.0258341292354392 -1.0614823589896139 -5.9765508433993073 1.7361404272731966 -0.4177921849422267 5.9364615240184166 9.3975937014761808 -14.7246812831296943 0.6990110650825512 -0.4588100424313772 3.8440972447249022 2.6702072391470404 5.5289976469903381
94.0000000000000000 0.4521815447001871 6.0000000000000000 10.0000000000000000 0.2198516551777998 -4.2452344461635887 1.4852664413008885 3.7696002312436887 5.2713230950007244 3.2951407087128213 3.5004882849084620 -4.5196768418813358 5.9632330538422931 3.5548459832832897 -5.3377943426126446 -6.3477493691777003 4.8669834735910547 2.5364993568175573 3.9316382067921545 0.0082958971720323 -0.9842167432596649 -1.8650170347261841 -2.7354339555358855 1.1112877984429181 5.6467282622644213 4.8605341643816367 -12.8166638054291866 -10.0335905460120802 5.3385873616722943 7.4218698812849873 -0.9828417966147835 1.8491651105075815 5.2551967510109296 0.4046639950839747 -4.8426670657839281 -3.3214337135455398 -0.0047364226092653 0.7199906569520005 2.6512142718288123 1.0394914322175923 -4.1375456820878203 -2.0153743393840005 1.2528368100325307 2.4022471499961791 1.0502123344637191 0.2301493985300771 -1.3436383936813026 2.3202862418321901 -3.5454872136992748 7.9033278046333759 -2.0496411959084435 -3.2979738909432772 3.5975919963890703 1.5935026004989470 -2.2141149091503962 3.3487484495823412 5.4733057926544220 3.5224040982255831 -1.4488556348122321 -4.3704399322814895 -2.5482866132537696 1.9269363828411543 -2.0183275569118364 4.4849294388280905 2.8053091575383249 2.6494633150791866 3.2421601691175095 1.2327447993006346 -7.0266273910814432 1.8636534931762889 -0.7646707690164629 4.3855819204642810 -1.0868535722932702 0.3627424759037602 -6.3806080153240385 1.2346957483463146 -0.2468013874819972 4.3552565756393387 9.3203488184676058 -15.4328453832185080 -1.1348693050640444 2.2146962067525768 4.9140776432877207 0.7777189581052564 5.4835910591823724
95.0000000000000000 0.4494118362723393 6.0000000000000000 10.0000000000000000 0.3592938986773470 -4.3996513566179036 -0.3701983333478260 4.3084653485634554 3.6045008033270118 3.3550755099045677 5.0017801354374596 -5.0144462606843083 6.2096593589659514 1.7553003423830331 -5.5255769816185145 -7.1841055516543433 5.7424662400183735 3.1840278346187993 5.8501179442774509 -1.1242223456557952 -0.1238399293327767 -1.8705372866494927 -4.9334034444928943 2.2629110179155467 6.7368628458575337 6.1338484856224831 -13.7241735278347967 -9.2982424287753975 5.5710294276283001 8.4830562121911619 -3.4795108622410349 -0.6241463976577702 5.0054224012999082 -0.8770475590934393 -6.8918208740941260 -5.2133567938952083 -2.2765610795352402 2.2446386639324505 0.7269839283971844 1.9996404411999957 -2.8359019127101872 -1.8569471730952092 2.7738827010668912 1.0927543397836867 -0.8290449376833378 1.4032455323881465 -1.3389788808495182 3.5178613693036640 -4.0082911266637868 5.6421806107159203 2.1691021915151545 -3.4120216415910614 2.0339693407113288 0.5516691353725596 -1.0297899040945047 6.2358182344398188 4.9786017750895146 3.2051104983758627 -1.9085048362532713 -6.1136117254214168 -2.5373166310032778 0.2789270704837763 0.5287341117070896 4.2090030932771345 3.3367491953235904 1.6192801310517704 3.2616381147240734 0.7528235160656672 -6.2715470356874068 1.0094942362320056 -0.3434546679793561 4.8206017108596120 -0.7448500119307578 -0.2858501981498797 -4.7755266185767447 0.1876006702744552 1.4456405668771402 3.4579235071783589 9.6358398767393076 -16.1627757687087339 -0.3890445049389053 1.3310420603558857 6.2796779247648509 0.6893623870343150 4.0399408437287612
96.0000000000000000 0.4576422026885378 6.0000000000000000 10.0000000000000000 0.4095649518494269 -3.5520908633609105 3.2930884694778331 3.0314486157079696 2.6485000964185517 2.9642335927709067 3.8470760610297421 -3.9295590547311248 3.8358083222606272 3.5752728352725511 -6.0312631427909933 -6.5762063981558914 4.4945080334663565 3.8843069525645246 4.0752047085070915 -0.0811576994059687 -1.0800037761396057 -1.7922669573994083 -3.6984360785599693 4.0280581121511121 4.8470965626366542 6.1848023558548419 -12.7532069230417466 -6.4528067026748257 3.1612609069496429 7.5249755507342728 -2.5571258636471463 1.7497553957368659 5.0036088905768770 0.7429696428797279 -6.4344453976020937 -4.0922895639728498 -1.4788530390786088 0.1069212226159921 2.6474044897833395 0.7068446673169750 -4.0961546924350571 -2.2891995930120057 3.0476459963877831 0.4172778084430205 -0.7451791279819353 1.2198229307755268 -1.9805130915890250 1.8421700960554808 -4.0300244015639901 5.3767471454087676 0.8384610646959718 -2.5123930638385295 5.0313549898403522 -0.1846237422990337 -2.8476019523577802 4.9148415037663336 5.4028581907254258 3.0349449051148452 -1.6683817211092198 -5.7994816794532094 -4.2365758894600685 1.3528420654744442 0.8513054513496723 4.8256489967599556 3.3964928586332492 1.1359896196408732 4.1739439494333386 0.5850226282616894 -7.6025199677768853 1.3085060063738683 -0.6398094650424435 3.8899483280595866 -0.4522270256243319 0.7633896736702200 -4.2744535195801010 0.9894855374492866 0.7003520826484182 4.4665335309367542 8.6363739211352861 -15.4520099283659036 -0.2384065778112655 0.4571488784297681 6.3675463423730516 1.4383805140268262 5.0392194492322551
97.0000000000000000 0.4572028326031308 6.0000000000000000 10.0000000000000000 -1.3881030359666910 -2.0906534113336130 1.7506928949412992 2.9140198604482226 3.4526597002370281 1.9254822412673398 3.3999469023731388 -4.1899106354606630 4.3561737716631370 2.4615085882802679 -4.8904083711673536 -6.5616672467429700 4.1857698990097161 1.8531020000438592 5.3048266090410996 -0.1041842029787956 -0.6727343588895238 -1.8923517105003242 -4.0172461511904336 2.3802681902448057 5.4254875434108740 6.3907544227145152 -11.4124236678834183 -8.0490510418626968 4.3817173803149885 7.0452640735765426 -2.8672974826095938 0.3146573014242406 3.2814617013558616 -0.8880032596475400 -6.2741175719989881 -3.8194954220011486 -0.0274561221413510 -1.3895267660839716 1.0481658649399872 -0.1467658316606819 -3.7609764177165519 0.6976426295598626 2.2576736135733135 0.8689063336044076 0.6376307567922213 0.7888971599122896 -3.2894890818182749 2.7151785486735442 -0.7351305388945941 5.4790040973737222 0.2173950006732618 -2.5408799718162411 2.5015124436924334 0.6494215674745607 -1.7539203241294867 5.1870656445571148 4.4954125337584285 2.2997479104895437 0.9483097280747076 -4.8578400107623771 -4.6099497720292160 1.5530546392216076 0.6902702012927400 3.0156153141541751 4.6037326136313093 -0.2939116675908706 2.3481598601799725 1.0195211683100212 -6.8382213028648531 1.3897471011027729 -0.8106110632764792 3.9734773493510325 -1.8575983821768007 0.9905782517441672 -6.1068336175960756 0.3293586975875153 1.6133148830686663 4.7799713888625464 9.7259679921082220 -13.8799432312754831 1.2885256490585171 0.7734914462600055 4.4550162604041139 -1.5398742199035502 4.0108212537827184
98.0000000000000000 0.4568981131876866 6.0000000000000000 10.0000000000000000 -0.4426165421166767 -4.7408975248302525 1.5624725638963262 3.6648330616166196 3.5182868469867836 3.3852133213304390 1.7031289946476424 -5.6462875830582728 6.8388179360503134 5.3884365703275794 -4.8903953611947744 -6.8991769419205689 7.3322898616807350 1.4857952639702972 5.2323822750579154 -0.9639852106012863 -0.8022235762881950 -1.0877699136134402 -3.3357488872129202 0.5628790606975069 4.2115987839261226 7.5498133564471885 -12.9957529613032499 -7.0849193246339679 4.9059882052484358 7.4616065903886160 -3.4091480962029523 -1.1150069546163528 6.3217981139358486 -1.6772678712943321 -7.3951820877857743 -3.7418610333996143 0.9807527000323669 0.8705014252912541 1.8086042183150242 2.9800303563029109 -4.9503808270054899 -2.3113744080544794 4.2322675303820532 1.1862386261859181 0.7614611689305728 1.3015126241464636 -1.8467477469751463 2.5885571146469859 -3.1799432551436611 5.2652266866789015 1.0975675850199345 -2.5610953874022964 1.1616423840085759 2.0044494446154357 0.7208601301510582 3.1040890663945522 5.4057965398701739 3.3539615909782743 -2.6987413531719024 -6.1762584404066949 -4.1868132069793607 0.5395760774248085 -0.9426188380530945 4.6941344474160660 4.7804483120321422 3.2769240735976859 4.2935880503904311 1.6485872700291413 -7.6760179213519875 -0.1134412517852248 -2.5290515393993274 3.5745396916372281 -2.9741585962606170 -0.5011918347730953 -6.4594553646952892 -0.1881741296597799 0.7791753556818252 4.6252287792290527 9.8692955585548781 -16.5678554545518644 0.2905484623851051 0.4895569378108992 5.6218898310642684 0.6200413193718732 4.9503303634210720
99.0000000000000000 0.4475662706627384 6.0000000000000000 10.0000000000000000 -0.0076035592016842 -0.6684953944491174 2.7641543198303697 2.8842127487887366 4.7030890270446291 3.2464675111414873 1.3699411931459222 -6.7640443708271807 9.2038823823715390 3.9458854428930499 -4.8189375274631256 -4.8914514923984580 5.9095739487454342 1.7320651023308060 4.1502272129938751 -0.9489246430847116 1.9856051272892117 -0.1467508396168338 -4.6283694837499132 1.0515345971267087 7.1746011646446721 7.2037714411999341 -15.2101479795772381 -8.4393686062759503 6.6369588316148622 8.8577094889159227 -5.2852460077226358 -0.7334340482399122 4.3563576717331092 -0.6901117982551637 -7.8673108550803024 -3.8593407795458696 -0.7519393983840917 1.4368609919785476 3.1393561234731147 2.7628477003044978 -5.5313093396923714 -1.3406213120843851 1.1067243123059545 -0.9773063439764625 -0.3205529866622386 -0.1117647481953704 -2.9391873051524540 1.3743052271329459 -3.3231974844828120 5.3639167021539444 -1.9260846059071404 -4.1077823793857595 1.3142484766621290 -0.3526622473060986 -2.7060487092335146 3.8914145607999524 6.8943542231710033 3.4393148911486389 -1.2004363260335180 -8.1571204670181015 -3.1530203053671704 0.7519055625930158 -0.2410984050488256 3.8279872207378993 4.8751940509083598 -0.3504621453847985 3.4096260389923256 0.7158676928370107 -7.2943907529513599 0.1699635169837412 0.8562989901004823 2.5680739196075653 -2.3927766956956047 -0.2395003104842491 -5.8087159891145488 -0.3987201300192195 2.5275374246323290 3.4109483133704552 9.6962384526292968 -15.7658180842797790 -1.0177949255618715 0.5663685650060993 6.1336623903182659 -1.6337133032493985 2.5518582229048912
100.0000000000000000 0.4550489777658037 6.0000000000000000 10.0000000000000000 -1.7629941061814576 -2.6506783737262372 3.6189808362560392 3.4238130319527094 2.9585124243154270 3.5304407554123127 3.1044163236321847 -4.1516101953975282 5.4403202946263649 3.1966629711136125 -5.9888696734550759 -5.6704468607351073 6.8026681466231507 2.0676695542225545 5.2235131403597297 -0.1816355099744235 0.0011751030465879 -1.9722982028296328 -4.5780784783167690 0.8837014631815028 6.1548498600304908 6.5158663189457675 -13.9531076504567633 -7.5732578848266972 6.6579999844814663 7.4688890206155687 -4.5943351969719490 -0.2718835337514220 4.3651007241559023 0.8371360468929916 -8.5353000805552188 -3.1821647393308186 -0.2466559931370795 -0.2351363328050629 2.1457920001151427 2.2914925958504377 -3.8122487187782723 -1.6739306708164141 1.6308695801739816 -0.0480040212119416 -1.0354141427682888 -0.0775055954928703 -1.2238532042957524 2.7572245308926191 -2.3838024087274063 6.5232976395939071 -1.2908471302578222 -3.8560293111654875 3.1145910298126616 0.1889067140004299 -2.7767780526792363 5.1791104107184331 5.4044015658359053 2.4840347382126424 -3.0520166183699882 -5.8202667030458102 -3.4318718556507855 1.2881553148858989 1.5567555661054868 3.6659902583470196 4.6686276661867270 2.2435555959688562 4.8429199608286426 -0.4944664883748175 -7.1991033995203342 0.7068200270633496 -0.5946449199285480 5.4364244364948533 -2.8654425293484058 -0.1777783075141190 -6.7400163085158820 -1.7517830945820125 2.0718800337410768 2.9473218425435883 12.2742250219008540 -14.6199540595186495 0.2534150672452327 0.2246420456001423 6.6228784592791632 0.4798110265681339 4.5817827137972680
101.0000000000000000 0.4551809349315832 6.0000000000000000 10.0000000000000000 -0.6654182334804997 -2.2119431854487512 4.1261135586172566 2.0636979577136341 5.4746768861421256 5.0274203853644650 3.9713650650222969 -4.5996996554361358 4.6877915733369599 2.9841767183144459 -7.4417069166964875 -4.4420084425348225 5.0822144520772490 1.8594716941193630 4.8400241056529740 1.6476037976349363 0.8298829439278176 -0.3982657694877487 -5.3093314684335606 1.1429876173788638 7.0408631334737599 6.8445702310139760 -12.5671179755849725 -8.0644063539279891 5.5705979211843353 9.0777686044329151 -1.7823959218062311 -2.0520854062570191 5.7299415485445948 -0.6587015016006437 -9.0281609393105882 -4.2880044977432075 -1.7392554148361259 0.4777685994499232 2.0826269730653526 3.1650323339854256 -3.7043596014203772 -1.6569322032422493 0.9822117985890215 1.5739223157613060 2.4308028766902825 0.5291830284181860 -2.4810273424233018 1.4529839611940982 -0.8173263556384991 5.2861897151991304 -1.3840963729564342 -3.8537905631336415 0.2676788373693495 0.4741707919484035 -2.2451311696292753 2.9754302243301236 6.0813409449718030 4.8483432344518009 -0.2268157437446980 -6.1955194047050099 -3.9392072283315098 2.5628014275571891 0.3035425578221298 4.5218450442611822 5.1998019003010310 0.8036114640460046 2.9043133383773165 1.2061826120683183 -7.6146574906248068 -0.0269252521483958 -0.3683434572220958 4.6106372101372193 -3.2073076768367925 0.5641347913256965 -7.4316119763099691 2.8708370436753090 2.9755531338823964 4.5211464563592578 11.3773056836206869 -16.4833453293045196 0.0463966936431471 1.1490477302105671 6.4692332349603401 1.1702261217008916 4.3624531451110586
102.0000000000000000 0.4541222508657453 6.0000000000000000 10.0000000000000000 0.1213396113460460 -3.8456513505665235 1.8040910716994403 2.7712418688352902 2.6525626604268746 2.5877238947357348 4.0991792395747435 -3.2229725293455904 6.1380924558643795 0.8991001586883347 -5.4128704486626829 -4.0688774338906395 6.4098500073872220 3.7405275918340903 4.7333030344301861 0.2131790711792991 -0.0009783024929947 -2.3283694726926640 -3.9945149662882846 1.0338264094716310 6.7068728423032260 7.8138680358653554 -13.1423111367119567 -7.3067865011407740 6.0445634791966034 7.4270692769324622 -2.0060533260061564 -1.3513091496735761 4.6456416975000092 0.2826850826398841 -11.0215644844716998 -4.0348115174544610 -1.5766776415061021 -1.5835098259385010 2.4245947335113653 2.6596388474317010 -5.0920069872506000 -1.6792040105157462 1.6651981913339118 1.4825404436839857 2.5258629437244320 0.7159551005071293 -2.6265720145203875 0.9413437022699161 -1.6880660182388021 4.9335783182344972 -0.9879983705722111 -3.6477837806640108 3.0666806455020392 0.0261745351846671 -2.0771091158533079 4.2363267237034412 5.5386164624076875 4.5339904504959581 -1.2516387887127589 -6.2082591953113120 -3.5212574485416059 3.7453561968837765 0.2375804510004168 4.7439332272840193 2.8824201101700888 2.5019382113115753 3.0451761076748523 -0.6099946827634519 -6.8947948893369082 -1.0758414956075146 -1.5547366147087638 6.1669628942508403 -2.1471709652250324 -1.7481485664760172 -7.1768066868472982 1.5222012563803036 1.3640052065195190 4.4444548397531749 11.3347633191524828 -15.6301530987311921 0.6871209119635426 -1.4499714214871477 6.1190364870182163 -0.2817016997198426 2.8405205177834558
103.0000000000000000 0.4512094958350856 6.0000000000000000 10.0000000000000000 0.0762108726581797 -3.5095349403528489 2.0657216656195940 3.9174612399537159 3.3484386175595455 2.6713552100890121 4.7216676740244967 -5.1216188477431208 5.1707680896614274 2.4557269024991353 -4.4015585145052807 -5.9188997594556287 7.1226321609724152 4.5975883637591339 5.2681635909241757 0.9738110314217586 0.1294875571984182 -1.8255735363579690 -5.3529845542759338 1.7059348456959680 7.7209485409145753 7.3696125786958753 -14.8796225373960578 -7.1001077785950706 7.4556459993243651 8.2227251501076033 -2.4250018158269020 -1.2075996710990338 3.2317106415479282 0.8984544200554569 -8.6284194667958065 -2.9756826380657353 -0.7988935114181980 -0.0488031427382709 0.9941224111581446 3.0238467890181586 -5.9044621395378449 -1.1796062916687091 3.0261791791632660 -0.4977522086089825 -1.1086809411048928 2.1059227272667647 -1.5184288226448952 2.8395005000381071 1.3968740770101831 5.0117441162397895 -2.6937378723107184 -4.2348434901627803 1.9385059817726968 0.4733966704945160 -1.7683594135034060 4.7404980552907006 6.1249660979132461 3.6039696561295402 -0.1789498607353989 -7.2453683401594011 -4.7531406182158626 0.4004267314553527 0.2116055680007707 5.4673818374696728 2.2407498290160630 2.3114513275995394 3.7247618159198543 -1.7329488962757400 -6.0535566926138609 -1.2412511541280695 0.0924617115605997 4.8371855681431128 -1.7374774897891947 -1.1489732332183586 -5.5930431889521035 0.7310021132581913 0.6105430318760114 6.9791819089038780 11.7138312024306970 -14.5626836574562812 0.1831329425205089 0.3646610756223704 4.7939243489916814 -2.1493675987607839 3.5830598658220314
104.0000000000000000 0.4518699101029406 6.0000000000000000 10.0000000000000000 0.2699783798691140 -4.3960412907072595 0.4362593609469494 1.9732388850483911 2.8667366095207401 4.0826460163743716 4.4276407012395564 -4.3619345546194142 6.7006776314476939 1.2501977164703189 -6.6836745035903347 -5.1491161370957137 6.1863910971112306 4.3580855352174082 5.2864674204736017 1.1572320420320463 0.4369022975839332 -0.7742841072138976 -4.9145766125045327 -0.1832470744720125 6.2416088656311661 7.0052224784941197 -16.0815380411961719 -9.8915290503832551 7.0988096451315146 8.3739174639960403 -2.4302494845577627 -0.8686429115933241 5.0703444316833908 -0.1579263986892079 -8.7446178709715330 -2.5343312383537362 -2.4570919178851014 0.2106838877329649 1.8193484926200498 1.7165236983843739 -6.5083907233504954 -0.6014371369616656 0.0110517696772199 1.8708737520442187 0.1192557972030621 2.2159058233453854 -1.8205720088130974 4.1230933772584750 -2.1687247055621643 4.6997720120218895 -3.1674488205302098 -4.6588353800572939 1.6779186322628565 -1.2078668161312713 -0.7006628966056807 4.1482114884894647 6.4575345132035320 3.5590620130624764 0.9779111046034297 -7.2509489190326111 -4.1496069097315225 3.0638721659341615 -1.7868927377934847 4.6023163223605952 4.3650571578231681 3.0478039131418324 4.3823336791955558 0.0637749017056515 -7.1753498155668529 -0.2674016905699684 -1.5397635731473927 3.5026509050356132 -2.0129161828876598 -1.3839917326946407 -5.9200399394103709 0.7926240655636922 0.6971269715531752 6.3077756089640449 10.6879302036008781 -13.8041904618816691 1.7593081608387833 -0.7960242673423847 7.3975486188461117 -2.5834650148407796 4.1973230146674032
105.0000000000000000 0.4517108779868335 6.0000000000000000 10.0000000000000000 0.7887007827738441 -4.9080102805870442 2.6794706309615650 2.8544056159511015 4.5937691128210254 4.7759267034745472 4.6368822954979816 -3.6524719886777239 7.5211947881383123 1.8264214563891970 -4.3390021002828165 -4.3769525604309027 5.8007139362653843 2.4736123666683332 6.0824526614976273 0.7746872799623751 -0.9125274092254090 -0.9687869038837837 -6.0175629760721279 3.2232929925141356 2.5929357452284028 5.0941420322783681 -15.0858964203458363 -9.1919757567756015 7.4775596563151510 9.5795088300230908 -3.2519505378156719 -1.0497744743047011 7.9010254349870426 0.0526580895346658 -7.8110131803345837 -3.7544509734056373 -2.0557725751768352 -0.0374850472825915 2.7432914745864507 2.3549863990744089 -3.8512810728255187 -3.5902100611604193 0.5597095442903275 1.8173664132714162 -0.6128346695193612 0.2396100818632925 -3.2191040050380804 1.2967195864624621 -0.5989409058582729 4.1492471363724857 -1.8902155983186124 -2.2368356048268749 1.9480143162170540 -0.0741155596483015 -1.8912778197215516 4.6883709535865457 4.7233484758677244 4.2344084303859457 0.8117452404548939 -6.6815248136326346 -3.9910053953921008 3.2607552245512537 -1.7390366996478517 4.3292858565587249 4.3289437149991024 2.6228513748826416 1.9815602874982818 -0.4963816872545506 -9.1950457490442208 0.7108338850034854 -3.7736206608499918 4.4812223887206919 0.5282525906801503 1.0195312372790044 -7.7129315903934428 2.3502998773456563 2.2638960293542159 5.7535239825539470 12.7050467563769534 -17.0265979963105778 0.0298192540859891 -0.3885180340881969 4.9308408193047057 -2.2579101145333804 3.7331588932749278
106.0000000000000000 0.4504689694706674 6.0000000000000000 10.0000000000000000 2.6419290355058829 -4.4149116291737771 0.7311369349166368 1.5972144406325377 3.6837777542913885 3.6317479858496045 2.3528921245868983 -5.2356589416579311 6.1045880268644623 1.4990960849338775 -3.2253131864617415 -4.6113362201396315 5.8463403511322438 3.5331862950359185 5.7993131504587829 0.6885951967309873 -0.6191890818330255 0.0994222084452825 -6.6995948970653343 0.1843555590801924 4.9290994139919135 6.7803047568899579 -16.1209743266981782 -7.9222786607694538 7.2635524107007718 9.6299476095772008 -3.4870608941434131 -0.5673360103123273 7.6458064108835870 -0.0711726749463754 -8.6097951985135666 -2.2092178747409976 0.7220983341670983 -0.7360655248604224 1.1762680917470774 3.9756603340489125 -6.4328075609625710 -1.6527142088746576 -0.0706780675284557 2.3408166670350514 0.8382213323546915 0.6630589858027613 -2.2776104197903262 0.3133699801808392 -2.5054474546403505 4.7837488760923810 -1.6049201921910043 -2.1771401564970474 1.3043582890566192 -0.3573275430684515 -1.5754443573482657 6.4095260809480958 5.7224081275714394 2.7591617266834438 0.4825119411817997 -6.2894538583430428 -4.2358829250839074 3.3969721219137274 -2.1454877443176001 4.5322650295851927 4.5229661791268185 2.5682985668298364 3.3837734218612487 1.1681364645341092 -7.3397662896928724 -0.6057116295445771 -1.8223353824348605 5.1688331908189769 -3.6237383352346288 1.1485958343581979 -7.3613767753616886 1.2903159098302441 2.8395877333467006 6.2807242930000839 13.0862619091881740 -15.6446751513338533 0.7107895276166341 -1.3061693486650947 7.7632832025477478 -2.4020459741997531 3.3857830078549891
107.0000000000000000 0.4505202539993287 6.0000000000000000 10.0000000000000000 1.8595138014250290 -4.0958507543112050 1.8976839736088809 1.7981872983371674 2.4463129037550688 3.4393681918173100 2.7594847567224008 -5.5647312102058830 7.4198399522004683 1.0570052200475892 -5.3567974257124895 -4.7571863179732308 4.6872046447410565 4.0218772311972604 5.3302879502342275 2.1408738281154571 -0.9888315497006430 -0.2116891135988209 -6.0417777706070854 0.5256311691485053 4.7868392239074895 5.1866865917438529 -14.6763457239553130 -7.8064770367631162 7.7932945592743641 9.1301234752298139 -2.5560071293381785 -2.6645746441422156 7.3097182821185394 1.6972551050225486 -10.3552632919804140 -2.4768223160626124 -1.3623293301718979 0.7283765229510767 2.9392958459099852 2.9441242425771312 -2.8833968049495962 -1.4603732425379179 0.7076682471007871 -0.5743271295677279 -1.4001508909099554 -0.8650363665931654 -2.9311453341339901 -0.6778660693862851 -0.2347548872791132 5.3305402493889957 -1.2699715995582341 -2.9614982288421485 1.2729362254858538 -1.6183940787875397 -2.6444929398126269 5.3724766813071119 5.9097951063546352 4.9421476249608522 1.2684875928620243 -5.6668038724977530 -5.3597719310841345 2.7948159949266560 -0.2218143781511296 0.8975896145658520 3.3281717639303414 3.2683125981488108 2.9601039329554060 -1.0752494393456609 -8.3992994197589734 -1.5173648142573239 -1.0493487481540635 2.4110478928400121 -1.4327810384253823 -0.7702120018025770 -6.0318657456053142 0.6755185331841278 3.2109989296731589 5.8587691562126922 11.3564764603376478 -15.5708166071942173 0.4429646498101049 0.6951797486837064 7.6696489747622332 -2.2381404725707696 4.0254627268108720
108.0000000000000000 0.4498455218802873 6.0000000000000000 10.0000000000000000 3.8372795860828832 -5.2974357425716754 2.2522880994477732 2.2741263392306159 3.4035814514536455 3.4986345438587154 4.0959275537516611 -4.2712960810199929 7.1455705394856066 1.7339610171129674 -6.8866670156889516 -4.7767933761488912 4.7117190274981402 7.5923840694364504 6.1317167186277359 1.6567337898831089 -1.3160312567641304 -0.4177043208514574 -4.1944674096983565 0.8683705133798202 5.4183131495061740 7.9581847339422263 -15.5369161824461290 -8.8731541836063297 6.3048899391414555 9.2012677351478764 -3.6555100077704417 -0.1235629682197890 8.1536145879955200 0.8573401548698902 -9.5272398598639363 -2.9088563800642682 -1.2550344584296917 1.2963183326006034 1.1152127525714484 3.5256174348854259 -5.0518744084802938 0.1930084502832901 1.7149027661524205 0.9848955831151143 -0.0149241844200693 -0.0997464863133851 -4.1899771514106936 1.3106638242748085 -0.9183634230270827 6.9653385570284678 -1.2349917902742018 -2.3719340406934211 2.0501523701707720 0.6279168922504796 -2.1568114095911017 6.0269459120365143 5.5074247907714575 4.5226853592043321 1.0955850293721912 -7.8113212920433224 -3.9606402839062356 4.0038657660560970 0.6129788135327918 1.6768839173695653 4.5078477415912763 2.7644864659065265 4.0484477012396889 -1.4916098152018247 -7.1814126573031469 -0.9708415269157805 1.5671809104634182 2.4476542434619804 -0.5759009509372256 -1.0669888718750624 -6.8599813667229874 -0.6735591709092967 2.7678670334649387 5.2049953097348816 11.4139623755471167 -16.1719786383055890 0.3926084945089033 1.6820832480087524 7.2208179492613853 -2.2959619651355130 2.5212239051209799
109.0000000000000000 0.4522008242030292 6.0000000000000000 10.0000000000000000 1.1105672256187542 -5.0202907811440598 4.5825412753696106 4.2909766528919073 4.6714378165316814 4.4657025207152854 3.8259431905998653 -5.6350381661352138 4.8138696941503669 2.0102696065657999 -7.3453053261754793 -7.8208364247700688 5.1679366972159180 3.1969718047007269 5.0051494346930676 0.2570657501641547 1.5786532772958175 1.8843379682236914 -5.3925562648595546 0.1904092844050064 4.7780154601469320 7.3614075233117422 -16.2911350018145775 -10.2070388071141398 9.6417529274230862 10.9865783725637591 -3.9006151581343298 1.3127894305912635 5.9138961229657090 -0.8683351431442721 -9.2608711547521949 -3.8361826675422011 -0.5263888971633662 1.6439727245353049 2.2102877877767875 3.2944628959874485 -2.9210377814365343 -3.2917837425293577 1.3074548703240243 -0.0468940465519753 0.2337517646457415 0.1069747458333950 -4.6417073162326608 0.3186802415922171 -0.6935055924372303 6.4057685647971585 -2.1179602761697951 -2.5232810712427649 2.0331044824832087 -1.0246836822240515 -1.4781521326413998 4.6402152381744965 5.7625079965162316 4.1866456423656260 -0.9954957245384234 -7.4141207591474094 -6.0958055343856001 5.1649197988238988 0.9827012817102470 2.9447758132607191 4.7257244840237549 -0.0491462994523828 2.9750594826561345 -1.7619039824968357 -7.0842901537458447 -1.1313913750316891 -1.1550569149088048 5.5670096776047515 -0.6440110136694792 -0.1193123500437480 -8.2890741440730995 -0.0844739164712564 2.0252026269839769 7.2461027542862038 12.4176736105062098 -16.7942390869421594 1.2279975568564181 0.2699752047045829 6.7620991080786119 -1.4323573974657786 2.9910933658998848
110.0000000000000000 0.4560212136880811 6.0000000000000000 10.0000000000000000 0.8318438381438387 -5.6913646752370868 1.1513121365748764 1.7110457230221194 2.1793036903575498 3.8278433185337906 3.2584214334819546 -3.4519993359594108 7.3305745869348629 3.1952970744236757 -6.9206925587327000 -7.3418627937703507 3.8740909684951341 4.1086234987607853 5.8945957713194028 0.0044588020463443 1.7971125244400799 -2.7319393438637110 -6.4103779772925762 1.2947103211796591 5.0267670665116322 8.0878226441992584 -17.2108654438129207 -10.2129937539346933 6.6131559644553484 9.6438037383866995 -2.6401688964504988 -0.3431086461608598 7.0675548423647054 -1.3325523951826688 -8.1604964753231464 -3.4582724744984130 -1.3284957148550407 -0.3115429771648613 1.8102901176309631 3.3239949386379601 -4.5616373880669077 -1.6461435347868971 2.1182822951432962 1.6005807754211263 -0.1792032336699877 0.0618202127062689 -2.6150876800842178 -0.0181444634252430 0.5476028610856200 6.2841510274297647 -2.4037872748663904 -4.8157961782578376 0.7094719954725017 1.6360661989917062 -3.9575101551930203 5.6611311178959376 6.3236315212930148 3.9162630844580306 2.3928372669364411 -8.3493296985880612 -4.6393616469881280 2.5664812948217932 -0.4547123911282185 3.8580840868042015 4.6707964336251333 0.6291084530232938 3.4817177996305699 -1.6247197733702630 -7.4907887213657176 -1.8200236970603694 -0.6981005719623525 4.6208140327190099 -1.5575162656156418 -1.0548172132627518 -6.8635471489891886 -1.4680713878004505 3.3309192725095089 6.3419688536665921 11.5403807724025640 -15.4003763464884802 0.3255307614467704 1.0180402720848818 8.6815548929327875 -3.4615311151476242 3.5062736789381201
111.0000000000000000 0.4518918502124089 6.0000000000000000 10.0000000000000000 1.2885030370691144 -5.0509360061348776 0.1167894607610700 1.5955989123775700 4.0573336822447006 3.7653010742644724 1.2149848816242250 -5.3833183992955371 5.0157186203223807 4.6706877741897488 -6.8760372474371820 -7.3016047224003726 3.7728799616682380 5.1898227750893255 5.2499602172056967 1.2388054120464649 1.7699381602105513 1.7251631829035849 -6.4121578422173577 2.2559082198324560 2.7200286387651689 8.3296103618619117 -13.7328460416611193 -8.2021917502227915 7.5502465669915964 9.7968291135977577 -2.9922643353039917 0.2436803941184462 8.2687145357100427 1.3663552266411747 -9.1908428387653611 -1.5770462885366632 -1.5888330574077822 0.3469331562868234 1.7143710802224570 2.7225316845784997 -2.3575018730629713 -0.6666272859241015 1.5173673968661994 0.2292679198541723 0.2349443144528488 0.6118163011324805 -4.8385436028600983 1.1418695111100674 0.0577579329357259 5.0483163658983443 -1.1716815858010705 -1.3352325043714830 1.7461649005482109 0.0711300974368536 -1.6425450591721560 5.2469551999477417 7.2364645369984251 2.8566849913171035 0.1235385990308034 -6.7037580904465681 -3.1605467964004292 3.6182447153726436 -0.6367909064086646 2.6571609089568344 2.9999037561577304 2.7395435982101652 2.8802697844476772 -0.8205357140930791 -7.6305846207917050 -0.2430330732394034 -0.2899072336173769 3.9928863413455193 -2.2614650871352362 2.0304710293129946 -6.4832433895249908 -0.8334013538469269 2.5041115049124087 7.0054413838189387 11.3283913686501432 -15.0519349869714887 1.2142286950754841 -2.6727832350704577 9.2017352054544137 -1.9237906024439244 4.6709617128596648
112.0000000000000000 0.4461141474354197 6.0000000000000000 10.0000000000000000 1.5323109736730611 -5.0928441136002141 2.5678610571615712 2.5241838825832641 3.8792084910633742 3.9965159158359800 3.8473136934865133 -3.7659953957649170 5.9768604742429758 3.6499100311143415 -6.2444934779004946 -6.2547341609776321 4.9601928855810034 5.1527009380848572 4.9520937964175049 0.6711913217801375 0.6026541298427289 0.6027237519226837 -4.4035717894916635 1.2720506032813670 6.3098467533726854 8.4312866792996903 -19.0967787657649097 -9.2555620477879010 6.2739143484830757 7.5194031549069997 -3.1828888818435028 -3.2160123758802226 9.3916414857241648 1.1156134637671602 -9.2927880091497244 -3.0573207553570199 -1.7841392610470681 0.5296978407225530 2.1662614041207591 2.3276980773317821 -5.0793941417523181 -2.0140546519889266 0.9403020623077902 -1.5972475446698220 -1.8270135458723176 2.9975044039158760 -4.2569405373922660 1.6625601407156489 0.0352078974884202 6.7679192030585122 -0.7824754450103126 -1.7741616303436658 2.7555996822051938 0.3140686215108133 -1.1939378535781280 5.0596553662346127 6.0929355394935634 1.0105010823761669 0.8308273707129351 -6.7964202217131895 -4.1533187802618032 1.7742510992495493 -2.0946915781840438 2.5732316329174272 6.0845423797344420 1.7671788868051466 1.9674428774478374 -1.6872654881332942 -6.7502849397473215 -0.0431435065750685 0.5967986505092181 3.0663629502885241 -3.1679562430090016 0.8144911118570721 -7.4564431262499031 -0.6301688037901837 2.5014230550964536 4.0161402226271044 11.4202693629937908 -16.3990151756280298 0.3704801891422563 -0.6380085531423421 8.0461767842442242 -1.8344814683573305 4.5137765708157964
113.0000000000000000 0.4500320203885229 6.0000000000000000 10.0000000000000000 0.9538589312330483 -6.6948508965082727 2.3737217752419695 1.9076987456261143 4.5539271695120513 3.5326256441441863 2.3229973578079295 -4.3173510189977549 5.9042783639519421 3.3553908813273345 -5.5005679153442788 -7.8368088060016650 3.5799297322874528 3.4540069813935759 6.5644718674096865 0.5208122798930228 0.0891399074662376 1.5722495309328695 -4.7594412285874315 -0.3925328136716305 6.8382791532389824 6.5132617900893655 -17.3533977646302766 -6.8649260509621701 6.8315422473317904 10.4153060745260326 -4.3219088536945334 -0.8761400956385171 7.7351521695650405 1.6420434212564570 -9.5746526985880305 -2.9346240432477964 -2.6342998998213565 1.9701592975653119 0.2061599682746511 2.0202437295219591 -5.7555878611534048 -1.7627798191123745 -0.7910436935970722 -0.5921066860553952 -0.7069068378384786 0.3588047590550453 -3.8145384676303418 -0.9405305008543166 0.2930603101689240 6.0095678261785395 -4.5899789989812039 -0.1776546350344095 -0.0975047550404109 0.1781298152328584 -2.2794204799012983 4.0284616879343265 5.0065571999223843 4.6248745402642335 2.5356359774536648 -8.5424589542646672 -3.4005338881506311 1.2117332913338843 -1.3239671213587763 2.0786920184389404 7.4378226006353003 -1.5189248643609279 2.0158761319938732 -1.7320768802060407 -6.9790283787578957 0.2520365966427337 -0.7522454514824444 4.5165982933018096 -2.4761545356603545 0.2603193633774487 -6.8414962753282804 -1.2337571090342454 3.3438998676567806 6.8280127583257233 10.2428806988324652 -17.4079434051248931 0.8486967391609614 -1.5712929229422352 8.8349866036713625 -1.0441458968745672 3.7538851531729183
114.0000000000000000 0.4410854535181444 6.0000000000000000 10.0000000000000000 2.0250313790975025 -4.8922933718566721 1.9509685426750702 2.1654970794172277 3.7484518942853775 3.6043028657568921 2.9427223465551666 -5.2927889130086827 5.9592788508003141 3.6660194661069094 -7.7762403625719951 -4.9759862359168476 2.6047083393101413 5.9307670096906744 5.7421575455880998 0.8013627539315791 -0.2435576068598764 -0.4145965049106999 -4.7238580444114584 0.0524842837843457 4.8854302736643351 8.6768441052350571 -17.9760398418836118 -8.3272840485444490 8.7727692985311521 8.0456897800888196 -2.1081159630618340 0.8007391304873906 9.4814424862052356 -2.0714448028516816 -9.9454227690117278 -3.0851187164083309 -1.3862316784115409 1.1599729884846262 3.0109260122566095 2.4132372729748073 -5.3527418658684578 -2.8212115215721378 1.0990548521937926 -0.2291131526324453 -0.9993186171403683 1.6041570947153636 -3.6729123921680524 1.6388404668601815 0.0847453932960078 6.1955401245676329 -1.3873431684652466 -3.5558440634062611 1.9548211297349227 1.4776038060196821 -3.1335596736823614 4.1478796863874994 5.6615508308211497 3.2158808605933569 0.1085632495619526 -6.8831110423860205 -7.8925280914555511 1.5895175289879462 -0.4041011011271995 1.7301038748007738 3.1831640072975937 2.3256930374786728 4.5169942945528092 -1.5951732636554392 -9.1665267184844943 0.9681935924624098 1.0060646576460490 2.9986970805804525 -3.7567788615637108 0.9468284418360321 -8.6135341112241797 0.2703949882366405 3.6461081990870507 5.0223332984630993 12.5270619615249039 -16.1998053795539221 0.7461385501489397 -2.4244958042086333 9.4789323669975420 -1.8447857417579632 5.5083249436094892
115.0000000000000000 0.4445419983799537 6.0000000000000000 10.0000000000000000 1.3186451416477667 -3.2323301305539762 0.7556059635591802 2.2206064305297648 2.4025028153710144 3.9115621925219171 3.1258504941969263 -4.6703270107128958 6.0846408581525058 3.6173368897401725 -7.4068324766866258 -6.4858901290005271 2.7825348216825647 5.8692981725546343 5.4454120808765927 -0.2128175418864418 -0.1993486078154184 1.0295109531510953 -6.2732465611796604 1.0178933884862804 5.6428473827217207 8.2611241456900935 -17.9124102457026915 -10.3458674413786831 8.0214344504407435 10.5147578213626645 -3.1642445005705140 0.7680960452329489 9.4060131930676203 1.5894035563306419 -8.6515126260022672 -2.9449803103152590 -0.7526925826899693 0.8200346953568987 3.4395496452114624 1.3419418570007349 -5.8734328433105487 -1.5098717542642848 -0.2621069207959290 -0.3254596441310077 -1.6983006197201953 -0.9089855523379272 -2.4620918769276421 1.2705113144259241 -0.6015123441783818 5.7297301488611820 -3.4436763363091725 -0.9764837658310102 2.6962548569506697 0.1705571344104965 -2.6042294541417039 4.7396935265956985 6.5714029941586798 4.0032480990289567 0.8222928046587676 -8.1146216503957156 -4.4169959714060898 2.6259823074170017 -0.6203263962937068 1.9320635550268392 5.9183798509140155 0.8676115952909285 2.4867316525887544 -0.5638321179153143 -8.0969901796864043 1.7289354200981195 0.9105768215234524 3.3185341796686014 -3.9398257013417801 2.0900590431748203 -6.8952578594724594 2.3050960823258273 0.9677024832713967 5.9639128049329040 12.1329617479187419 -16.7870731109032008 0.1306403732507108 -2.3046529466076233 10.1478944690969541 -1.1153690896597623 3.7938597503226532
116.0000000000000000 0.4420893334843466 6.0000000000000000 10.0000000000000000 1.2726704392742763 -5.0258020130960048 1.3082897320860865 2.8561041466713153 2.5760523352332036 2.8136412603196503 2.8663132255572914 -4.2669810873130745 7.0820456820921303 1.8816999696601924 -5.4978733984608530 -7.4902692304151151 2.3355875800045607 5.4333805162180742 6.5411612055519734 -1.0301527213848956 2.1862259398241637 1.8334122755594184 -5.6269051530657048 -0.0830311124299467 5.2487064505727323 8.6857881590308370 -18.3607132829509787 -9.3816098267242065 5.7291586381282968 11.0690458605171980 -1.4818669270272562 -1.3245455596393716 8.8740907874524364 0.4638603334617129 -9.8911025356741114 -2.9557915699620385 -1.8328157633046120 0.2594564838565391 2.7160009789281876 2.1911194231921356 -6.2977507560511201 -0.6941108919945698 -0.0312091470410087 0.4774561174996212 -0.1628397392550154 -0.2397446447139271 -3.6653929762642274 1.4420651223096472 -1.1797066210407559 5.3247271683844781 -3.7699767178198549 -1.4795668972047746 0.7887709134330889 -1.8462520741520343 -4.9860217993111036 3.3037084337469942 3.9155955869682693 4.1682728493785923 2.2592488735363743 -8.6719693138505765 -3.3011487305856804 3.5497418886662828 1.1871702063188116 4.5964090641831401 4.0601918207336229 2.2890388600778566 3.4465270119736027 -2.0709799684262125 -9.2582433887360693 0.5523091824071951 1.4785495764632093 5.1205946102777595 -3.4309293066523767 -0.2815204271014637 -8.2081621792622208 0.1371087196333425 3.0562493712915639 5.7304023998454170 11.4859855546767839 -15.9638901852748045 -0.6345457099925401 -1.0394490944612116 8.5399992696284546 -0.5709756713657852 4.3432770232359417
117.0000000000000000 0.4491621236174244 6.0000000000000000 10.0000000000000000 0.5217317706848420 -4.8997320439225271 2.1132228675922948 1.1368363252239544 3.7197210757416324 5.3038057071422156 5.4801716805655163 -6.8456724056722420 6.0623892731259748 4.2155738533495200 -7.4121948049286459 -7.0046881047311746 2.9986396927545602 5.1533566312320014 7.2848959328644529 0.9780726534154160 -0.3131106268606590 -0.1800635793536749 -4.4972858630017276 -0.1433656380878554 4.6585297680758906 6.4564180590354248 -16.4544435207873541 -6.4865713887612220 6.5969412785203794 11.3240764603160535 -2.4676644583382661 0.9231258898534002 8.4466494743447544 0.1778402846457350 -9.0072154245461142 -1.5424590806499983 -0.1811969649707719 0.1267214941069303 3.7143682359538839 1.9049843542251181 -5.9125639504402745 0.0605527635876411 -0.0760863698325822 -0.8921363031782672 -0.4792510037833628 -2.7244001781577452 -3.3840588472138320 0.4921536082034564 -1.6091650825683832 6.6092333922071100 -3.7211628737484825 -2.7555661095303110 -0.0622608864310823 -0.6487433561744922 -4.3395307008893615 5.3030030418376608 5.1621121777312737 3.1576382794687690 2.7307966307286367 -8.7155359458487158 -4.4281667681588610 4.0270567890313913 -0.3655529739513826 2.7859675190878113 3.2438235779964599 1.4404570781140105 2.5484156086934853 -0.2356014779934086 -11.4924404666399571 2.1857847718337968 0.9099621242077532 3.4844225622659337 -2.3791161798647753 0.5994953534604339 -6.5583722443136638 0.5745877716256496 4.4368712113944309 4.9135781404755834 11.2670044276520844 -16.9170718835593838 0.2044424324707491 -0.3647933580978633 9.5600227805039761 -0.1763436210220109 5.7753966590994343
118.0000000000000000 0.4573194944572471 6.0000000000000000 10.0000000000000000 0.0162515309685521 -4.8875055645559637 1.6545003900488577 2.3280866559380229 3.9149122365276261 3.8752398203257314 3.3136174505225462 -5.4847293418704677 4.4890898486759809 3.7061662343763055 -6.2728579074844308 -7.5696109013480442 4.6960804009861246 6.1608496668334700 6.0891049010164124 0.4943103594786938 0.0346681905656657 1.3498193394397355 -5.5673609459981526 2.2626761266798336 4.0508116151086746 9.8469432938112664 -16.4834218587781649 -8.1250591785119948 7.5028823736214125 8.9635349611717086 -3.0537150379007847 -0.3056521038182585 7.7066594143408187 -0.8580598262021305 -9.8666831863946012 -2.2282346400458453 -0.4462604702202591 0.5663370481344054 2.3386264662543965 0.9142825642103609 -4.1551060071093904 -0.6754524341640123 1.4257801976257820 -1.6694584281464286 -1.0648243608389540 0.8423618323732242 -3.7152880119764258 0.8112343004668441 -0.8457757357057779 6.3630895756082415 -3.7288029975683781 -2.4847648905012236 3.3646791238706339 1.0889605214792182 -3.7753008191297419 3.4776318689788215 7.7397194797993540 4.5876486827150229 3.3511930572013360 -8.3454852444962793 -3.3244390815921463 3.2193743502207717 -0.2509553704280853 2.7259209420508883 5.5526577882524508 0.0838609302404423 0.4345359803574897 -1.8112161906077482 -9.4500815651330736 0.0988918171233167 -0.5619081889704332 3.8530787112266589 -4.6893771953613390 1.5126620002737552 -7.1661231476732716 1.1704417211689677 3.0390268751925520 5.1322183122301066 11.0631998641479914 -16.8853630794856393 -0.3454165313345115 -1.0580052885699427 11.3157826902523144 -0.6330812240926815 5.0530038351557192
119.0000000000000000 0.4431881528355837 6.0000000000000000 10.0000000000000000 2.7934759047958915 -1.2701844041216659 1.7908280225664637 2.7239781153835279 4.5358203512668158 5.3689163628544261 3.2668533917486426 -6.0799670721039529 6.5478941100654540 1.9002618911798168 -6.9016206007775835 -7.5472315960338152 4.4180330525540041 8.4166117427459568 6.8296803779943991 -0.5985740104846307 0.8546178417025038 0.0386957635224507 -4.8792009262086946 1.8026903467968141 6.3217382386497984 7.4605219399075873 -17.7538683559648121 -9.8103778432062203 7.7268450889682869 10.0832031653209864 -4.5639723899354347 0.3750443501839028 8.0691344733086190 2.6634882559021240 -10.6586538498264716 -2.9848402854011642 -0.1803317321053871 0.6228078544609701 2.8994750984963948 1.2624105788973310 -5.8124498697391260 -0.3914543865603576 1.3605414565846730 0.2940563056479751 0.6097422787821740 0.6900745654093886 -3.1019050314752459 1.6750885944857470 -1.9151321174388594 7.8708455306894693 -3.3808862315581161 -2.0083676157276362 2.4319317495856723 -1.1048585518303504 -3.7115200621360351 5.3109294998442191 5.9036552665006869 3.4510024819347640 3.4671046709245266 -8.2534209238814729 -5.2837011519061958 5.4185099282498719 -0.5878521986214048 2.3369626963739227 5.5800694214996494 0.3115213864181999 2.6415655737055959 -2.6545475739933084 -10.0266145458918903 1.8792326830814676 -0.0696520446786929 3.8861695281897428 -2.8325993689647788 2.1598954309589566 -6.8768326670040150 -1.3202349548425174 2.6133250586679866 7.7356996883510245 12.3979151068393492 -17.9205855504056224 -0.3656984398521295 -1.3149012240687241 9.5535127874606083 -0.7927676796333702 4.2936185127227056
120.0000000000000000 0.4457119395187228 6.0000000000000000 10.0000000000000000 2.0306618699793706 -2.7757650729244530 2.8047464210131876 3.1354317022614633 3.5730541159755131 4.8212565370052864 3.7693769366862933 -5.9325910526993253 7.6318195298456413 4.9971036156702420 -8.3023224491206982 -8.6561016556925239 4.7280753395505748 7.4586690996635774 8.4477366857076763 -0.6163813706605552 -0.3951608151572592 2.5092485626133954 -4.6267567736552708 3.4773819586671806 4.7191197739953390 7.0025612126101056 -16.4908602485629920 -9.8814155941048103 8.9055946266630226 9.8987782808487470 -1.9785421709747071 1.4807985824229861 9.9119003014643070 -2.5218322275565557 -10.0764761547774224 -1.9165404059165125 -0.1492275900879428 2.3698614112301315 1.2837238821654828 1.5255511774068027 -6.4011926920470517 0.6073451950017995 0.2185328278931693 -2.2011026830484912 1.4655530212053027 0.5000433488460502 -3.5033981272146173 2.1957356992073231 0.3927472840603965 7.5334469907419477 -3.8392132141306221 -0.8250700383971921 2.2337716698208059 -0.7407571916324146 -4.7741613444045239 6.9148723304058599 8.5548903751812979 3.9183889106656395 3.1710760821513801 -9.2488849201804424 -5.5428044832212322 4.0228063143624428 -2.0086164987949502 2.6325586314281297 4.8599776355165591 1.1827341120878267 2.6187107061699133 -4.5120674434357735 -9.8191380790433822 0.8823889916162966 0.6488249934573669 3.3005495694895086 -1.4290780907410796 1.5844370867928204 -7.7305068789624496 0.6722494538966841 2.8320096200397491 7.1805640863981957 12.5566810281086720 -17.7913063028057188 -0.7680341226490770 -2.4337096798181799 10.3469569958177434 -2.1356182889877431 4.1088383922197949
121.0000000000000000 0.4496470432575953 6.0000000000000000 10.0000000000000000 1.9767094949959230 -2.5617381089193154 1.8525252243130976 2.3138304193931489 3.7856441106073722 3.8022355691534022 1.9191318362267200 -5.1460546563031544 6.4660984531960155 4.1042302770631576 -7.4622788471706123 -7.8822592784776671 5.6565799382407800 6.1849885067705417 7.0188607744621798 0.9154977581003405 0.3825544470403954 1.4679255644977958 -4.8634070237617300 1.0279687325010611 4.3386478066000551 7.6247423371228402 -16.8388337022779027 -8.7353569976564724 8.5964484491517137 11.3494710564959824 -2.2834818844554703 -0.5991673831316024 7.1808811808029898 -1.1652064469861161 -10.0353068889041239 -2.1665672057674246 -1.2385371955402340 2.6422341193040371 1.8894494998326721 2.8836133416314165 -5.4864693711340946 -0.6655013619380264 1.3567540197822121 0.2363579634789083 -0.8215114021555787 -0.5017583169424291 -4.3553421430880963 2.8303776190563852 -0.6656430160274625 7.5168612241243729 -4.1297828291106624 -4.9247427120881770 1.7015041736570442 0.4102729203568065 -5.0005279001907565 6.3009465542097365 7.0082673131535582 4.1065550090973977 2.7162369070108388 -7.6343297120635558 -4.8135190323139163 3.9636532478987649 0.7090296753431162 2.1767402951328454 5.1612675077077927 2.2953011284760496 2.1534961596361399 -1.4550223252385952 -8.5786720115056134 -0.6482577599955526 0.3944458045126497 3.1072871418954993 -2.8320230506346737 3.1974110124626094 -6.6804951094751175 -0.0209478324319963 2.6348092244134018 5.6280725136318299 11.1750481054761330 -16.6413758739246873 -1.2967790912307704 -2.5338318742593353 11.1994389290945744 -1.6942106053209267 4.5280215639167372
122.0000000000000000 0.4423131950286289 6.0000000000000000 10.0000000000000000 1.9752876246729947 -2.7309883101874455 0.8002470430545592 2.2067507660703205 5.5293076846876685 4.2003997445096299 3.0727892144122868 -3.0735201747435683 6.9870103601135627 2.6031847638983376 -7.1840013008463925 -6.6810996729823433 4.5845940708098363 3.9808794086917656 6.9582794911575316 -0.0540943608303059 1.9364302632006056 1.4912894041657134 -2.9974910115130342 0.8990087588211028 6.1664054133929351 7.5349897219132052 -17.4323907493799837 -8.3107513785533840 8.6319631353465063 9.6163374301575200 -0.3722683761543066 0.2945060659608311 6.5010819574729108 -3.2596796102880643 -10.0205034298008346 -0.9402276191973284 -1.6541752695812688 2.1447874368750304 0.9702177457849891 2.5400917591774141 -4.3393432038358242 -1.1955404736057700 1.6711352404601363 1.5002140339479528 1.5505497814395626 -1.1243536046473017 -3.7716842302512532 2.6682594176540020 -2.0182698766522105 7.3204287250267548 -1.8433217497915737 -4.3089493105901315 3.5130799427228245 -1.5701970762615738 -5.5837264325741423 6.4933333367268933 6.5485542484650141 3.7333530311084409 2.6732812246305997 -10.0815091155617882 -4.5040709320325520 5.8548969322666373 3.2676874907446964 4.5742128529714261 4.9070009193889614 -0.5572661806784653 1.9203910587878159 -2.5068692733587987 -8.4155526804271705 1.8735386714657021 -0.3184760202294408 3.2130945582484927 -3.0200865066180165 0.1382706698780480 -6.8675169364777942 -0.6106250534048232 3.5462892052961066 6.7062783899262248 12.0017640362432321 -16.4767628756287436 -0.4887344108557815 -1.5633125362542803 9.3329318995291395 -1.1601528169611386 5.0990292617531701
123.0000000000000000 0.4491443809780350 6.0000000000000000 10.0000000000000000 2.7468830898428398 -5.8955167152799692 1.6762144469400915 4.0165666403497404 4.8001101314734491 5.7958418310344957 3.4899149766278441 -4.8888402869045535 6.2108743809681322 2.0564490700393572 -6.6043159641089266 -6.9633008948797608 5.4511349881494731 4.7953676625899924 7.4181328941176474 0.4061203687419637 2.2160768440974978 1.2444091763414153 -5.3495864181910111 -0.1523368257736037 6.7981435192876374 7.5724240615545000 -17.0694515784061771 -9.2352170878576416 8.5784906653418602 10.6291213615291866 -3.3303656971940088 0.6630029206201896 6.8097032753833018 0.5963937756735593 -10.0052714510666441 -2.4952253651730096 -2.1293037230409810 1.5740804229461616 1.7745920025630131 2.3159937826345121 -6.3163606129557248 -0.8601006305214545 -0.4593379988961329 -1.6341922997308258 0.5876924293193329 -0.7867116441144202 -3.2489923406851609 1.9370873799095059 -1.7173443142582920 6.6608209748249401 -3.9510247691213269 -3.9457232729357261 2.2918408473472742 0.4315595728362274 -5.1761369147578353 4.3350238134187151 6.5375404843946843 4.4250177747972561 4.3743590365515921 -7.8892977500186925 -2.3333199388703774 4.5619945995109017 -0.2530979550592561 3.7316752367355881 6.8923274614231298 -0.8075190105941461 1.5738006335685446 -0.8887217455641148 -9.1828992730151615 1.5242512511523874 -1.1316534344906937 2.9938494532841431 -4.3638216938487737 1.3169160163097009 -6.5108991282387816 0.0279877102343600 3.3767316139554677 7.8425045896499785 10.9116748118081208 -16.7775109214576830 -0.4890440791434830 -0.8911864250642161 11.0546820306277329 -1.5563104660294294 4.4527937358338860
124.0000000000000000 0.4489806411091280 6.0000000000000000 10.0000000000000000 2.7864105562094892 -2.5065453868382885 1.6792625391188336 3.2277730355993297 6.5078804821769207 3.6860999579108507 3.3707048802880650 -4.8766431488214375 7.3062469014709768 2.9708712133834179 -6.5691256637009907 -7.7084586918706872 5.7682996524828329 4.3710806872764643 5.8675313512544029 0.7999261395472061 -0.5354077379474589 1.8545103618958969 -4.6396973763271374 0.8823658265697087 5.7063748716988902 6.2424182322922359 -15.6908742102784267 -10.0893843446084723 7.5044725745877532 10.9813008720942253 -3.5729704144463583 -0.7670594298020526 6.7029257012596739 0.9626768244148416 -10.1912047756911868 -1.9317543075308410 -0.2572499667883674 2.2018887189365777 2.4785471305409912 3.1251891906113696 -5.9454997647118875 1.2587658523552134 0.7635482751815056 -0.6514182203383483 -0.1307478956050255 -0.2027232262669895 -4.1040670058741018 0.2415286373976269 0.0065259006467469 7.2829684906165948 -4.1912143461549025 -1.8194186164035719 2.5471797361241433 -2.4331309953390665 -4.1428986678551247 4.7746924918091160 6.4494252179682174 3.4733873256438836 3.7929199340605502 -9.1645418816533883 -3.5363891419536349 4.9931667716354848 0.1134618881735496 3.8210348452519942 5.1957562542828466 0.4619626461529238 0.1655636014273734 -2.2501584875349048 -9.0004952760348509 -0.2214385731615429 -1.0687430311681454 2.5234097839603913 -4.5358679490048619 1.0869292490320865 -5.7949720864100973 0.3829609551443433 4.2545988434438939 8.4402141836755753 12.1770469906230847 -15.8273378988095672 -0.1424633334766363 -1.9770787780112558 8.8345740341109753 -0.5087495092237198 3.8419893971599244
125.0000000000000000 0.4449297224305196 6.0000000000000000 10.0000000000000000 1.0054940884284116 -3.8905476778968522 2.1834488092344735 1.1984712613170141 5.3427257401815220 3.5635705724096094 3.6770392494252184 -3.8606848453015412 6.0691740897311366 2.4494836894913363 -8.0303453521132404 -9.4050591591390926 4.8288214927842663 7.2301084064030645 7.0616741442473918 0.5729290121371360 1.6899101938149728 1.7850087156673102 -5.3359542037722747 1.7877694230797614 5.7139459989317505 8.7385001030755429 -16.8973934883342842 -9.5384215081061150 8.9195906067885709 10.6412856203340418 -5.0572806304903555 -1.7681619485148556 7.7120808899609470 -1.1496858749582344 -11.9842752085952462 -1.9623497947569670 -1.5713853831985216 0.0097102817853176 2.2553477300624873 3.3182528908247146 -5.0696712925531635 0.2244244553391337 0.2252668375992264 0.9544936355613134 0.0056030045872522 -0.2046020744692619 -4.1174934057567567 2.0906719308392110 -0.2145389855457691 5.8091843271525940 -3.4815153924270983 -1.8901691236105780 1.9679351125997184 -1.4287338876444620 -4.6048726974536001 5.3297842558976223 6.3627998493961977 3.5224224346321455 1.8554259805944959 -9.9680586280374914 -6.4126595398915560 5.5930819507771252 0.1690086432526561 4.4298043286250177 5.9943690733277206 0.7499526931590453 2.1668160670200458 -2.4988526601053551 -9.8216963512594475 -0.2933263923968864 -1.0950401236847056 4.3383983200166032 -4.3132284223886677 2.8588654543284040 -5.3349624310371428 1.8241514178864722 5.7821259254542348 5.9111335927439246 12.1249203609630865 -16.6487850603650216 -1.0615624456309631 -0.8471967551687196 10.9715642179807844 -0.7375516388323939 3.2136472230191684
126.0000000000000000 0.4489334713172726 6.0000000000000000 10.0000000000000000 1.6522809829721643 -3.8828032959254726 1.3205223858956323 3.5167839276641191 4.9337761196664758 4.1670847778315814 2.1477058050493341 -4.8169082185884688 6.8363569347642743 2.5899874423708913 -7.5627259878837014 -8.9397704779649576 5.8921128030815240 5.3586762478685390 6.8287048688854481 0.2050098540122262 0.8916833294947784 2.4347155822746567 -4.1124763894132945 1.2623107552724577 5.6928806594822570 8.6362990915140294 -18.1966428251004473 -10.6412044338549840 9.5914531033803456 10.4181052114519677 -4.6829772417920879 0.1061212172231843 8.8245805393967682 -1.0022706576217777 -11.9694638763715453 -2.7773348679337082 -0.3198360652541337 1.3612169180797495 2.7848065330879246 2.1625538487485079 -5.9254918119759470 -0.4800019201253175 2.0397544903904921 -0.9323245098865991 1.3221141720239513 -1.0629658269119329 -5.4788230678081016 2.9268558140535585 0.1243869005929834 7.9091038910954659 -3.3428303387713170 -3.1103921681975208 2.6650594482363106 -0.9036876866223519 -5.6187108245938511 5.4459849991979956 5.5150355216509368 3.2845490103650290 3.3039722663501396 -8.3414589219073001 -4.0614512771089393 4.9478418242129401 0.7637783128808009 4.1252324327071292 7.4259673069794880 0.1567428201746806 2.1975622793093308 -1.3075102757458814 -10.2387008953009531 0.3659347439922471 0.3466757349135429 2.6199330166425696 -2.7953686337518455 2.3327996788311713 -8.0662832961649684 -0.1493466763341518 3.2983835691420462 8.0117239725094613 12.1345140870324375 -16.4932347190903208 -0.1206677165396194 -2.1435008639295572 11.1313694326752373 -1.8552548784004552 1.8045523645469510
127.0000000000000000 0.4460275543935012 6.0000000000000000 10.0000000000000000 2.5509900317220331 -2.3351812729747730 1.2238413867264930 2.9126689769356604 6.3570310007496866 4.3804127061917475 2.8737959071619952 -6.3643732676009348 6.8646742517526880 1.2665253374906154 -8.7693602951050611 -8.5860299795801112 5.1244305194874720 7.1992115997526884 6.2904242646352762 0.1775691593069013 1.0141033726678548 0.4712319534604621 -6.6277822593813829 0.3570841733187083 4.9729181885007145 8.8614921358023722 -17.7769189595008932 -9.8664709896160723 8.8788028455181074 10.8192614912801517 -3.6941571079910189 -0.7383928130137245 7.5885385986461484 -1.3551743640820455 -12.5834028852546940 -2.0068367220849077 -0.8872720446001093 -0.1151681142653065 4.1030063224546991 3.5954718905530378 -6.1180345988524358 -1.9480445077656601 2.8378462924600569 0.1661483789336943 3.1058061145760045 -1.1622057372769663 -5.1160251552671578 2.9498905780004896 -0.8313458324620120 5.8447847347257715 -4.4517995436485904 -3.2385460557010513 2.7938266191838994 -1.4865553141076970 -4.7764955242695457 7.2791467298751744 7.0515490857321907 2.7495108513754998 3.2662199681037656 -9.1411742600139458 -3.9253874960572346 4.2332454987863892 1.6522566648024064 3.7429554338186692 6.3221078407242848 2.3455014606687032 2.4431588838685743 -1.9669141494426554 -10.7851837765504648 -0.9381082216640143 -1.0210825656092406 3.4662515915546432 -3.6587564512235229 2.2620934687547578 -5.9231832539720326 -1.4424688385850026 4.4863922289304110 6.2059570057967219 12.3811929808198204 -16.9006186080905572 -1.6240198297120583 -0.4233288029859681 10.5938088625216817 -1.7403210950938821 3.9254263536630387
128.0000000000000000 0.4452087576818162 6.0000000000000000 10.0000000000000000 1.6430889918808627 -4.9584523647068055 2.0133977566800692 3.1255508989519183 6.1749860653905397 3.4538521838735941 2.8644975633780159 -3.9494815470579785 6.1679398088662714 3.0216301699648547 -8.0563140598539889 -7.0805918338528953 4.8691856332669206 5.0332629322514908 8.0623586788730979 1.0980664887465044 1.4475069533648512 1.5543150612490051 -7.0885012434822281 0.0747112705694111 3.7896598004759543 8.2989180778536440 -19.6247812328226061 -9.1667400090735018 8.9867764379602093 10.3622942270000440 -3.2305242267205885 1.1185432899883567 7.7099365896518535 0.4879560949130886 -10.3455810142044413 -3.1605156591376837 -2.4936009058991804 0.2957729643962341 2.8385464963099820 2.1898763510752706 -4.2862181787613185 0.6415051220245491 2.2097819701990038 0.1864332271050022 1.6189750199837873 1.4033475085982119 -4.3549185353097934 3.5935206011693062 0.8234463742257494 6.9366776948335644 -4.2322037575340596 -2.7129113296637715 3.7437065647741705 -2.8590170327091298 -3.5713054430018483 6.5264220003327411 6.7237953039574272 5.0161290027508612 2.7642610921779487 -8.7252742309111770 -6.1384380695962157 4.6630519521846514 1.1101986007481812 3.8029639163898521 7.2689078747647882 0.6727928645912127 2.9121456175407188 -1.5653004389847165 -11.3222451305946201 0.2373433910410959 -0.0186199155155792 3.5402101150165559 -2.3803185375073932 2.8941026770982852 -6.5480011203312882 -0.8483687667543733 3.6559369506972503 6.3739975948260570 12.1508779289793569 -16.3691222744626259 -0.3846609378695794 -1.3433453616358555 8.9891700467100879 -2.5931071493605828 4.9716961199578975
129.0000000000000000 0.4436803090126301 6.0000000000000000 10.0000000000000000 1.2500013302395576 -3.3322867978852813 1.8214804829060462 3.9278781962258407 5.2758788224829702 6.0876034901887701 2.6507667613202486 -5.0135183217572230 6.9650667127723676 2.9044035655957936 -8.5671523317866551 -7.6400614890037524 4.2325709226774890 5.8392022953829850 8.2496237124918963 1.7472485448653678 0.2912098770317402 0.0655568335071808 -4.8606225596253863 2.0524485245407673 5.1042624874201312 7.1066983776388604 -17.3851897602708867 -11.0550723349169751 7.4986075541269708 11.9114314884372288 -2.8456680660101159 -0.6791925132416345 8.9670835716770707 -0.8371185984214307 -11.3930950750376461 -1.3619047904963177 -1.1114273279914242 0.9519425019906942 3.0312799134249246 3.1350015472601251 -5.5701631147463200 0.3114338044648933 1.4778968043475156 -1.1627084090979314 1.3120582758216888 1.5301674905057996 -4.8666156455941110 0.9691949132514726 -1.3260766937466446 7.0454479185954737 -3.4447063412970089 -3.0067137417436358 3.7360255118116745 -0.8176028370419324 -5.4619717470928952 3.8769147910304493 7.0634869769980453 3.9137362836938943 1.2228370564885152 -9.0327246434826360 -4.7034303207883603 5.1279109964941192 -0.4825930640638914 3.1871549145409142 5.7308740559651090 1.1378885948112551 3.2986776677808538 -2.1402782452298958 -11.6905135242898517 1.6609700113304102 0.1275656235419104 2.6439195000100146 -1.5523090049229997 3.3683316440915561 -8.4544373123192216 -0.4827938580931943 5.0361019654599595 7.2223142770361051 11.2242145579682813 -16.8580279894174012 -0.3481509432304505 -3.9280691976169058 10.9174335153373576 -0.3505752191307212 4.4932819800492361
130.0000000000000000 0.4402638269719947 6.0000000000000000 10.0000000000000000 1.9102865449139834 -2.8079622359568415 1.2007675197625691 2.9755750804076073 5.4576104125926852 4.4086042804556733 1.9039783524715359 -5.0778567804708539 6.7263958755995210 2.6202162767149790 -6.8636902069155141 -5.7203783548532794 4.8333411865545983 6.7256080623418892 6.7448668605620510 -0.6832198920084553 -0.3517338995785272 1.7675684211835216 -5.4872792326545277 0.5591674858424341 5.1921553032344567 7.7562435030202392 -16.9551691926023764 -10.2097651595204937 10.1475314971952724 10.9117504089578556 -3.1181217281172033 0.3548314484124472 8.6088214071656601 -1.3211668481890584 -11.8636487967752338 -0.5442787638856126 -1.4297580140391943 0.0927128431936446 2.7551505631859383 2.4921384245703901 -5.9156242122303810 -1.0270130785690021 1.8458241472296253 -0.9703553598801028 0.4708072153504542 -0.5812415462255774 -4.4275251610111717 2.5346536419163854 -1.0982646989337441 6.8424082202198742 -3.4210013332821241 -1.5871235152381591 3.0477882081251382 -3.0923522667165386 -4.6523836060887644 7.3255158311550002 6.0744893322624582 4.1697315520865450 2.6665600952016950 -10.8238215322420466 -5.0591811693935673 4.7624623197822533 0.4256865897322869 5.5451931911005170 6.1803881982769084 0.1830943184041727 2.7905100142589263 -0.3126442756135523 -9.7596578231664619 1.0422479266609188 -0.1389961829777935 4.7244761793477625 -3.4731469307239169 2.8212216145883171 -7.9391131420660486 -2.4723196326222783 3.9867559274359983 6.8305032591282950 11.4349068976978447 -17.0863113020294080 1.2941659218229837 -1.8086815004896621 10.6190871242617071 -2.3648867421699231 5.3240587524886829
131.0000000000000000 0.4385404334151269 6.0000000000000000 10.0000000000000000 1.0695713717041200 -2.3758612819236156 0.4803721154754119 2.7816620831542891 3.6428175936144913 5.1903678969165217 1.5181453748221578 -4.1908584692485924 6.1405862932837385 2.2130339573228159 -8.4241916993422237 -6.1296700531654000 3.1487680138580973 6.1847376305672244 6.6532758892948012 0.7131990545559023 -0.9898266325054687 1.4451303078546904 -6.5725944148847759 1.7825048956033562 4.1797269758781521 8.2979097681095624 -15.5855033869271704 -10.8445065396839500 9.9376633083282240 11.6027023733040568 -2.6158924711424199 0.2464175255902448 7.0929466228373128 -0.4305862870124553 -10.2111213809543546 -2.1391369636108872 -1.2726543517627877 0.1188168457752952 2.3904926806605928 2.2205278499743284 -6.6974505980285706 -1.0083094991128352 1.5015027475824763 -1.3818450550399155 0.2983306203062215 -0.2267802276772979 -5.2028662151854093 3.3641537151349143 -1.2039333381931661 7.6779294862967831 -3.3493155004225201 -2.1796648817882582 5.7724400565864613 -2.6248609492726604 -4.3200902413382245 6.1360778215840490 7.0582126872549935 2.7265908491314228 1.9062036139590548 -8.2622455941710520 -5.8653733602656573 4.8537779800182657 0.3335615547580112 5.0436820911936362 5.4256546178095100 -0.7462571992601346 2.4682118460916875 -0.8448265653493051 -9.5881762276995328 1.2994629650022635 -0.5767877864972533 3.5195391771798308 -3.5010913463921809 0.9976488273808732 -7.0065164034180825 -0.2926708554655673 5.5094686905503982 8.2360849702685339 10.6907937553125141 -16.6764564025424171 -1.4339386079050320 -2.3121486163553491 10.4769966592285755 -0.8162396213641567 3.5375467044443138
132.0000000000000000 0.4434603231631253 6.0000000000000000 10.0000000000000000 2.2913700486404784 -3.8291264677409411 0.7400418683612021 2.5236016324145019 4.2641129045732828 3.5443909014852073 1.0989347566815033 -5.6652092982973574 5.6195655525154642 2.8638045252658468 -7.8861568306648708 -7.3993957448615175 4.3907545882543619 5.9238703131090578 7.4846854079322993 0.9027748033772833 0.7044104158371887 1.9940516670573813 -4.5906893166500868 1.4123097061624164 5.2889344768504181 9.2310504526613464 -16.2211462909639721 -11.2782763073515007 10.5660866391912265 11.5515912093652435 -2.1256341370073306 0.5104384638739677 8.2106490276709785 -0.9892915487861442 -10.2489357991572305 -2.3039041286431976 -0.6125958044945770 -0.5372589848639233 1.9810949943797946 2.2948486891525417 -7.0583976463674905 -0.1114158567509653 0.6801004706418772 -1.3445650761277117 0.6043206776885135 -0.1080208437604361 -5.2710550123236866 2.0568227794679910 -1.4018412657231800 7.0742083283141426 -4.2698140217459395 -1.9400568325932857 4.7809573706754227 -2.2109097765824623 -4.1415056214880313 5.4083218063775611 6.6459986532502837 2.5109120361783686 2.5769346399204194 -8.6240895182244284 -4.6980517459295763 5.3458765843841789 1.2310581990319709 3.5272590139506543 5.7765963949872861 -1.3068074941169010 1.0334457159689494 -0.2999473666778563 -9.5639324050996013 0.4465105836771507 -0.2026883837260861 4.6940093660844866 -1.8682631699943413 2.6961312424467052 -8.8073138018885899 0.7825047175938669 6.2898447282697694 6.4590380606618236 11.1762696808735420 -15.5332746303215217 0.9843682944089570 -3.0758620985665619 10.8531828968739834 -2.5790377379064795 4.2832512905140687
133.0000000000000000 0.4430056973941071 6.0000000000000000 10.0000000000000000 3.6534930613020147 -3.7792710040756301 1.0707385953907993 4.0243954257746370 5.0054124798169850 3.9138406862567803 1.4683745518617610 -6.5650675113121446 6.5319156454770910 3.1500096426594513 -7.8076707518050688 -7.9900215854860646 6.6958326810999065 6.2496559861429386 8.3184801030854736 0.4893026802062895 -1.5573870002737162 1.8342033958474520 -5.7350395602055837 2.1199580230890755 4.6730350124080990 6.9941291619906103 -16.5802378768556267 -12.3287325861578587 9.1438736319613838 11.2107711458377928 -4.6076481707372432 0.1890861188623297 9.9906255979393528 -0.3079970316588430 -10.6989228409436379 -0.9304989615134249 -0.9070140864613427 0.4080943153839293 1.9394698332011675 2.2798818849217066 -7.8226155237697466 -0.4904528675746919 1.1886892562784246 -2.3536061977710587 1.2470364957975446 -1.2090796587660448 -4.1475337239410335 2.6952560759426252 -0.4461698744881109 6.9969228309746798 -3.5653349182893916 -2.2903150951268536 4.9983242890089530 -2.9581002160988379 -4.8547500365185794 5.0064357678369973 5.9546181328567807 2.1582011771538077 4.2522797206833189 -9.0547139078870913 -5.3163176444779188 5.1065007579691830 0.6023406398624702 3.1748116023468809 6.1362376264749221 1.0074801872679644 1.1715795950869965 -1.1780366465805330 -11.1128952849219331 0.8664743928242751 -1.9754461239889407 4.0852066957276492 -2.9862185140866799 2.3006821124614150 -6.2276075096875667 -1.0510041668510386 5.0913025379324282 8.7588381726345794 11.3297581674778876 -17.0184774944535633 -0.1597908162115211 -1.5743841111890440 11.2660363135273958 -1.1161880709477874 4.1277477791779926
134.0000000000000000 0.4405769075797789 6.0000000000000000 10.0000000000000000 2.8483576431474056 -4.4628921128665322 0.4207855049191623 2.5799484897910454 4.1932635021638855 4.6462109580759563 1.6828793622509077 -6.2808964545953456 5.6359167214769386 2.2098487548392018 -8.1893889695998432 -7.5027944425665263 4.2771194529825234 4.9591859994553440 7.7111440736336627 0.2052519022226763 0.1724975625882044 1.9225875725475081 -3.5365108131465779 0.4726495077881634 5.0955610633910089 7.5286363450356433 -17.2247686632578869 -11.9955121139995509 9.7992848785421014 9.7824551578802108 -2.9299878019294887 0.3162164495927227 7.2422483206079136 -0.1954460227840683 -9.2102443235430513 -1.2740810624734147 1.0103524190204296 -0.1356698744192086 1.1979670572061962 1.5181980077603976 -6.5958899253535463 -0.3537684855271870 2.4002565044179871 0.2742094352072555 0.6059984368848541 0.6052791768382418 -5.0590032400891944 3.3690404693510274 -2.1253956938977474 7.0351566828166394 -3.3681910259042924 -1.6115170173307238 5.2940811931808041 -3.1664739253556027 -4.2493668188550231 6.4110777195468440 7.0806932558891695 1.6516179883250723 1.9447479650706705 -7.3802747195892691 -5.0145957625806430 4.7685964713661155 0.3603280431796707 3.1407094860784732 4.2041537270295111 0.9962426917422244 2.3561943162647729 -0.8588182979303324 -8.6581202795338363 0.4422968386527193 0.8560855372190380 6.4894679818720373 -2.2670149905393213 2.3388155735887635 -8.4577961267409822 -0.4162983286062200 4.9224206101726145 7.0278954812301997 9.8968429665647939 -16.9025158399053197 -1.7964925335736346 -3.2634848848017417 11.5183186328870963 -1.6150356165236919 3.4459640736142747
135.0000000000000000 0.4420634528764506 6.0000000000000000 10.0000000000000000 3.0725852122258663 -1.1747446564436486 0.5670926313692968 3.9387632800288470 3.4616305784246566 4.8166930600786095 1.9507957067114976 -4.2277254292334261 5.5862540809973771 2.8645265495040402 -6.9186423742681074 -7.1810072272141152 4.7644478484943438 6.9325817973661827 8.3942541251431422 -0.4813337292328581 -0.2618876925650093 0.6722092844331149 -5.2318472331216519 2.9124290737716327 4.7603522678397994 9.5695331911428063 -17.9788063096160755 -10.9515656532769441 10.1871872039788194 11.7701857627141511 -3.6259050392384888 -0.9254050622509631 9.8999947527267267 -0.7147130286953625 -10.9747486427795593 -1.2181773415182404 0.3914224046688600 0.9692862977536915 1.5143972307511775 3.2185820012109394 -5.9413155209138475 -1.4876496575403253 2.0708434351538356 -2.8431976985264176 1.6471559620909613 1.1410220271894727 -4.4216855037704041 3.2642230456584200 -1.4722277329223596 8.0592225803266544 -3.1335348701941266 -1.8048874003896873 5.3550402682848688 -2.3388691001089961 -5.0724318281094405 7.8151048523898954 7.3766248210385568 1.7690624328650615 3.6335271432075169 -8.3383986850963936 -4.7729309362823775 5.7458063990846373 1.3405975027399402 5.2396211343813492 4.5808981363349082 0.8141101731277749 2.6543652198241126 -1.9573546041207313 -9.8221736208639445 -0.2756834322936744 -1.0043965734727234 4.6139114035813895 -3.2379308001333982 2.1684024620560711 -9.0665100911507288 -0.7154464024720588 5.1344355234029653 7.2465226842306052 11.9557534749270751 -16.3125542721612256 -1.1421401811313379 -3.2019668953795444 11.8102387446262362 -3.6105887480140995 2.5929402720378922
136.0000000000000000 0.4454392471949407 6.0000000000000000 10.0000000000000000 2.9152764361645560 -2.5504707044032768 1.0061637332665958 5.8196522260834769 5.0547422925063623 4.5955279828804736 1.5358012204966589 -6.6453444535301234 5.0942783198098542 3.0720612994931242 -8.6391907855453383 -7.4035672123989125 5.5728271228351440 5.7634270929377198 7.1045416055222441 1.4980270423530986 -0.2984002564150611 2.2396544780330228 -4.8855665151530738 0.9869763578767421 4.4572695539276328 7.1181662331535529 -16.8398379350439455 -10.3751391438057592 8.3932180928723650 11.0915566940239465 -3.0013798696853944 -0.1245257224974936 8.8127377322655107 0.7358763568914888 -9.8616736769910727 -2.1303656969621922 0.1846341315529204 0.0323232029657619 1.5862120906079997 3.9024943083363643 -5.2645445573089775 -0.3135617445924692 1.3311552931797599 -0.6351678122567870 0.7687993319348126 -1.0839411580932889 -5.1074421580206817 4.0511043768872845 -1.4842415002008369 7.6273042975733922 -2.9782323995495275 -1.4268407463592170 5.3033470353052437 -1.7780017175188962 -2.3662042254258475 6.0813034688007068 5.9148988718219941 3.7729636233886330 3.0363411377128391 -7.5509861003198715 -5.7015344625236475 6.0160029377963982 1.1558599594509995 6.4946525335143814 4.6723042375065429 -1.0547719969482334 0.7633789218557219 -2.1759402697309489 -8.5315406397772247 0.6562065692879654 -0.6520950495398278 5.2161757912247868 -1.2267220843225652 2.1822036585957871 -7.0318276632633481 -1.0079355613602219 4.4669527127253215 7.2118125988446380 10.6942895176886523 -17.8050203584172877 -0.8991428085349159 -2.4025702160784279 12.3091307253075364 -1.7194880551340268 3.3222145522155033
137.0000000000000000 0.4418587352515345 6.0000000000000000 10.0000000000000000 1.7099684709099181 -1.2375268161964033 -0.3066495662628296 4.3143084735396595 5.2609714615272214 4.5288124584618039 1.0460577094873802 -5.5085252967635787 6.8240576153735271 3.3702152720947840 -6.6452770288034406 -7.4334460267784381 4.0644504215551880 6.0041586844449100 7.4662912616114330 0.2768466973880635 0.4446675486776832 1.5866349139103828 -4.9317550798383962 1.8708279116217974 5.9770698848251076 6.5973118906861021 -16.8579129882130978 -11.2350671535246107 8.8207919858604082 12.7083274647290700 -2.5933125145628853 -1.7056370856927556 8.4518503163007193 -0.3743978205114279 -9.5848802738739938 -3.5260200977943623 -0.1542242689575492 -0.5428195500223483 1.8508856808337404 2.8353661979459179 -6.5199906413926394 0.1129783551268175 2.3955837620236107 -2.1154623458899540 1.3533170512000146 -0.6676902251900321 -4.7349947618003938 2.9285244691807932 -1.5489978033327070 6.9912964912184039 -3.3095295290770590 -2.5427110786429528 4.1332543487619064 -1.4323772079879580 -4.0299219791539125 6.1871947987681075 6.4399243643517714 1.6019904841017074 2.0378138289246239 -8.5461181743770318 -6.6279138094228873 5.1305303286225108 2.2964704450554860 5.3154214787318086 5.8382894961402050 -0.8968096917756397 0.0274282755369322 -2.2387806806809070 -9.3035333439958414 0.3444616732064808 -0.7233369610640394 5.7431880794060861 -0.7752542931966468 1.3169777743864624 -6.7944556941799243 -1.4992854161305060 5.3348673635381534 8.1771349647673599 10.2450478042769664 -18.4362369892118281 -1.1716007619256557 -3.6851761388793784 13.0308521176199736 -1.3080441756732026 2.3073249981276498
138.0000000000000000 0.4374956297875465 6.0000000000000000 10.0000000000000000 4.0498977150949242 -2.2493263340268439 1.0560219325434494 5.2052139937089432 5.5460730730711383 5.1053779836863571 2.9284786301515844 -5.2644275740002806 5.9256757819076196 3.0959465514489657 -7.0704697857453365 -7.2019178826736905 5.7051360859285571 6.2478683639942370 7.5040020328493515 1.0134698701805887 -0.4088620642725924 1.6764938104446574 -5.0208798534002943 1.8073420578874204 4.6101192200297456 8.5328483530433790 -17.4084166071097748 -10.8836329347090217 9.6410049161950031 9.1113225403373423 -2.9276432253475622 -0.8455607348967367 7.8738768208901559 -2.4368845372593517 -9.9653902565898207 -1.7499085496809619 0.4623430842351229 -0.8475589219431374 3.1538338762152085 3.6115450631141326 -6.4432657155137179 -0.7468589347058586 2.9000389372925990 -2.1011971096929907 1.0959955489176267 1.7554870572809746 -4.9500770384643644 1.8067741665519015 -1.7075117333426086 6.4213040588808727 -3.2882144686502421 -1.5297897502870146 4.1232961006330875 -1.5928534771193137 -3.8275171472162888 5.7171203673192155 7.0496845850845604 3.1797678929882016 2.8313345964749144 -7.3496952736651737 -4.5756919335671222 4.9458483790425252 0.4322049230814728 4.4835005774772121 5.0004177924767879 0.6431136260656580 1.5283741914457591 -1.7418161206879497 -11.1098877748210718 0.1016969174046696 -0.3246064026530473 4.6422045980340645 -2.0284965696522743 1.6284266033191630 -7.2006951150812597 -0.9924295895477488 5.3209418297254585 7.4058304072464640 10.1707104980647713 -16.2307194733120319 -1.7736796134729078 -2.4233004681814676 11.0192527309067145 -0.8371342111171565 3.3713276683389135
139.0000000000000000 0.4474223347257888 6.0000000000000000 10.0000000000000000 3.1428843988798185 -2.6170709041037203 1.9641758138620178 4.9391241700494675 5.3640500653541565 6.3136797068743427 2.1431514893837429 -5.7198846491787529 6.2442341409283824 3.4720218126931863 -6.5886006221220077 -8.2201162749979559 4.0410771377402623 6.7138718695460886 8.9650419065567473 -1.2042906470955639 -1.3221568561614918 1.7721985385223173 -3.3207078950838311 0.7498001231039325 6.0210281993094519 8.5042640032500749 -18.2096739028908559 -10.8666102468393166 9.3384799361432336 11.9992818350899295 -3.3992102336986267 -0.7564799470195425 9.6020919391974608 -2.6265494824228055 -10.7632573949116761 -2.5279456838928889 0.9785700016511262 0.3265949743398610 1.1792420811028266 2.0210041638071914 -5.6440928000004256 -1.0437389109697566 2.2243348159038248 -3.5299174432720895 -0.2746626764401390 -0.6406811115799544 -4.5843692535452227 3.8063162918395870 -1.7775057505874206 7.1936491278000965 -1.9369203774906456 -1.4955456874280262 5.2204337383011650 -1.0645487496758776 -5.6020535376236120 5.7924672073641998 7.0750942276710642 2.1877587554775029 1.2769020902752857 -8.6412657449052652 -5.5246437409410358 6.1645775440482753 1.7392907076230482 4.6488272612662715 3.4601309544204062 -0.7102362975588157 1.9008194891716395 -2.2222685054543718 -10.5571647173330412 1.4341862493482558 -0.7897063712159571 4.7043279111712311 -2.6673017846150380 2.1428553209009618 -9.1177341928546962 -1.5164517890199032 5.7444793213799317 7.4718188308538505 10.2681344240933239 -17.0776724310627834 -0.9352238126923270 -3.4225667524268535 14.0350927493993325 -2.6787815202617478 3.0160103302599368
140.0000000000000000 0.4406681271020795 6.0000000000000000 10.0000000000000000 2.8091983806322127 -2.5142152191270135 0.7991024909670654 4.8268344766351428 5.4745653803178742 5.2783238419616341 2.0601844026066489 -6.2539196667343218 5.3646507537422234 3.2399261231378103 -6.6599055004838910 -8.2667745285527747 5.3249255954360430 6.3751831635680540 9.2915728169137832 0.0253101942314958 0.3487897304043777 0.6345608232740765 -4.6972135638516335 0.0220205603156880 4.0856836675787624 9.1966819295465108 -17.0512341276638075 -12.4690715562407757 9.5825300709164214 10.7771003066188289 -1.7705338303081699 0.6669783956190726 8.3475130933865422 -2.0479083416376334 -10.6646990005484810 -2.0466293040176540 -0.0121069670062876 0.2739559356519787 1.3077448409064767 2.7461847497124605 -4.9918128191576683 -0.0794578296302085 2.2885498732220868 -0.5398126415381124 0.1858731996822252 -0.9255684358517317 -4.5618236380629558 3.8885426016111539 -2.6431637213671708 7.2258004679542047 -2.4699826721121001 -1.9201382905996416 4.7779545548190043 -1.9426832022506431 -5.5097103922946502 6.5504719549475521 7.8840528404533705 3.6173240444870136 2.8079701151307259 -7.4818852265525635 -4.3868114010769927 4.1165446413743174 1.0006335535137689 3.5384024325829402 4.5006221956565664 -1.6651170512752707 0.7510873637163457 -2.9647566761328674 -10.8562476446880929 0.6707040958049344 -0.3780903776947052 4.4923315183358632 -0.8155995503724371 2.8078523360119849 -8.2289635637613170 0.3350306205653161 6.1418783900887881 7.0629632316266280 8.9235754468286395 -16.8663353539127208 -0.9376144003103429 -1.7742092789846220 12.1785028321211328 -1.9781012598783421 5.1086747182864958
141.0000000000000000 0.4418591802759477 6.0000000000000000 10.0000000000000000 3.5102646913354998 -2.3015405918081879 0.2781553844255583 5.6109365290931068 6.9466847937380267 5.4924921582090471 2.1885099964474675 -4.8044534245421104 7.0402483222373853 2.4390684091567016 -6.3344379617792921 -7.4827862906043547 3.2581077700545737 5.9979477299096935 9.2890312658448337 -0.0842465887016093 0.1467374372239014 0.3474091070534431 -5.2124292199409847 0.8347538328887069 5.1502266783188553 9.1215491824392636 -16.2632028536890019 -11.2724839448617757 9.7252176177416683 11.0221446340368257 -3.9746212803006262 -0.4005599238941900 7.4996144189046010 -1.2917852046128067 -10.4069509446449207 -1.7944305977236001 0.2932222450422786 -0.1844395056513605 0.8435938063151702 2.6807436559323650 -6.2020894675487686 -0.9023755996038970 3.4545325834774587 -1.6251092391735515 1.0688486361828005 0.4661785410060052 -4.1462163302602670 4.8197199750533768 -0.9966908681541142 7.2404561926195630 -4.5410921135752575 -0.6305682506458372 5.1187980087960341 -1.4522039986059907 -6.0609280133368131 6.2205797127544624 7.7270325311522958 3.6895990466206627 3.2683329548179465 -8.1885838821378130 -4.5712176614834057 4.6295535939654977 1.2925419440372166 4.1831281188569562 5.6209873076406671 0.7457661149821426 0.9939327623361977 -2.2911400723949056 -10.2193433339353348 0.2927923364322158 -0.4746328510950775 5.2248501021938614 -1.2371757672775630 2.5575972717132531 -8.9349474766867356 -0.5693461734282913 5.6949607256209482 8.1706413348239639 9.8258574349078245 -18.0951149416320547 -1.2294435984661685 -2.8739779662966423 11.5347834876239599 -1.6855480988402369 3.3059718525793982
142.0000000000000000 0.4369349303114994 6.0000000000000000 10.0000000000000000 3.3177133251972082 -2.6460127700913403 -0.0523881481895758 5.2644420061219552 5.3349411077655029 4.9065113669771812 1.6886248557463874 -6.3166375006172126 6.4878990997366826 5.6302895087122042 -5.9125731119044254 -8.0020910837791277 4.9583664940159480 5.9373622473533842 9.3092806764136160 -0.6025920972370866 -0.6558083282045734 1.8530041496905962 -5.2319294198603092 1.2489242099650519 4.3782063581969286 8.6075267193403935 -18.3879452849376577 -10.9992294853325774 9.4419584633898967 10.3280445412074044 -3.3051640081863427 -1.5923736412250604 9.3741395929294153 -0.4765765110566308 -10.4016859359364062 -2.8496480432821070 -0.3817725462894967 -0.3463125536934124 0.9080937338054693 1.6545075632639779 -7.4279064006789355 -1.2785610853984535 3.0131781102641928 -2.7734155425331166 -0.6081465832961974 2.4287260031043005 -5.2287713475303326 2.9120223068851079 -1.5577336909939394 7.7791759054921608 -3.6718848498475563 -0.5916005344024589 5.2063731979610370 -3.0056938619282003 -6.3160657427647307 7.1877757292765416 7.8416996409890487 3.1385239737299946 3.1881398485692438 -8.1384304894441435 -5.0026030183458170 3.9105711776585954 0.3193527748002678 5.3974595230369484 5.0422867927791755 0.7186245119844159 1.0509609069239612 -1.6823363515072618 -10.3829428436087579 2.0870852195128204 -0.5208692249404114 5.9892285304328619 -2.7464529592514255 1.0347940307609895 -9.3135933244473446 -2.0589099307985244 4.5527997349407361 8.0060900695266213 9.8434121298691348 -16.9828354381151030 -1.6666741669874743 -3.9878998724326244 12.7527332238377511 -1.6842080516399960 5.1704764037650017
143.0000000000000000 0.4379747746576009 6.0000000000000000 10.0000000000000000 3.2038048263936330 -2.6554653468278371 0.2594931700829665 5.1082706756225775 4.4546446292667552 3.8868253597703033 3.0966461235464511 -5.2247477358890988 7.6871183220156851 4.5813439627073187 -7.2996661410223078 -6.0533753463020465 5.0818659485165130 4.8834832280201912 8.1232789848295841 0.7490238816259386 0.7223343808771597 1.3856977731741866 -4.4228113618314771 0.6000617687227566 5.5218656729526678 9.2629194489241318 -14.9562135996027337 -11.1268125203094463 7.8473685130100668 11.2993441978954952 -3.0778391143289605 0.5053286036029061 7.6470578970954293 -0.4574078707742180 -10.7702058617061773 0.3797435171119146 0.2606205829210210 -0.6622238173610699 1.3948008204998037 2.6155795000892788 -6.4512798699269895 -0.1449177040722954 2.6401466385403340 -1.9645272311586099 0.1014916783852471 0.3660056094546654 -5.0327079331332012 4.4520208407403592 -1.4275193260130974 7.5927586486649945 -4.2750271596779896 -1.7854509520121444 5.0960393020466892 -4.2901100088905260 -5.3604619733319954 6.2668487710138692 7.7186042690296688 1.8175442402630544 2.1741978396707227 -6.8940503050222990 -6.1066749764427772 4.9803162749929921 0.5723297114353181 4.3327678526595896 4.6511523312724901 -0.4039116568734887 1.9344974753743542 -1.1020402538874725 -9.0695702783622707 0.1938263140506759 -1.6897618492414619 5.4710827720507655 -2.6796234940264667 1.9411087216443967 -8.9872095324768004 -1.2781121240380218 4.4687499881680113 7.8795184078815570 8.6364298570992251 -17.1491723808791328 -1.7949307487732717 -4.1393827733140141 11.8775721301790576 -2.3086384663255388 4.5626841660351207
144.0000000000000000 0.4392572187509786 6.0000000000000000 10.0000000000000000 1.9195182510450139 -1.0570302160682457 0.3767416816508374 4.1590818162103149 5.1873365289398832 4.7304933180108035 2.7406126574018534 -4.0523003319798665 6.4358218033662791 3.8819676963592533 -7.5566655335944661 -6.8045886902897621 5.0120549458466295 6.0420680807613261 8.6555825884037603 2.0002112932041292 -1.2654014179765019 1.5281667796341403 -4.5573823368441415 1.1253539381637623 4.7616736739562162 8.8389926645031061 -15.9668355519385052 -10.1724302438670762 9.3873567909658462 10.3889024484906862 -1.4620338705791138 0.1251296182731280 8.0419163150163282 -1.0441228888148801 -10.6548597813479535 -3.0604835168957862 0.6894713594117746 -0.7606851712126094 1.3027985058002467 2.1273448615870190 -8.1010793000518433 -0.6827034364638687 3.9492566119432473 -2.6452978105376026 0.7637587668808853 0.3120786180604587 -4.7625031715270394 3.0180269719947326 -2.0471490267277077 6.0637842343164010 -4.6515263737067984 -2.4435611032326325 6.1609578140069532 -1.7243006504285481 -5.6185738471675553 5.5922429480570326 5.8683913966270440 3.3987103259527873 2.7844067155637413 -8.7540845865666057 -5.3693684618626927 4.8880240730406603 -0.0126360699478574 5.2855623147116519 5.2668715974658813 -1.4022902684170377 1.7932290546984553 -3.0266141158363027 -9.5507452911800961 0.3613559890206418 -0.2286165255077399 5.5553151872406952 -3.4613713398600634 2.2220500487935673 -8.6892131814802038 -1.0307987327820811 5.0376763202018999 7.0491637400258433 10.5544869089062345 -17.4014617688175370 -0.7124134294131131 -4.4436858964453059 11.7530285091203339 -2.0053964983835892 3.8041236816367854
145.0000000000000000 0.4366302593422333 6.0000000000000000 10.0000000000000000 2.6054014707057935 -4.2935266780807035 0.6163983523633764 4.9510325076637978 4.4433300428984355 4.3933435802220142 1.4731226503104278 -5.7546594429926685 7.0981574326956318 2.8215982056315809 -8.3926727909077794 -7.0156873621887659 4.3282111813932351 5.9795103256587891 9.7454759007501348 1.5429508484546217 0.3851095769521545 0.7317019623317280 -5.0502394138250164 0.4405050634970735 6.5840822136983039 9.0233433484979493 -18.2189554691464330 -11.1924159095869644 9.0209159066746842 11.5062040854455407 -2.3516693713701282 0.0037689309898408 9.1555367879446479 -1.5682151289740294 -11.2212430988900476 -1.4661508014876439 -0.5387406150986169 0.2352275332016985 1.2625360797941516 2.5695415891578310 -7.1205057108935481 0.0586585687141702 3.7352593548228290 -0.6972916359799703 -0.6033394833071211 -0.5819393089740172 -5.4800373118384078 3.6547973912205358 -2.7903454503628011 7.3271139603566615 -3.1610604229323918 -2.7220851570697233 5.4352715595129943 -1.4862640388243853 -4.4066851448702904 5.0303916507951989 8.0108631027378365 4.5932931639153729 1.1305450513209003 -7.5350019777295829 -5.1221768447163756 4.0936349009273947 0.4720765068064527 4.6625795060858097 5.3030616817347331 -2.1446951618974710 3.0231744104651863 -1.8870738724541596 -10.6766981251634405 0.1487846828047607 -1.2642324466662740 6.8169335453031756 -2.4488629889865714 -0.3597878550048488 -8.5451363114424268 -1.0948074762003128 4.2998329171698417 8.2125922547546484 11.1631553389112490 -19.6432877970638948 -0.6960781690383315 -4.4329180261693146 13.4620786877062546 -0.8347318826772454 5.3104879532830616
146.0000000000000000 0.4362775910759535 6.0000000000000000 10.0000000000000000 2.5019598671381842 -1.9636990328065713 1.1421414327112851 4.7758376598131944 4.6683921334240335 5.7939373155116680 1.8041027125756273 -6.2170028534640887 6.3845225561748027 3.5619037241665321 -7.1628953793079964 -6.1229547304545626 3.6975615002415978 6.6651969584769599 9.1076755501836058 1.3740623724399423 -0.1523782055051333 1.6759630027302750 -5.7579150186841934 0.5200499142974943 5.3418644690654808 8.6772930517233267 -16.3274792723464230 -10.4378314569927824 8.7470744286605484 11.1205081330324678 -2.5799053421893592 -1.6873649106591389 7.6363507598629878 -2.1003859691290399 -11.7211803345182002 -2.2345283018585089 -1.0540699501729294 -0.0321186364572513 1.3228594397204103 1.0368910107596736 -6.7822883968395224 -0.6977310164748626 3.3735422402681481 -2.6435029964327432 -0.7065211553087772 -0.2666080658489083 -5.0165040242685359 2.2333025953591878 -0.3685451825744266 6.7940024961076517 -3.0890220435842108 -1.4002089026343323 5.9517166971606645 -0.9328086790297953 -5.4215522598133488 5.7671892549709165 7.4158679609746292 2.7361794564410022 1.8520271711734397 -7.2182985131480137 -4.8842980521963515 3.6837788461071597 1.5134113756839680 6.0349070432586194 4.4033356182922656 0.3239900897225709 2.6525475279026121 -0.3400655529172290 -10.2164484205259036 0.7212178544809255 -1.5719158255907675 6.0753200800027489 -2.0606078328172925 0.3245115295174014 -8.2449385714256032 -2.2733053988753928 4.8237407769796219 7.7008638880440348 11.2997820362314805 -17.9552967804354857 -1.5376620743528511 -3.4549287671859052 11.6465540942846104 -2.1240324778502924 4.2071083701145486
147.0000000000000000 0.4351957694983807 6.0000000000000000 10.0000000000000000 2.5439304062948804 -2.3648646432479472 1.9712157966988861 4.6801235667291357 5.1291951371293454 6.0329149429896614 2.6312773821065676 -5.9806566140755502 7.5642733472357886 5.4010049029054086 -6.6195457768358104 -7.6911993635652358 3.2991591439508627 5.7902920105434381 9.9720875971001224 1.7069383482713087 1.0794206068048247 1.4948208788581729 -4.9287007213315723 -0.0148796135510596 6.7335037490896994 9.7565027725173650 -16.7520412022304583 -10.1652650834479044 10.0499058916998525 12.3570898892803669 -1.4052826121282922 -0.5228395813067553 9.3040202412995008 -1.4675357469566044 -12.6196711473935537 -0.9105201291479947 1.0128209033685873 0.5482593389381970 0.7213477833716906 1.8177000077307497 -7.6727681108058823 -0.0216682703859205 4.1046562709655436 -2.1974147667940720 0.2296056398095354 -0.9765843668328371 -5.7498687942906423 1.0959676031023589 -1.2958500683447283 7.2365263982166947 -4.6002685187990640 -2.2933782577964625 5.9957458432464872 -2.0852705369868030 -5.1634183904369362 5.4887836364057527 6.7021467076388967 4.3307798686853740 2.3963997017109953 -7.4399556648046730 -5.3976599163819747 4.6993729938099005 1.5439036322352235 5.3257028651716087 4.5933083643224073 -0.4988804803343812 1.9232381097325406 -2.0669271613983642 -11.1431991108798591 1.3318357921877904 -0.1011046095121011 6.3493586997664053 -2.9477589617689626 0.9636970368382779 -9.5216473711921683 -1.5406172041015980 5.5659278273408841 7.7799008832918259 10.2673566442860018 -17.8331231973783702 -1.9309368824684281 -4.0013575191703188 13.2476741056632292 -1.8799857400751252 4.6253788705575749
148.0000000000000000 0.4350321497041559 6.0000000000000000 10.0000000000000000 2.4464700316325731 -2.3237156819600600 2.5763982161369912 5.3651726040361201 3.9804516462155548 6.0278164714179532 1.1335161571229226 -7.1095030950271321 8.7409282063184737 4.2067247402152397 -6.3287543723334450 -7.1795870762511909 3.5054089778525452 6.4896344943385067 8.8036871406350556 0.9906803330252130 -0.2362975227847970 2.0063752861005053 -6.5858822523877034 0.6251322325661905 7.2725743839106194 10.2783191068524253 -16.6908199817358032 -11.8195010496670001 9.1030860581669302 11.8642218288348200 -0.1849009092094331 0.4834587511153093 9.1972304013091843 -0.6081954725247578 -11.9706828947053321 -1.1213637650177124 -1.4447855593578978 1.1857017710821902 0.8848022884960369 2.6625932595900998 -6.3066470148786777 1.2217457609498465 3.8001176451305407 -2.2793387261728300 -0.7230435004428354 -0.9108852469759685 -4.4100322522890583 2.5323723294793670 -1.3676252992017437 7.5775901895559423 -2.7346961730832477 -0.4903613959307300 5.1444399830506180 -2.1068909186421623 -5.8454246990995475 5.3931703472227062 7.5652379846785029 2.9161744388652115 1.4166150650492810 -8.6866992384925990 -5.1970373149419258 4.0307032579411839 0.8458089075482539 4.7595645509416631 5.8039483207297433 -1.1249230464725024 1.8760527305463839 -2.6127864128485796 -9.4226673549697502 1.3970625206129146 -0.4941589343193259 6.5662788938644958 -2.6778401730885997 0.1589798878529246 -8.7806827721602563 -2.6355752935694472 6.1511303686518959 7.0133316708311613 10.5721149194646546 -18.9378675593458574 -0.5642001909770195 -3.9007702636359696 10.9380706927728752 -1.9100866687085416 4.6525614047745343
149.0000000000000000 0.4375123657893907 6.0000000000000000 10.0000000000000000 2.5072494970941812 -1.9251606995133208 1.0830275193978762 3.9908783327777293 5.9888923253935351 5.7346406992573407 2.1844917695922708 -5.3640626039961976 7.3292594519489169 3.6787722120242865 -6.1039124067107444 -5.3914405034233539 3.5493512599738852 6.8190990286009816 9.6881038423953907 1.0709394318628438 -0.4064356166628706 3.0956841350623776 -4.6588487105377459 0.2361650430427271 6.2151414775318301 8.7786784218273919 -15.0583082743829841 -11.9775568633034784 9.5761844515487660 13.2224860682168721 -1.8909926513983546 0.8501427179165284 8.5662504648976547 -3.1216540472427461 -9.8795362709734036 -0.5798489162353785 -1.0628343883890352 -0.0035581337763495 0.6599539539797508 1.5598789390357859 -6.3319158428659330 0.6339049701704105 3.9288902776225720 -2.9202733311007010 -0.7137509273094274 -0.0661028754183728 -4.5731843683785929 2.9528405182754871 -0.6840922085097769 7.1553566102937225 -3.4973481744262900 -0.4522033134995722 5.6651273750691935 -1.9521784768864987 -5.7893842600921879 4.9584083837878890 7.2352908328450560 1.9410878789431874 1.9809891580973842 -7.0033751762580652 -4.9797508905859038 4.7171511255859846 0.8646349242387039 4.6873597411155759 4.6881600715955765 -0.5172164048771398 1.7177266532868805 -2.3148014654250866 -10.4436791827717634 1.7272709735176788 -0.6045245998073455 6.2843878159332007 -3.4674498410610983 1.3293058296130542 -8.7769031086341887 -3.0037982513842367 6.2691061745098677 6.7171087855951432 9.8068437009422151 -19.4042955190577224 -1.4415701958052760 -3.7022736196149988 12.7320470121041751 -2.6171124040138656 4.2733275464403881
150.0000000000000000 0.4391458673286017 6.0000000000000000 10.0000000000000000 1.5462793764975069 -2.8483746929463796 1.3903864872537950 4.2171349613001432 5.7388356754393666 5.5740575386603961 2.7770293942975370 -7.1695408482629128 6.5843596503147239 2.0127658163478857 -7.9587511949826508 -7.0124188172949298 5.2792331702259183 5.5227602341281870 8.7958818066587838 0.8894131068772797 -0.6193735502252473 2.2110301398976278 -5.8384402027292230 1.5616461675935449 6.4658434271037279 9.7860739443416449 -17.0517807244140371 -12.6609702916660289 9.4207757041524900 13.6361835848694160 -0.6317456246174278 0.5438336030636980 9.0781604118051753 -1.7025667725606806 -11.9775471335227870 -1.4079720537304314 -0.0469514949651968 -0.6201995292895298 0.1894292486404554 1.8595593860927051 -6.8558538987610822 -0.3668662453121532 4.0235163253178579 -1.9868695503586753 -0.7945596105054442 -1.8166939258133272 -5.0929670147480035 2.1934993086406980 -0.5593726818267972 7.6211517987484410 -4.2641214432864878 -0.3358585049487015 7.0761330582671995 -4.1996466131084249 -5.9886062226932806 5.9917973507645170 7.8509637488561124 3.0603830874307021 0.4628321773759072 -8.3206607273249720 -6.4776439949795721 4.0850764382678371 1.6870995603291625 5.8947308861648597 4.9202992144481170 -1.8357033804731830 1.6710415638566127 -1.4004729449431852 -9.4053606476036080 2.4384196207155164 -1.2005131558197319 6.9223065010776654 -2.7387618536790237 0.0948788470998637 -9.8047120935392833 -2.5462037238253656 6.0159848838374721 8.5478249299341691 10.6578508641728718 -19.0769615436702331 -1.4044245205712858 -3.8667191372795311 11.7884944464087216 -1.9746937339992461 4.9729797726023524
151.0000000000000000 0.4405395492381535 6.0000000000000000 10.0000000000000000 1.8434662393185348 -2.7693325835269298 0.7206036179664094 4.8458397940822744 4.2770936512976450 6.5345559178234094 3.5560361105576095 -6.3014019571902411 6.6420232774668291 4.0512328696158537 -7.1638881506912444 -6.8154745651667774 4.4608537333672036 6.3250811213181084 7.4898434814028683 0.3992953847866374 -0.9202060684174482 0.9776615269805536 -4.9247085764581673 0.5240614428359477 5.8678750748023241 10.2519157556792742 -16.1609251243309622 -11.3134224110153099 10.1806455498607313 12.8407513730449665 -0.9246317110024426 -0.3830042711680179 9.4922081394872730 -1.1208153335241358 -11.3425157472478642 -0.1839765178447954 -0.6416776918721725 -0.0467988132698474 1.6278547734708027 2.3386706514196693 -6.7458034540985423 -1.0224199481985237 3.5869983358536861 -1.5023545838641839 -0.8205023944444235 -0.5656017596872051 -4.2816778387834225 4.1275317369909361 -0.7302449804093369 6.3230806002040945 -3.0353536149239968 -1.4205611759242922 6.3742173751607005 -2.2604728861511676 -6.1803825746409817 6.3298938412507892 7.3206561868264401 2.5592338957434113 2.2598252787030022 -8.0992195813944452 -7.1270366207135609 4.4690851563213929 0.4290804011778273 4.2103343946708751 3.5999092750055937 -0.1562710776565293 3.2773790318759923 -1.4202114994031056 -9.4037107125095343 1.9737190115573975 -0.8327730551933559 6.6662792905273562 -2.9910303519398700 1.3595928465328135 -7.9106549542089200 -1.9460178285757137 7.3513093471225224 6.2493716552264029 10.7916736757081821 -19.5510575890644169 -1.0851443712360456 -5.6078283034681355 13.3436876453835858 0.2630755436341352 5.5250740118164918
152.0000000000000000 0.4337547624978894 6.0000000000000000 10.0000000000000000 1.7920832946405409 -3.6123798251338934 2.1996949680421722 3.3413479649681719 4.6306546896650342 7.4322246561349932 3.6810845933047309 -6.1249950205961730 7.9868021388803436 3.5615998808676812 -6.7098750349246199 -6.7661803415956721 4.3995872020990436 5.8054926454689406 8.6063757482591807 1.5288176458243135 -1.5151270741017819 1.5177312328481707 -4.5337370046236511 0.5707600066429979 6.5283195131414606 8.9031765413612867 -17.2394329161051942 -10.4634034560763762 10.6324583394692951 13.8003957956960193 -1.6602288393729809 -1.1164028413532585 8.9684661630987570 -2.7778405753361612 -10.7582339010524866 -1.2504837491294611 0.6872156754077738 0.5822175380919762 0.6076447522403796 1.5370242343848644 -5.8059604774364217 0.5246220150014307 3.5582092496916431 -1.8454626718470157 -0.3057410793907492 -2.3237608952316346 -5.1769616208277833 3.6564920482264212 0.8957845760917793 6.1950417561796689 -3.8006606122614288 -1.6817015662454975 6.2449809322476053 -2.9194409182572416 -6.2147825932960323 4.1336290977896528 7.0990131727065826 2.8608097978510361 2.5699226668784094 -7.7856039923351013 -6.7811797831377003 5.1620033157013001 0.2399812090799641 3.5926997839835710 3.0753306488484720 -0.3319698106993231 1.5322944224464026 -2.6783436916362460 -9.5621853472042027 1.7608117860166421 -1.8282881358860581 6.0871567714391883 -2.8587334443086774 0.4873651012078967 -8.8016267927620273 -2.6741668577368554 7.0227223719906391 8.7838847798230368 11.9961044286008818 -19.1193743083792747 -1.2775796176594783 -5.6870162361498560 13.1263583296368154 -0.7533932393367956 5.4676587882269407
153.0000000000000000 0.4323678575790804 6.0000000000000000 10.0000000000000000 3.1991772142632326 -2.1489824701879825 1.4677710866786498 3.1724045291987650 4.2871709547000467 7.0708273500482219 3.2756779281020245 -6.7258059360802935 7.6247585387688774 4.1381173303060397 -7.0159380804844655 -7.3011708211139439 3.9452476825970768 5.6863301011248257 8.9971078795488371 1.2405083056901176 -0.8983507816143060 1.2466892460741537 -4.8323052923708936 0.0196261162484388 7.8803238245209508 8.0851679919738419 -16.4167589219411525 -11.2496095124759226 10.7528147058442904 13.6240380793419487 -1.0452461848227779 -1.6324626032891905 10.5148833027467639 -3.5074287764513139 -11.2755058153834220 -0.8204479985215598 0.9101691312171386 1.2329841805023853 1.5411215457895546 1.0029105692072613 -4.7525982313267585 -0.3041233689636031 3.0995797615332070 -2.5273966185916681 -1.0961286034152353 -2.2690352432740974 -3.8104757556292554 1.1452351107432384 -1.0257249895076763 7.4204311645036167 -4.4230041066600263 -2.4399366186259472 7.0004312203999310 -1.0556921177732546 -6.2396370608161051 5.3191198773695287 7.3944878971506380 2.2278651835172871 3.6716808458310730 -8.0534359495162420 -4.9380373670195743 5.5534114557501777 0.6359224084734876 5.5236493412970535 3.2640914013532183 -1.6513192104684149 1.9699219632584390 -2.4030657594971188 -10.4881398425224948 1.5508253418604891 -0.8397108826788948 6.3853049153638999 -2.9403543055432175 0.8804816738285991 -9.8184639752301521 -2.5346528492304841 6.7795855254131521 8.7495393042041307 11.6468428819284924 -20.3174594565983462 -0.7437901218696525 -5.5109816940964613 12.6993273704306482 -1.3794215651128399 5.1700677669808348
154.0000000000000000 0.4354038822532820 6.0000000000000000 10.0000000000000000 1.2700326925997263 -2.3420463916434380 1.5523930503201866 4.2583827505601111 3.5213271564849054 6.0164305866381707 2.8232436947710853 -6.0540016446443561 7.4091637948739724 3.5593082450586753 -7.5220392943394758 -8.2172863642356031 4.2499826328304984 6.9052110228369621 8.8118800248802120 0.2869350492342047 -1.7240021356768587 1.6041170285103341 -4.4876481263647072 0.6206698483177910 7.3511614932876670 7.8424952553514053 -15.6140731429252924 -12.0710105756443848 9.1415427310993902 11.7066314374484612 -2.0220543311769790 -1.4550296067307991 9.5715218986593200 -2.8522134805555388 -9.6549698470947973 0.4595834769000197 0.3082728324012656 0.0739923106388526 2.1619276048913725 1.2330935245452255 -5.1274333984855192 -1.1302936220610706 4.0288353864100133 -2.4666606645789688 -0.8971515003438723 -2.3425015242811806 -4.8680123992995501 2.9443662553243000 -0.6974915256517384 7.4525076336570066 -3.5387722181959131 -0.6177273688878503 5.7915134827135377 -2.1441976670527332 -6.0759656457067281 6.0093167345878262 7.1524614737109280 3.9187581488226333 1.8925271975355253 -7.6759154368555524 -5.8449888681863111 4.6323549377610282 0.3900726594141302 4.2388891870378211 5.3801907316706865 -1.6141745483017600 1.1915009025440204 -2.3412940172118204 -10.8339641098378348 0.9633171805793124 -0.1905438283832651 4.9876826789931554 -3.7818590826515250 1.7501983093304045 -9.2792508598090411 -2.1123553339534116 7.1307384939535847 8.1891327713054665 10.4352455930997330 -20.2837682637546699 -1.7796859891151373 -4.0142740265995469 14.0598221397446981 -0.8338687708720135 3.0773383279858537
155.0000000000000000 0.4365151054325206 6.0000000000000000 10.0000000000000000 3.1743414567373884 -2.7883537057474785 1.7887014427993946 2.8128618496821858 5.5909626438891111 8.0051186599649640 3.7783180340962996 -7.1566274487541310 6.9433063970262801 3.3468413953655536 -5.9387854248827487 -7.4310525982568745 5.3975794415878520 4.0780310988211834 8.4064108206097821 1.2605846429993997 -0.9927732685738210 2.8124766846587770 -4.7657427184819188 -0.7083445974984287 6.5205059294508638 8.4636548776535356 -16.4797608789456476 -10.5194726344135319 9.8559282350708219 12.0590431708385015 0.5432819185397009 -1.1986062677732856 9.0610356754164663 -3.6767870751247185 -9.7658564183851215 0.3118487375327995 0.2858363851281997 0.1796310548319154 0.8346192931293744 1.7235090755231655 -5.3700311535523833 0.7445161674220451 4.1577599131294622 -1.7529997486355449 -0.2881436264219639 -2.8368949627667628 -4.9242984393918130 3.1226685189137156 -0.1259808505222078 7.7894968985141499 -4.9956649404964715 -0.3365728015859610 5.4590648435854465 -3.1657862805737098 -6.0128359155739934 4.6326251806277750 7.0967581657678469 1.6840317708397559 3.0055491482394068 -6.8969798520383607 -6.0948733852454096 3.9270605103482406 1.8858449231955916 3.7483216482411108 5.6675138854367075 -0.5764124900294972 1.4849671004448743 -1.3219630218827865 -9.5485059750279540 0.1675300505216264 -0.7130451641391738 5.1034726965956771 -3.9141795234238081 0.3576555150044142 -9.7641295606533092 -2.9349265188080178 6.4672847901886756 6.8526696154121227 10.8823314226550476 -18.2278974281584780 -0.3595910253152331 -5.7943612285620194 12.6815211221530610 -1.4201702368696658 6.3699417252290438
156.0000000000000000 0.4355247985428706 6.0000000000000000 10.0000000000000000 1.9754412435605175 -4.2900491457450096 2.5821802978973629 4.1992245277619844 4.9028392743709199 6.1459177413813446 4.2271992796893363 -6.3461945772329447 7.7868961218631947 3.7156285427423072 -6.8330321320091736 -7.7737021499424674 3.7844409925315388 6.7774167802175134 10.7555117197618841 0.5207863909952066 -2.4013678223150805 2.7228792624578739 -4.8638232979141263 -0.0674216777457362 5.3966542422412234 6.5744917356764736 -15.9648941881566131 -12.0580047698348736 10.0169560340646111 12.5785044543163664 -1.4179899440308783 -1.6206818796394704 9.9657964251378921 -3.4798951984157154 -10.1558155626380060 0.2863990168847995 0.8912757691684514 0.3997519339613064 -0.0671138412881478 1.9473960453281858 -4.1225053498294937 -0.0199601066205078 4.8084976043801149 -2.4577507569560910 -1.3840957629923274 -1.9722973586248427 -4.7395148960829880 4.0982014302204268 -0.7473922845363953 6.6161852754298920 -4.1840916130163004 -0.7204593105530765 5.9857106539498437 -2.1394962892800335 -5.2306901673389428 5.4983047079936096 7.8056821718893259 3.4429639653339339 2.4316747659327498 -7.1395076472479513 -6.3553365594176654 3.8335188676267720 1.6294773931067135 3.3873916224707621 5.7782101539136210 -1.4664171592297759 1.2561315928773125 -1.7723759334138547 -10.6906781196213174 1.3829868729795134 -0.8488951081202307 5.3824012958263534 -3.5629102565404773 1.2494417537819940 -8.3495928895271945 -1.1294392434042058 7.0938216306506430 8.7297032524239970 12.2326088831866109 -20.7179123652461818 -1.3619540806358690 -5.5486882285321713 13.0618114174938071 -1.0662844439723558 3.5133825154369522
157.0000000000000000 0.4330336422288895 6.0000000000000000 10.0000000000000000 -0.1667734300566432 -2.2882296756131053 1.7344408979494734 3.9671932024647045 3.7682878169330252 6.0640950588395572 3.1180960528332444 -6.1406019481796514 6.9235793003500046 2.9726813836297437 -5.2620139474420018 -7.3610462905746452 4.1827234393058355 4.7474432481434761 8.9896776294995266 1.2339201457248477 -2.1033000607937771 1.5425826724721430 -4.7527172568466582 -0.0677231505790691 5.6762357589251158 8.2511718297699357 -17.0983363797864811 -11.2451537476190619 9.3536971696298341 11.7536448794844457 -2.0439556288711462 -1.6495580362237763 9.8369890289081994 -3.3282033488927181 -10.2148314049067395 0.0021215197115017 -0.5695137299485400 1.8261714580760700 0.6256849164943437 1.2932281401183574 -5.9025593456424614 -0.6830797380929675 4.3170683149737350 -1.7130850280438390 -0.9968786382468742 -2.2838664935744442 -5.7516113612279565 2.6374885441949063 -0.1408183484129738 6.5343621290107992 -5.0464649242972524 -0.5861807567521643 8.2348855242591537 -1.7086282568742117 -4.7666156602282488 5.0780864076746690 7.6899373510160185 3.4292101905872130 3.3067359840969210 -6.5775742748467350 -5.2724575954466157 3.8203179233542066 2.1223770255553829 4.3727676904026360 5.3986218555362822 -1.8051846588994014 1.6273107381595600 -2.3089596053712018 -9.4149940219514860 1.1234550050291281 0.0042984018886311 6.7713197191540218 -4.6435274210163691 -0.4663013396972610 -8.5048810320964208 -2.1719590685825532 7.7257169902977720 8.0928874789729424 12.2813318068433119 -19.0375947725227839 -2.0941109301891805 -5.5032021845047767 12.3524371379949223 -0.5466558335274021 3.9197848563371114
158.0000000000000000 0.4342387540627024 6.0000000000000000 10.0000000000000000 0.5437642347360394 -2.0276619173584880 0.8100204007187654 3.4500635524679146 4.1865958072800096 6.1789944749382970 3.4621166178380611 -6.2710796711792716 7.9853564780567794 3.8521592034240291 -6.0815057025422075 -7.4799647883969147 3.6987147092782435 6.4210768945093095 9.5415777813082219 2.0585066737617188 -2.2142689229535319 1.1880703051471786 -5.4029078722316406 0.2494797119141907 4.5801691661810588 8.1284612566418257 -16.9367016185513393 -10.7190075591050853 8.8398578657325508 13.9290440584783433 -1.4038874118914744 -1.3720894199183267 9.3270277833988402 -3.0001026855284576 -9.4390263356378590 0.6148695098163990 0.8179533482166207 0.4782611519226336 0.3001005189523313 -0.1027768385662200 -3.1368565600524825 1.4572529587450800 3.5403880367998202 -2.6074984994190782 -1.4814971555175589 -3.0882890968876024 -5.7200136480680630 3.6802860281998457 1.0220067204068841 5.9467780216437669 -3.5368095481795905 -0.7290798468467885 9.3067690880123486 -3.8056392168277391 -4.6977956618066532 5.4268922944472120 6.1306667938381931 2.3711054977946717 2.7294175044462095 -7.0293565069671509 -6.2334936057665074 5.3656033757160913 0.1949731016652977 3.9698039007184596 4.8007667414536170 -1.2008379691453404 0.5680779254204436 -2.8582628972542388 -9.4354863026872984 2.6273967915825152 0.0377784427504115 5.0091192695683899 -2.2149010594936263 1.3703215719911834 -10.6136616693958530 -2.4372518998862835 6.7420581194277638 8.6071269711294036 10.4847371384441281 -19.4372069431463181 -0.7700560142298162 -5.5435711784500894 12.7950382401043150 -1.1829234643973330 4.4948368523232514
159.0000000000000000 0.4318832057938585 6.0000000000000000 10.0000000000000000 0.5821139389738454 -1.9105871734083730 0.9146308837602095 2.4290073864798867 3.1305806465391872 7.0905845825300888 3.5936824307895048 -6.6621212255375193 7.6559997294504560 2.5677505916155363 -5.4746504283282187 -7.3842659008034843 2.2717332798060483 7.3317560851941952 9.6935492209985910 1.4090449038457908 -1.5097695160777413 0.8912168567516169 -5.6037446566665157 -0.1458172817053382 6.2986708403645997 10.0959655279896925 -16.6384417134036973 -11.6428486529060695 9.2384888550638440 11.9556830209839315 -2.2485578135871092 -1.3491925077361775 9.0815184682658021 -2.4215057316404076 -8.4761096795114366 -0.3714706773949212 -0.4898461550575454 0.6688549796681781 1.1305865309511693 0.6153017899437467 -4.1313209975853935 -0.2463643216711670 3.2915846528828618 -1.3546660119404665 -0.7254299071407870 -2.4540540344488369 -4.3288740189208710 1.5852553556728557 0.2675946059218896 5.1168540165705556 -5.3640569243416634 -0.1553579565406050 7.3106241632758771 -2.6464353258755673 -5.7720848518484242 4.8360585832742640 6.2780269571294909 2.0951523575776685 2.5495807769394663 -7.4716040172730969 -7.2692279808361455 2.9876377198510289 0.3232657772632825 2.6369063048026034 4.6263120250642373 -1.8882869674867020 2.9772885980553587 -2.1451667630324680 -10.0985274978850565 1.9540919326594985 0.0625211941730713 6.2257834499427958 -4.7210284424730977 -0.0896679666382814 -8.1498067438133255 -3.1195223391813265 6.0527317832355827 7.9960786815758764 12.2463881042537075 -20.2753940083137110 -1.7337006312471130 -6.8051434738440806 12.1300836615774230 -0.7526312179182989 4.6686212207138640
160.0000000000000000 0.4342984387631652 6.0000000000000000 10.0000000000000000 1.4247162612721533 -3.4316355425657799 1.8381259776796732 1.6156690417873520 2.5347527544955311 7.4754103817304003 5.3588182370888493 -6.6248704099715363 8.5201620297326564 2.7484307041238640 -6.6923840392692213 -8.1521367334433581 2.4124309702338658 5.7659536767929982 9.2220068508367277 2.9860217252347430 -1.3585036205783032 1.2720387846129331 -5.7008214778626183 0.1264068582262371 5.7937813520582084 8.6181025319040625 -16.9978393450152367 -11.8569133121554700 9.7720475607678310 13.5503855959045652 -3.2640392463071777 -1.4437996600981868 10.9498907669575907 -3.9593361512261738 -10.7908786290680165 -0.1910843643287261 -0.7574157146177081 1.4242181689800750 0.1446616901712217 -0.4644464292797661 -5.0185384209978219 1.7419166407141724 3.7994066553971741 -2.2555948781495694 -2.1070834069981079 -2.3985021029419280 -6.0790259944775684 1.7737502342824842 2.2905877194201922 6.7809280913929895 -4.6777221069851187 -0.9655664009315966 6.1727052058394403 -2.8513889236394183 -5.7193085352329955 4.3863817410668346 6.1330850273945936 3.4240857469108290 1.5364726582617443 -8.0430281586591690 -7.2002654590391320 4.2824167368261890 0.1120820763641727 4.3122022609901460 6.5104636843282844 -1.1667536828112564 1.3686044010701532 -1.3667221102403393 -9.6815985414439929 2.8088367625981654 0.6250322145010281 5.3684132583891877 -4.4442804448168260 0.7071212402451210 -10.1597345354883988 -2.3603706730354785 7.4696507742726173 9.3331954265261992 11.2704662273174758 -19.7436391526355628 -1.4330368024501348 -5.8900732508812776 13.4038305293882374 -1.7460917729042873 4.9461689286500432
161.0000000000000000 0.4338779739704947 6.0000000000000000 10.0000000000000000 0.1373927642244444 -3.1908913334119573 0.0479149211343337 4.0713877001131138 4.2527757716311445 8.0421182208882342 3.7333273100720037 -5.5773513966867263 8.1290305299234120 2.2474059913656022 -5.7613669648301871 -6.4460677688846690 4.5061879262334914 4.8700610717365498 9.8176732675231442 1.9182573763057686 -2.3679597379728810 1.9293734655051622 -3.9311042918564318 1.7286917936721480 6.3891021918588935 9.5618914773349442 -17.4203563914662460 -11.5556215897232484 10.4750019717903733 12.4333911740269105 -1.0445081020649336 -1.8991954440660539 11.5889065980830619 -2.9908725031663912 -10.4178803371994846 0.2408677709149344 -0.3844806217280077 2.1720528575181932 -0.6442627324516829 0.1139525655547292 -4.7082381057217599 -0.2247610147654921 2.8553270469204506 -3.5051162490436116 -0.7950500908312330 -3.2490499237166670 -5.9796654916871770 2.1984600177988542 0.6555683866751174 6.8232002121636341 -4.5918689119620941 -0.6159207431617072 8.2607380708299427 -1.0847875203585868 -7.0438142688571883 3.7207204158298941 6.8133881403680894 3.4303384668536792 0.9652282150046476 -8.8708720125582623 -6.5287045269161776 3.7526143219711918 1.1601540567642368 5.1153476441714396 5.4114478623975932 -1.9848632846050180 2.0819161604627681 -0.4206731027569020 -8.9373340703189257 2.3251727266551345 1.3926943038555746 5.2815771753504839 -4.2759676793957002 1.2229349833243632 -10.9923088446256223 -3.8446694490898876 7.2713365211302055 10.1358668054235199 12.1442307775082448 -19.9570419174315568 -1.4961422221310190 -7.8197289451600343 13.4367177791603698 -1.8178671222483285 4.4597733968710038
162.0000000000000000 0.4261438716680500 6.0000000000000000 10.0000000000000000 1.3746743309813008 -1.7547066788554728 1.5008966503129368 2.6147077572765229 3.3543032540441846 7.2872907963136155 2.6332652890435186 -6.2728768712768996 7.9940008657712456 5.0517632560177965 -6.0593836271445376 -10.7679296215357514 3.1252500716960809 5.6446072184413882 10.0482224859487737 2.0312459851600728 -1.7812997873528891 1.6701731721284947 -5.2074182415900427 1.4956837006786150 6.8446710650200560 8.9527833451950372 -15.5584188573936935 -10.6538886351968145 11.5253957613968687 12.8093238122481416 -2.5377486156145670 -0.4750220196058519 10.7809314981892808 -1.8156063283041690 -10.8637640444445864 -0.4128840261170616 1.0164862152771059 1.1696483419599866 0.8877544439647365 0.5385813789610363 -5.0810002531954410 0.1255571592413322 3.8736609136975053 -3.2575020582108389 -1.8748456345029878 -2.0798938521842381 -5.7626885267826244 2.0028438266076143 -0.1795181012308980 7.6006006284168253 -5.2616221164519885 -1.3003950125246400 8.6873433857907969 -1.1910799247990249 -6.0091934236313769 6.8808242906569639 6.5338105599823590 2.1334199455952696 1.7136429458345437 -8.6688415637594147 -6.1589633321006794 4.1621658701428892 -0.7728355942881681 4.5899541344697647 5.5608389200851489 -1.3751048823526069 -0.2410917282704927 -1.3147135923009143 -11.1138648190991205 2.3518690125183452 -0.1476880773074111 5.6177937197188168 -3.8898757165047897 1.1149631847399999 -11.6153007283233602 -2.8941777331135841 8.2890348248713241 10.6240242034634367 11.5457416686420373 -20.5971612837211602 -0.0449005655223563 -6.8950792519129704 14.4258963918837519 -2.8256102264225680 4.3373032811548056
163.0000000000000000 0.4234966284357295 6.0000000000000000 10.0000000000000000 1.5832397220417764 -2.3057859470068087 0.3133931319687497 2.0530718056976465 3.9063553342285973 8.4592020900260163 3.2116765040339810 -5.0795633965220865 8.5269254158969492 1.7648608314515817 -6.0418893908739300 -8.5702438540070816 2.8638369486299839 5.8889385513298382 9.5731822415596213 1.9351975628425551 -0.9631632490847875 1.0750504621673937 -3.3437634906811144 -0.7693219170403548 6.4190786304559539 10.3433898293913149 -17.6280399994751669 -11.0536857979695906 10.5983297040433015 13.6907709420126356 -3.0192959322825521 -1.0311102831555552 11.0109782104734908 -4.0931453041252199 -9.5126393355264014 -0.3088371204123508 -1.0250627653626809 2.0238824547384979 1.1335242020966028 0.3184228692433775 -6.0956916349850676 1.6221699053611427 3.3060917454832586 -1.1257582870231022 -0.3496240138846114 -2.8774439244043197 -5.4181639332595601 2.9180046676196367 -0.1251956457705847 6.6389471228319614 -5.7282099741970383 -0.8532645640273215 8.3405174555768600 -3.8718637855039115 -7.0697800985582200 5.7284847720723571 7.6918282388389754 2.4526409388616992 1.6239657273750043 -9.9209520229922372 -5.0449994446952182 3.5366538477741529 0.0774208666975264 4.9828010130708220 4.8754466275807333 -1.2892089591208560 2.9602868673412033 -1.6518533892323299 -10.2951953929152449 1.9186064606036912 0.1110156326454587 5.6990399580952449 -4.2027720728028903 0.4737068468911231 -10.5727539598174030 -3.3258087466430268 8.9363806744703478 9.0087239525233898 11.6290933041893325 -22.0919240204612706 -0.0793373084960929 -7.5882759205902328 13.0746029738166047 -2.2752674118165910 4.9080706936079981
164.0000000000000000 0.4295998651104960 6.0000000000000000 10.0000000000000000 0.4495168319789296 -4.1965466817290888 0.2542153024044920 2.4805219928303166 0.9373087708168617 8.3676626651873285 3.2771404803308832 -6.3403068005765197 8.5405022995678941 3.4033520656847398 -6.4237268366454359 -8.0469797759146289 2.5331302295641138 6.7817274397972902 9.2858953715690138 1.2809467097824054 -1.4606141602454219 1.0428668148022111 -4.1121236836606512 1.3301162840964000 6.7399005173562365 9.8230997946212888 -16.8460669769600990 -12.1902892140036627 9.6258475361117366 14.0593301959883359 -3.0497247512856900 -0.1230265203488141 10.0814103031204549 -4.2976828014467019 -8.2432508854933584 0.9811823149888644 0.4069737847296208 0.9698127597321503 0.6804969641440392 -0.1191320030082957 -6.3816897856112309 0.4434698167013830 3.5494499970321640 -3.1133147854013199 -0.8218119446797151 -3.2490370377662896 -3.5686385160070611 2.2814696684815887 -0.8175317382594984 5.9381479309246394 -5.6842066522713175 0.1978449777390949 7.1202716131690451 -4.2754727038269396 -5.9080960496313004 5.7337707715324004 4.8513948567527603 2.7183849949299042 1.1009532651105873 -7.6820045140060857 -5.1665743279740690 2.7468805936527656 0.3316990838231292 3.1314806275143070 4.3739590360213123 -0.5014628333722138 0.3921924527179010 -1.0420554673669371 -9.3926080217088561 2.7456102583870861 0.8872892120046206 7.0401040268840402 -4.8317440961002127 1.2891302824312203 -10.5912974823562447 -1.4384711014316964 7.3270550463716813 10.2086508102753335 10.5824582845394843 -20.2515575250283781 0.0223698398796379 -6.6676509616633730 13.9390294594110884 -1.5331526795200197 3.4763616863737123
165.0000000000000000 0.4298005944404723 6.0000000000000000 10.0000000000000000 0.8022447482144626 -1.3555833378318429 2.9362046954932208 3.7839432758175544 2.4536806584438722 7.6078118156410337 2.9465531621892054 -3.7190746508182428 7.6706257408904746 0.5633681608178578 -7.3600691979910202 -9.1699200870465134 1.5971559013997796 5.7210354024063337 10.5356757693377752 1.3861496697288578 -2.3180316517543273 2.5159917226935318 -5.4020773793034396 -0.0013593667872753 6.6133683072202807 11.2582384950682250 -17.0112606344506361 -10.7381603955707430 9.3407245931708207 13.9922633636115741 -3.3343547093841246 -2.1100892851810977 10.8308277372888497 -3.3255728233608202 -10.8099941346120847 -0.8876385908690950 0.5984315095400508 2.8475880116553309 0.7625048999856588 0.2744611449865386 -6.9605397250887284 1.0210431468055901 3.9531418568076293 -2.7029785171559815 -0.3739833604852126 -2.0406009920788954 -3.1688826688460816 1.4254939289543342 1.5322000455809965 7.5808495732907506 -6.1716903009463033 0.4470797553311299 8.9430647148356393 -5.6961917822774888 -7.3204501613864057 4.7542978726350569 5.6349469931244585 2.6277646702536677 2.7314266406935888 -7.6594529198924324 -4.5920324382067408 4.0841003232551749 0.4037415340453875 6.5659438600998641 5.2499948494666615 -2.7270924702367942 1.3179370310009901 -3.0102254686710812 -10.2565642247016164 1.6663136788302926 1.7877762866018354 6.6344884644211062 -3.7747972176109919 0.7521489383903354 -12.5708591720168528 -2.1434987073383911 6.6438039954973132 8.5183700980037091 11.2588290145866132 -21.1514073776802114 -0.7916436808312993 -6.6124928130561118 14.3579501411840287 -1.7176733197380925 5.4854373446347688
166.0000000000000000 0.4244452449908708 6.0000000000000000 10.0000000000000000 -0.9745197929529553 -2.1219106246564552 0.3036797524350295 2.4005599502685353 2.5651012190605562 9.2254980999337359 2.2895303985924813 -4.7416064909470190 7.0933885347131040 2.7079233069698359 -6.7651706422492195 -7.4257430010733989 2.5486870349172563 6.3314587897958141 8.7305699301868103 0.7397335933820851 -2.2616412796614975 1.6078091287140062 -3.5838481885781528 0.7120448560811405 6.2985749640290916 10.2388040878448408 -17.0471016079815598 -12.2797170770302237 9.4472762391754621 14.3719991008556569 -2.6190650411590943 0.0145334000875539 11.4412639113911787 -2.5063031868172336 -10.6820443293392948 -0.5857498950353430 -0.5668577877076977 1.7428625210374755 2.0386706386642435 0.4882956586536172 -6.1537694391049467 0.1531527651983500 2.8873420210001788 -1.1353759655411171 -0.5003530388927926 -2.9223840908783929 -4.0230970240569519 1.1521474473850937 1.0685944927820072 5.5663857682213145 -6.2559710688024577 0.3614292733974802 6.9236975645381307 -3.2630954999861297 -6.3882069512608686 5.5242421720892176 4.8905871954747937 2.8863429403664469 1.3964747195560174 -10.5195820291131774 -3.9951162642376685 4.1267584609438330 -1.2134660979056657 5.7600566436836482 5.5512856938097217 -2.9592576816090395 0.6517320179946973 -1.8983855323743417 -10.4933506563987802 2.7103400256730033 -0.6221542681808768 6.0577885099701803 -4.3251968563543803 0.6349322123185590 -11.4026696764817892 -3.0821826225941660 7.4057623263712511 9.9398815778525424 11.8006370091474402 -21.8905634124927317 -1.0538990362441658 -6.3844222828673916 13.4628627984310043 -3.6285798638695486 6.0857044685816728
167.0000000000000000 0.4196944151182342 6.0000000000000000 10.0000000000000000 -0.0384433412479579 -3.3736535043926317 0.2773594798735669 3.6164053612425326 2.2387657567457602 8.1099610261187571 2.4440957408390189 -3.8038234803043789 6.8525184912880555 2.8326809184565422 -5.9979823587344328 -9.8959942801698766 3.1992763884370348 6.3791496768740625 9.3185476492800099 1.6472479210475419 -2.1307169591439563 3.1512767605420118 -5.4240039927681547 -0.7051193820657820 5.2889206362586556 12.8792199083448988 -16.7688044690569740 -12.8596002224350521 9.7634925132729311 13.6343371398690678 -1.9084727635113536 -0.7361353427468255 11.4209466479596600 -2.8972956128163734 -11.0609302964910619 0.4047892384636220 -0.4607058745277026 2.6918549220155308 1.6083572041469938 -0.2181201590262745 -6.2670665827876668 -0.6935463571672743 2.8097442516095135 -1.6658877506353182 -1.7128014776846348 -1.8302405165608171 -5.4451278062500643 2.8947205669794669 0.5481532184160621 6.9197750327104588 -4.6088687910508650 1.0373155834931698 8.0833444468481446 -2.6107547944077680 -6.4065940704763156 6.1374858308988243 4.2249174681555086 1.7242801157342753 2.1148518616511440 -8.5160249823303253 -4.5859190129612726 2.6432046139927712 -0.6397489217371847 6.5597834324050170 5.1316115662055832 -2.2089135425483297 1.5211183208575538 -1.6873871568112084 -10.6529784825040892 2.8982404352872129 -0.6337149350748420 6.7292817370046141 -3.0044556498029849 0.9074701301846317 -11.6559963198022700 -1.7539031208255575 8.3965111246891393 8.8432325193448236 12.0930875090187495 -19.6307042136664904 -0.4870029065986174 -8.1405725709310826 14.0210485925064123 -2.5155946908803943 6.2173104345502406
168.0000000000000000 0.4300629444273717 6.0000000000000000 10.0000000000000000 1.7191070841287732 -4.3663053543660331 0.9216401569441820 4.1953408595223509 2.4171500792422518 9.4274186279956318 3.0455168594855868 -4.3730772224978329 7.9518012931061808 0.9893509995908388 -5.4204507258696335 -9.2893506733411719 3.9124963872797376 7.1473217366487134 10.3118217908844265 2.3541742044348624 -3.3706583864974076 2.5266775897422344 -3.5574507293881403 0.5980601977424622 4.8803256198839780 10.9406246070520865 -16.9329615586826385 -11.3949494133913909 9.9843443594065917 13.1468617238645304 -3.9128342943092811 -1.8600621656953866 12.3235573499714253 -4.3753400551139281 -10.7369287079838962 -0.0880177827524631 0.3336121699451198 2.1268669392525972 1.2275692119762218 0.3246628996262652 -4.2522271802735467 0.5397061849489069 2.0811969827733532 -1.9415549146543705 -0.6451142842228793 -3.1489787170951953 -6.4270670893576201 1.9609039163262125 0.1053330088173247 5.2018643414975205 -5.2087076134137664 -0.0810857728751500 7.9146844191151642 -2.9697251036871646 -7.4239145045437871 5.2906979135276213 5.6359464276986806 3.1027614582988781 3.2537288731609326 -7.1154721561047376 -3.0073773445804042 2.3080766402607651 -1.2319054026375624 6.9000061367464447 4.3503645663695556 -2.5525587363566893 2.4887113232444364 -2.2155110620794130 -11.4063495479781931 2.2124055623453498 0.2680174520261523 5.0468405212260619 -3.5857839469217563 0.8563852941418508 -9.9516790702328777 -1.0800448489195360 7.6824549887567128 10.3928950738480292 10.9820002045344047 -19.8936960793780813 -0.1526327496813973 -7.6094437578074050 14.3315436403371148 -1.7485718380454935 4.0516217951842295
169.0000000000000000 0.4278142007976165 6.0000000000000000 10.0000000000000000 0.1527363127638723 -1.4805092440523304 1.2193719356894115 3.7454857965672530 3.4162849331490550 9.6012858520023769 1.9451640019480105 -4.4511524406971068 7.4554542505281720 3.8001267667559162 -5.1513543856253108 -9.7182950025758057 2.9247496624554468 5.7765904641798649 10.9729808017227786 2.5399641367837615 -2.4387812981332573 3.3219840618024667 -2.6507265776846194 0.0873759223612642 8.4957350351310890 12.4288370564219957 -17.3175347156997397 -11.9840751416353193 10.6129165899248612 12.7742044087415572 -4.1594606596951227 -1.2457374811362152 13.8655407201817269 -4.0968485961440093 -10.9458300042679841 -0.0941695235886164 0.5954191650322341 2.1554971575817716 1.7139255572617658 -0.0545103520120520 -7.0777306080889133 -0.0796768320336730 3.0431785212834228 -2.0736264406937375 -0.3223757476726152 -2.7716907068359640 -6.3211680598144540 3.0252593177776888 0.6019353898618500 5.1761180204074710 -7.4334368592554974 -0.8151943616093836 8.9133511891665549 -3.6018552108817321 -7.5687303575305362 6.6160124903931603 6.2414896626906691 4.0314555801697152 2.7739556602494213 -9.8409401332091537 -4.7914087282259512 3.5074378374641153 -1.2490071779241738 5.1220338865622477 4.9786309645553910 -2.4459649308512117 0.9995106005772103 -1.7861117635462955 -12.6255941403924616 2.8114742620036459 -0.9374067318946036 5.5900521721771890 -3.4082707979113178 1.4327916684394482 -10.5181904088691311 -2.6757524461487199 9.2686571514585694 10.9318390196559143 11.4982094579117273 -19.4920004691727975 -0.1172679240463168 -8.8470960502399141 15.0871064780368886 -2.0641426224831982 5.5012763889325687
170.0000000000000000 0.4275979786646399 6.0000000000000000 10.0000000000000000 3.3139480838481319 -3.6494970929582324 1.0496721189813427 1.7235924777542344 2.4709914238316930 9.5741765163030266 2.1568015693377607 -4.4375310681546276 8.6580088984481272 2.6945650121194560 -7.8889542617750568 -7.2319113625432934 2.6429355989859467 7.1782689965772732 10.3719931686978040 2.6996842861017951 -1.8288206984663298 2.2994810367719558 -4.6179600446314346 -0.0022972699634099 8.5829345813720135 11.5850616025559994 -18.8918963131101698 -11.7277434063619914 11.3459365834295518 14.2910105171146711 -2.6964182637556928 -1.6929995796620090 15.2435645154056161 -3.6258494813789146 -10.7526450320056615 -0.6638569703813817 -1.0155425822972597 1.4722207603997224 0.6921705131680177 0.6071835048613078 -7.3134256759966885 0.9966526179136084 3.2888437255988712 -1.0144359821681346 0.6738432199645114 -3.0591721502355971 -5.9680066959650295 1.3268243962059789 0.1348245123552826 5.1461737989722733 -6.3451557496320836 -0.1924483398772111 8.6705650432680326 -4.0569620933639357 -7.8019037418208876 6.2524839306925015 7.1743171467857376 4.1338128618733005 2.9450322621958778 -9.7704147110176702 -4.8393145126585830 5.1872649674425757 -0.2440288554713020 4.4309626089302316 5.6487936340811515 -1.8412325162996765 1.3465476627089179 -2.8334109951774415 -10.4470408182925603 2.2429342081132124 0.0567804931280799 5.4818371907494026 -4.5315124684569366 -0.5132173688884532 -11.6606869111378977 -2.6690940006761639 7.2715721862498963 10.1085884179541292 10.5183322355456763 -23.1449431679283570 -0.5141481849223446 -6.7839822224927122 15.4320647942610982 -2.4926725590971426 5.6479580924879862
171.0000000000000000 0.4348662998247835 6.0000000000000000 10.0000000000000000 0.7916884409448686 -3.8808125761855190 1.9710638299163299 1.3377761728032653 3.7132583342968029 9.3207566204947128 2.8930110024511015 -3.2851158690242346 8.0325320858291764 2.3414216806813983 -5.9035198440398524 -7.8643091097943856 3.2805541446425055 5.9491568502458341 11.2942221217817735 1.8205030179332813 -2.7992872717603379 2.4456593476377408 -3.7925348389043494 -0.1920386104741758 6.8728962531257833 12.4395558834457329 -18.7211707059243473 -11.0145761337258694 9.8286593019072264 15.2274808326317981 -3.3057527873503325 -0.3057114359322812 11.9236615828567682 -4.4967826349942621 -11.5692160508779303 -0.4573933652519313 -1.5164421672078718 3.4403114203984453 0.1824530619581482 -0.0078295776912043 -6.8846427660059586 0.1210597139737786 0.8213245997777860 -1.3523885808325038 -0.8699590153002490 -4.5797520114494672 -6.0284156445706980 0.8161022062613879 -0.9104618670460867 6.5173366732826228 -7.0868790360307505 1.2951646388042819 7.4634884475310255 -4.1224780685518523 -6.9238233011988219 6.9035130650014214 7.8546098595192460 3.5862800021659265 3.3526365916023937 -9.8090123131358471 -4.9012541829437106 4.1113158321998116 -1.3284413161325259 5.9791481136942846 5.5353495511031729 -2.0187006601547717 1.5466740608103455 -1.6776813653875431 -11.1998674190288039 3.1693324919810735 -1.0714128613930949 6.5033793999524674 -4.4925466247625483 0.1785878283479907 -12.2069762239236788 -2.0494897243129309 7.8855102980395602 8.4652800096493177 12.8077383482893943 -21.9695071942428335 -0.3252543099717041 -5.5693914797632651 14.9977979489856139 -2.4795017512139959 5.7027575863099260
172.0000000000000000 0.4288592026585166 6.0000000000000000 10.0000000000000000 1.0343125102869872 -2.5183952386562138 1.7740478323152860 1.8411217566494351 2.7965264350047905 9.9458180438542350 3.0220802401813192 -4.9547538080388946 9.7879879274536918 2.8911322912134989 -7.5362208919099558 -6.8361748058225196 4.8173586407904958 6.7118439973097779 10.0394277181927016 0.7761571878154081 -1.2081764949652680 2.4592998270699380 -3.6684851728862333 -0.2403008160505842 8.1771813665249340 11.9931524633895616 -19.3481719687434293 -11.1475692743775951 10.8803029162671230 14.8878486858178185 -3.3143309941489916 -1.1276265253836606 11.6456529381755018 -3.2386516049082466 -10.7714970289355190 -1.7176953145172891 1.1674126388392569 2.5916298360810721 0.4994260911581105 0.8380746927616177 -5.9512271317184968 1.4168671494457548 1.1936510116370480 -2.6076414064939315 -0.4314460410161991 -5.5307122307876355 -4.5557728403120716 1.2432308229489335 -0.8495837631983756 6.1228379574532061 -6.0888190656217933 0.7990533867972662 7.8677899198426786 -3.8403034944195347 -7.2841022511125351 7.4322693959186301 5.7147530344132607 4.0042874274012341 3.5491424383076295 -9.7170822002592878 -6.2570629565815281 4.5580346686103734 -0.4929613297821054 6.5342217850354647 6.2696631980385984 -1.8124087802404842 0.4730268508742850 -1.8867225434189803 -10.2435166264741895 2.0725056266929900 0.0335444916547175 3.6172692225177543 -3.2314984385904326 1.3309527439687465 -12.8115755855997264 -0.3778778421378348 8.2821806635828104 9.2748824202478009 11.7765003518608324 -21.1338286475995503 1.7640506241048564 -6.4724878951745541 15.5087535979847999 -2.7161255805091313 4.2930351531145590
173.0000000000000000 0.4273376924853841 6.0000000000000000 10.0000000000000000 1.0481446709953834 -3.2212579064793565 1.3608116009617113 2.4250689202172091 2.1521418495307443 9.6815039504505265 3.1519240208160015 -2.4830368982753277 8.1718488017689950 3.7071764626926358 -6.6430001031206256 -8.4178052309227578 3.4591118785281028 5.9443764611110526 10.3894431539282870 1.1868269896111294 -3.5478544464058137 2.2456668360516510 -4.0018722730773746 0.9095897757530054 7.1354899770271984 12.0456508004691081 -18.2356544994867775 -10.0741806104554144 10.3174578012985840 13.0343619359831777 -3.3129518615524463 -0.2532129297874008 14.0178896698840418 -3.6155742316405828 -10.9902294894727479 -1.1844130595941900 0.2986698401305971 1.6986871567809421 1.4067779982941504 1.3588009399036469 -7.0828900267667372 -0.5631676159658688 1.6526644003611901 -1.5794298089715630 -1.4934276342906478 -6.7028689948727465 -4.3359768940284535 0.7757717665993149 1.0425270435239566 4.9899400682038237 -6.5019173471837339 0.0635435943131645 7.3726607646997104 -3.9801783244462223 -7.1321287409379517 5.2750071151792817 5.5610988844293594 2.8946044151795940 4.3736201786484541 -8.7871488645846973 -5.1838195227022572 3.7118228910671722 -0.9041189931353529 4.7444089507651235 5.6131004934819302 -2.3264872155653582 1.5091798668696930 -1.4471063999412950 -11.2741702822275691 2.3906187850462532 -1.0709784557443469 6.4354448121848327 -4.0544130087145920 0.3980248211382214 -11.8381818626776685 -2.2991918143047236 9.5592682253891041 9.2753595653173981 11.1384260990482833 -20.9062921342195160 0.6072832295155361 -7.2876268848209742 15.7461341983564971 -1.5820751024348001 5.0349441023874304
174.0000000000000000 0.4202781355447327 6.0000000000000000 10.0000000000000000 3.3854059329928710 -3.8881953687710880 0.8986046126664966 3.3976033727599271 2.4081972965758158 9.8241496230778438 2.7915019455220982 -3.8758967330189873 7.0172869739729657 3.1880497663871683 -7.0151041373626750 -7.8884578047055109 2.6436640603873638 4.4570438456844270 11.8221721494287966 3.1369399947677983 -2.3072819183817046 0.7362638987522614 -4.4977056063285046 0.1708629635457586 7.3632747382816603 11.5669903833909231 -18.6625581114580434 -11.1167687898538023 10.3284680094991081 14.5351950773617453 -4.5640992562105680 -0.7812622245081118 13.3461987645013220 -1.9199361806308159 -12.6083291294177453 -2.6447688423796398 -0.9957668700326076 0.4068576036063019 1.2411638250668859 0.5728075747273513 -6.6732237390728768 0.1118905273139153 2.4989950825163452 -0.9839456063735679 -0.5113521538568485 -5.3226211047576140 -5.5247371327159360 1.9798394311108474 -1.5912478440714533 4.7263882288611896 -6.5731173736122068 0.1599764071428211 6.1073624833218831 -3.4653011999994559 -6.8564119220020050 5.6536436895264499 6.9483850776736826 1.7452611863194494 2.5230879786290812 -10.3803378322395243 -5.2357631704465568 3.6289381572219610 -0.7034960934240909 6.0602597144566550 7.1137828579994942 -1.9526609967574986 2.5873609739675008 -0.3368804162527714 -12.8242809029399467 2.4667169869286085 -1.5940181038765084 4.7386661183092578 -3.5500390103370583 0.4255572992300360 -11.6552508759038318 -2.1571098477616957 9.1528718290663633 10.3765170036237926 11.7366366614861910 -19.7646024578848269 0.2911325307934746 -7.8103746242198717 16.7872589559836634 0.4698354853518210 4.0239422787105878
175.0000000000000000 0.4306129554318548 6.0000000000000000 10.0000000000000000 2.2367639326013262 -3.1180182908296818 1.8796384423718906 2.4338819785858687 3.3742503678937186 8.1982185114955151 3.5247930552366071 -3.7899799579227000 8.0734827663572659 2.6164669646028673 -6.5521138987946888 -8.5838843776176397 1.8790712434170400 6.1854447528552390 12.1355016930825528 1.2576389580325702 -3.7998440722480620 1.8974389247435060 -5.3138643014853173 -0.1536857155587499 8.3728608511473208 11.4775423619682488 -19.8698548462242321 -10.2445490387371709 11.9716456142770333 13.4958212575163046 -3.0186058551146933 -0.5900024374555306 14.6856748525117062 -3.9889260218532128 -12.2912512315367195 -0.6833547407459426 -0.0305993816655628 1.9116345432820867 0.8457019491858031 0.7626297065353982 -7.3038606047369115 0.7262625628733068 3.1716394891761146 -2.9558447922114994 -1.6122744898360555 -4.8645790801949680 -5.0349805862330665 2.4433123579951399 0.6208911077104495 6.7047532405701400 -6.3085344469901754 0.6127350406084811 8.7940903036498739 -5.7850419261046060 -8.9328455947763015 6.4437605061969254 7.6772539894227076 3.5950407416949552 4.6173730927053720 -10.3847028964128238 -4.6859694133973591 4.1704779965643199 -2.0114668177673747 4.9245158073901107 3.8743616820098663 -4.0767972861106587 1.8503091933667055 -2.5653034122438103 -12.1223568717966472 3.5641746141530799 -0.4474993430668215 4.3564250475627624 -3.6230698638195356 1.6340002341050666 -12.5623597006946941 -2.5693107400741315 8.2315709201193332 10.3869122248267249 12.6367502305219865 -21.1506486454477454 1.2713493203444670 -8.8383293166434047 16.0714251911790562 -2.2891979737164303 4.6779368858600527
176.0000000000000000 0.4334458728330036 6.0000000000000000 10.0000000000000000 2.0263802201166348 -1.0368750065854517 1.3724721326251146 3.0153457056199970 3.1299456436600508 8.6010284611560461 2.8712723940702665 -5.9251896504971198 8.8953928906516069 2.4968219583424780 -8.6800775975321667 -7.6560977840206625 3.9690920178833622 5.7070678624978992 11.0482167493944523 3.0287293256471903 -1.1522063675537173 1.6054174272329056 -4.5265346536564124 1.0705872786212411 6.4176230100379215 12.2563830616483838 -18.8198218127562029 -10.7588986557939119 10.4078621368981512 14.9555848148047676 -2.3204659088297239 -2.2995022571661772 13.2457805611019594 -3.4867831883962777 -10.5443695696483708 -1.4739488925257869 -0.4131413455435626 2.9585282361385801 2.1146042006169994 0.8112474702513202 -8.5502345396401171 1.0003407399811437 2.7863520587038790 -2.8441781801074102 -1.2674505586811096 -5.9619104722099445 -4.3093497715166089 1.4471568486848077 0.4997858075304167 5.4331835804827211 -6.6904768848443927 -0.7353470704964764 7.6748937432158124 -6.2745510533608213 -6.9868625259517776 4.7438633352582320 6.1083889244458964 2.6657871920340064 4.1485125061433257 -8.5044093150242723 -4.5376645195646672 4.1415402092392597 -1.4823255316853983 4.8811645051987647 5.9801073036317121 -2.9750071224729431 1.4688544493103404 -2.0945540326810992 -12.5819133960582352 2.6567170001332241 -0.3404915444577895 4.2192896993842623 -2.9810734860489481 -0.1428227036212323 -12.5364313043560234 -2.4028125227525967 7.4095213419659753 9.3535716850759218 12.0555472402929649 -20.7865275059106658 1.7154996309378883 -9.1988184561932904 14.8194536484015611 -2.3397165268228668 5.3887023546552211
177.0000000000000000 0.4242347281472865 6.0000000000000000 10.0000000000000000 2.4042704361125979 -2.5636192017793795 1.2388826589500197 1.4043351985253301 2.4947898246775768 9.1974329268245612 3.3500632177389322 -4.8214532188920547 7.1666674129928838 2.2386868787793106 -6.1373689474613755 -8.1228540321134162 2.0583457748047058 6.5721458469166283 10.7895870271523453 1.0361706561447688 -2.9717991438457250 2.7472837264643228 -4.2690591369144011 0.3575897786312550 7.3336502527657164 12.7555447567049534 -19.7692522128817103 -10.7825944712601540 9.8274128930218740 14.7375425073967623 -4.0617185084367318 -2.0833467455064270 13.5540778310116696 -4.3422699363668489 -11.2081974993667934 -0.1430048803679453 -0.1190472836777070 2.3507552229296840 1.7533854574996131 -0.5464657404366822 -6.4832327833219594 2.3692363310743509 2.2827631602992460 -1.9120770831891662 -1.9487504197897993 -6.0396706405549967 -4.2329125039651849 0.8025763945335178 -0.0460114359541267 5.1012265696779968 -6.1344806220556229 -0.9418675325330673 8.4172487845009591 -4.3276289070071465 -8.7551793746494386 6.5967228022557372 6.2679498595444967 3.7592675391046146 3.8055352001810507 -10.3302450220960544 -5.5140022814701268 5.3794109951931492 -3.0129388462578444 5.0740124000490585 6.2352982792561011 -3.2983434446351492 2.4377111296214733 -1.7069525575417346 -11.9601857794533366 4.7980912063592802 0.0834061197012529 4.1325928965581209 -4.5025176031060496 0.2997001906936561 -11.1175013618646421 -2.5444399720925155 6.7341166784287010 9.3901244569493070 13.2222048829017353 -20.5628239403327164 -0.5561655785675996 -9.4172289822642465 18.0217337515102578 -2.3717699253773183 5.8899064486961086
178.0000000000000000 0.4321881445290737 6.0000000000000000 10.0000000000000000 2.8578271029724878 -3.3697048666060065 0.4513288205777828 2.9328611609753734 3.8443855834919929 9.0945159606865609 2.6319463438705970 -5.0494296498411622 7.6665946784943939 4.6095859968603614 -5.3216051107214506 -8.7308690053116145 3.3871031398176026 6.0478871438157817 10.9014371305101339 0.4503117806896528 -6.3493108633513007 1.6363654817824846 -4.7617490566146019 -0.0753753255664737 6.3512927341106753 11.7882300597020571 -18.9604605747650226 -10.6334472188965066 9.5580386514134119 13.6427439737196057 -2.4151194238231142 -1.6201117072590507 14.0960099886276158 -2.4221925722227846 -12.8176469515908771 -0.0334231584243604 -1.0417412267949757 1.6310004332867176 0.6571064709990994 0.2269908871837857 -6.6432180637102256 -0.5074788447362895 3.2878561931261556 -0.6042033812488314 -1.8845840965174592 -5.5881421904804673 -4.5489532528712555 3.2461473144992823 0.1930332170454968 3.7246930680826211 -6.1060994680115188 2.0102728669717491 7.4369027362891309 -4.7754323038531474 -7.6354421033013082 6.0847982385086317 7.2402409167919597 3.9935077134104064 4.8564261642780053 -9.8283649520435326 -5.5993923055197827 4.2913450971765199 -3.4327494640439369 4.4469550553712871 7.8251149607317068 -3.9298638778685868 2.3027119644317531 -0.8955074788673691 -10.9558601017698916 3.5458342261975195 -0.7400362649400594 4.9636181370157457 -3.3967284243143077 -1.0920709119260106 -11.7733901781856769 -1.7824344812928490 6.8736119030412208 10.2895599745630868 12.7534998771640247 -21.0788028104866605 -1.6144512024993634 -10.3460517951838291 16.8326360805205937 -1.9577415389745543 5.0110415691273218
179.0000000000000000 0.4296511586915497 6.0000000000000000 10.0000000000000000 1.6335196126023341 -1.9069440406958507 1.5672376562374057 1.3082012775507603 3.2111620426502383 6.8405887432957666 3.6223949845637469 -4.1481452495702102 6.4764262659477057 1.3030523258982174 -4.9881136064981142 -7.9757259508848160 3.5011491861723161 7.3026679302296511 8.0118645798923716 0.8194253005547578 -2.3132887282877981 2.4813810348881074 -4.9121101495042705 0.0427746765549403 8.3109494338571661 10.9345675792537271 -17.0098973313108672 -9.9951442993094357 9.6931773794827016 14.3763509219563232 -1.7277102307734840 -1.6816464383721264 12.3128898827785882 -2.5332592728903003 -11.8375644129023190 -0.3148255628047935 -0.2754272196618454 0.8143830410360169 2.8081694062888785 0.6341358622010440 -7.5648168568546295 0.0664734364525025 2.2262520329930475 0.3548420516573152 -1.1375994639475886 -3.8370281415889345 -3.9848299859245553 2.4160057982840342 -0.4684491849254340 4.2368410198720925 -4.4595233631241529 -0.1051159766646281 5.7055343156513558 -3.3062692764183526 -6.4190430569123329 6.9501870244082289 6.9108634591099127 3.4525228568869530 4.4683976747488527 -9.8641215564651574 -5.5357896055552311 3.9326486415840352 -1.4727213775926258 4.5850535871230047 6.0849252052808520 -3.6211900883700738 2.5466963825885043 -2.1784430366923564 -10.2627512200694575 2.5167028417596362 -0.6830669466689390 5.6706540810631605 -4.4651041217302021 0.1343361922087213 -10.0502336962788767 -1.5146897689874232 7.8585606295094008 7.5686522496655773 13.4901640802131357 -18.0267766848802893 -1.4569367570960143 -8.3651158792775462 16.2106307864865187 -2.4647846312847914 3.8682752604289901
180.0000000000000000 0.4287574599485255 6.0000000000000000 10.0000000000000000 1.3167600818225635 -2.5335837242572432 1.0026374983690527 2.6457336900695889 3.1416636894780954 9.3958760663840497 4.5483680380340328 -3.2787316421453796 8.1938678992634681 3.3373828861187484 -5.8703411498860678 -8.4597830590293164 2.4496692498405865 6.5428532180386396 10.5744449880183904 0.2537492294216993 -3.9254986168980666 1.7215578578353981 -5.0303247103179460 -1.0191120073033628 7.3516793671363150 10.6623207679964427 -17.4510342150196678 -9.6420425426192171 10.4018369417669660 14.5413679013760753 -1.2744572472256168 -1.7105638046012901 12.7466097811243522 -3.2314005918260791 -10.9725008371767601 0.3973821383692130 -0.3832621279605632 0.9714677380961754 1.6024275568227742 -0.5062444252689877 -6.8539942736039849 1.1537818815896923 2.4390195864164839 -0.6415739687200648 -1.7093761854673013 -4.6601115837387281 -4.2393119756408320 2.8440372513662933 0.9267389936105775 4.6966130485598772 -5.8102574258239148 0.0348762116807102 7.1539952824123754 -3.5652565199602755 -7.5695960982172856 7.0119517871026824 7.9593535200725700 3.5288871545442362 5.9922730601922005 -9.6275273519694728 -5.7277253794449328 4.1458930679446269 -0.8362186678135072 2.7608609701346252 4.5598172443724838 -3.2834353326302224 0.8509117162050057 -2.1890971574068647 -12.3945912045134516 4.2968389692588413 0.1504795757828991 4.5931396875991037 -3.8096622978542634 1.3982681648038411 -10.7526258814737581 -2.3009534558502365 7.7096764608551451 9.6530523430325132 13.4396764375490498 -18.9000809803199985 -0.9969216775674163 -8.8289274450610495 15.1301664598144452 -1.9295954881264625 6.6710414038812189
181.0000000000000000 0.4270977021566424 6.0000000000000000 10.0000000000000000 3.9307058344307961 -3.0505321779511272 0.7457756902144694 3.7593873498614290 2.8037545787883009 8.6964966465912159 4.2785569317603001 -4.3888602635336413 8.7998390464805105 2.5940177363574692 -4.1535296761298470 -6.7738349291472213 3.1353425509601069 3.7662672556881254 8.6573056121987513 0.8092440209000459 -3.0451866704848514 1.2520647473110342 -3.8427120054437047 -1.0060318857942891 5.7147674833023299 9.5535583008542933 -17.1409660116406144 -9.6010909847815071 9.7316879651403170 14.1277906976614389 -2.4979779204277772 -2.0675980644963512 13.3096534209313369 -1.9106471197424444 -11.4827877586994447 -1.1842655179605104 0.3961864991794156 1.3709725264982424 0.9788494056823284 0.1987775277156792 -6.3216434724871791 1.9439947724833453 1.8024431738950586 -1.1291193820166026 -0.4128415486759764 -6.0318181581053967 -4.5616411903533205 1.1505439216778255 0.4888333706660979 4.6767354564693484 -4.6533522247156345 0.8629804671769933 6.8224298352578199 -4.7377668522428298 -7.6598504979619122 7.9942776984487374 8.2110775249974139 3.6593520859767854 3.5465852206855333 -8.3342654761415353 -3.7658132272517877 4.8890716649770569 -2.4970208386575887 4.2540821867619165 3.9983704033132610 -3.4721169191331160 1.1606848455374328 -1.9479482575890246 -9.4833322831775604 2.7490365325638488 -0.3565321917203440 5.2339602116386397 -3.6640226509361509 0.5382189454448164 -11.8315415978342457 -1.4527277299381482 7.7971468896357834 9.9766897049509531 14.1557028162646912 -18.1400012512593740 -0.9416569866593932 -7.3502284876633155 15.5124962966926478 -2.5437889663548541 4.5169547206788936
182.0000000000000000 0.4260270571780074 6.0000000000000000 10.0000000000000000 3.6196025821164111 -3.5235901418609084 1.7239588203390870 3.5646828335484999 1.7827949189913594 8.1165673127354747 4.7725457682482189 -4.6803505934765388 9.5316210288803980 3.9627604426783396 -6.8181043862203357 -7.7771503252095489 2.0930595858996588 7.6720303054702965 9.7028858943182232 0.0685347079181061 -4.8951132599058624 0.3420378749643533 -3.9395120374136106 0.8656301989058334 4.8415964294533129 10.9883920019466643 -18.3378716870446219 -9.9950931414817124 10.5160576347327712 14.3088254941485875 -1.9450694093553356 -2.3583331910842760 11.9325294348658701 -1.7610194578628313 -11.8587547373120454 0.0704968482097197 0.6914874145286285 -1.2454673024926024 1.4168553780446262 1.4573436308934786 -6.6797200554591329 1.1923440767824280 2.0415471048312019 -2.0193727360552165 -1.2126206100557055 -4.1581675461867089 -4.8591748392878600 2.4835821612884454 0.7396233771489329 3.9631224473278759 -3.6629054991660630 1.4708483724503829 8.4875038526977367 -3.8936262078093522 -6.5331002809501211 7.3182098324645830 9.1452196352218280 2.1215784523998571 4.6819929009950707 -9.0988545142331567 -3.6215569762309086 4.9272169793702414 -2.1003339527323250 2.1267877241450486 5.5260447359948941 -3.4667527040310140 2.7883905564517519 -0.8805808039051390 -11.0258788157521455 3.4158842962147773 0.9305085741380312 4.3675531866046562 -3.7513089542892581 0.2752515972806233 -12.5541160277574981 -0.4368657003896526 8.7551541464047347 10.2509549857654605 14.4296688806924607 -19.4043783842634383 0.1812370510301389 -8.2959919623799792 16.8062026532105477 -4.2512560425312209 4.7735975167243279
183.0000000000000000 0.4226966744053949 6.0000000000000000 10.0000000000000000 2.0321887703068207 -2.9580159907961874 1.6792091810199319 4.6044438619474972 1.7941480100593443 10.4684881487543286 3.6594462436432895 -5.0081950142475771 7.7710470193996946 2.1413286277975891 -7.0397097175422756 -8.5114340981937087 3.1650023387263437 5.2704537090893151 10.7255225333707109 1.0380251317152493 -5.5806901436296137 1.9589055469298005 -4.6052694689618461 0.2758934518265343 4.8693834326848400 11.2524703684295631 -19.2595225916156636 -10.2566712708031460 12.0788259893199061 14.9897715991169083 -2.7814902832943034 -1.6700311057836825 13.4740681994434670 -2.2568558089236426 -11.0826157496357229 -0.6812529775201192 1.6430574164078291 1.4778918286991503 2.6331596102697352 -0.4687422160453072 -6.6258830962972191 2.1316534548463242 2.4173087312750243 -2.5691119103448110 -0.5218521329869162 -5.6814310594521835 -5.4272704884390714 1.4292358364995907 2.0876755084328220 5.1861565544182167 -5.7028284951098467 0.8686026447558128 8.7234158641399837 -4.5060319953065342 -8.4847306248373489 7.2228686310374171 8.6301526654078948 3.3163540845515009 4.7050052305284353 -7.8851463218736315 -4.9434105222782456 5.9460834798586486 -3.3134393295412021 3.0798801445905859 4.9724068492165010 -3.2059332681767834 2.3770208724677970 -1.9721573920186040 -12.8713113041984215 3.7171242523707577 -0.9669149710476197 4.6724185156891220 -3.4862125951057701 0.5562805644854942 -11.7800084693001139 -0.5706242921244959 9.0720600516208680 9.7140615532719981 14.6885632485518904 -21.8531494163404290 2.0176818854301639 -9.1802273133619572 16.4998011292401578 -3.7969973201708767 5.4033703319572037
184.0000000000000000 0.4322085430996602 6.0000000000000000 10.0000000000000000 1.4185477335112255 -3.2840414038212509 0.3527596539743051 2.7880309445239151 2.6840934857950240 8.8946660242344358 3.9832380988635232 -6.0150943542592685 8.8071514684985708 3.9177513743294430 -4.0596690228156165 -6.7022185951973654 1.3315971021278274 5.4151173452525514 9.5241007538295612 0.5577744352454763 -5.0374116989972961 1.1166036199078202 -5.6991866430595399 -1.3291105207905496 6.4807883509245787 10.7971147172912509 -18.6596999514526800 -10.8430768436974549 10.2016173000681807 12.9168968460113547 -1.5658830095879226 -0.9735568874867960 12.8025031611656495 -2.9758388701259877 -11.0779394961173132 0.4092271613211491 -0.4998210948687790 1.0064061785922269 1.8024425064503913 0.8962883987923831 -7.2905613832071587 0.9742503668322412 0.0098796826225338 -2.5090951051605335 -2.0347912779896355 -5.3160067954461869 -4.8120807453804764 1.8955673718887949 -0.5037317391077372 4.5897431014536743 -5.1860955216410032 2.5275295562863302 6.6177151790933211 -4.3190696772208454 -8.1916850456479988 7.6149750511063026 8.1105238365175865 3.2864638406678064 2.8570990001815200 -8.8433142379716170 -4.9301008415006251 4.6867604101917930 -2.0015417535603857 4.8878579638541453 5.6154188605346551 -2.4905494457200872 2.3694607098197080 -1.1356902484447169 -11.2196721800025649 2.6997873110149300 0.1027652615709302 5.5007658869931157 -3.9875532882196132 1.4913356528346646 -10.8016371004654115 -0.1111396575256173 7.8403337010895804 7.9382198618693174 14.0534551948842275 -18.3456986939307747 -0.4903497752496965 -7.7513410316895879 16.5015332476921159 -2.9728262268077255 5.8824726649863051
185.0000000000000000 0.4265568213010493 6.0000000000000000 10.0000000000000000 3.2494640608044625 -3.3042288304116298 1.0820879177695755 2.8523204642307292 5.7123157096256643 9.3684202207289555 3.1254118233866270 -3.8359277027882195 8.7069281568279120 3.3507596793156886 -6.8639208693955061 -8.0152452689456091 1.9781391571170568 5.9613408277901652 10.0618918797812213 0.7193083189330773 -2.4718505510925839 2.2000693631905257 -6.3532371812526858 1.0828223924331899 6.1278657460597286 10.9934035078325554 -20.0475498966237708 -10.2090368381972940 10.8255694597134955 13.8082224265129518 -1.4665724218472913 -3.0539561655582776 13.4983176876130209 -1.8321010732499949 -10.5359386324229103 0.5535076528735516 0.4036003486511609 0.1600720941500510 1.5755621814356393 0.5539592763655532 -7.3475067311554518 0.7335828984012746 2.5335034305560225 -1.8796871391290677 -1.7114523618100779 -4.4729726559048650 -5.0152198515100270 1.8400395186328629 0.0301634337262695 3.6473917647698078 -5.3082461678650548 0.2212571602334414 5.8814285268538713 -4.1204904603662635 -6.5136001371400614 7.8521431866897622 9.4003614887213640 3.4413431479658696 5.1476618045137199 -9.7513104437004507 -5.5463558491962681 4.7984155020148931 -2.7668480167483041 4.3811152220348486 4.7940091791684845 -2.7895278524457274 2.8164307040208691 -1.1236824641164747 -12.2960947265447089 2.2689005947589203 -0.0934490930391442 5.9544493086456214 -2.6510565268012738 0.0698072948039872 -11.1040754900238774 -0.4650315722965413 9.4057799915211042 9.8924099840286033 12.6757687700557558 -20.0972823135672414 0.0287095625183559 -8.5917409007353687 15.6302620120712774 -3.5078657608937092 5.3109683713884568
186.0000000000000000 0.4240122293431469 6.0000000000000000 10.0000000000000000 1.7815356229271440 -2.0736745726163726 0.4363989865974174 2.5717627001934322 2.7379237352425205 9.5770162853135030 4.1503843943982028 -3.4097372816604903 9.1945904894091157 4.0327242807995765 -6.8481315946646921 -7.2943418922682550 1.3173524828658243 6.2593617151862428 9.1872452825637527 1.1080139855992555 -1.5884669095659449 1.7103279023426055 -4.5546994474822151 -0.9490039524325391 6.5576656237295854 10.3087916255782108 -20.2379393432353645 -8.7443740636747993 10.4149947922728821 12.9703773441476748 -1.8419913900558891 -1.0151625118996617 12.1802192962056335 -0.7105722327715852 -11.8429082744030314 -0.3018839123086480 -0.5902644982965756 1.1418196661085589 1.6906262040874567 -0.0730430326555044 -7.6342474190117082 1.5688326960025987 2.5752622357473092 -0.9530805000368334 -1.3597138898734658 -4.5393131200758505 -4.1656416949682233 1.2246174936658065 -0.7602975086882847 5.6778186669090704 -4.7374195394037271 1.3666007991523312 3.9600142477566802 -3.9166359808533140 -6.3341239252641710 6.7518621571802582 8.0915125706096678 3.9054052116161246 5.1090137297647189 -9.4546563043338523 -5.2784991598980131 4.8986025968942268 -2.2394316764239810 4.3532896025184664 5.2101164890816918 -2.0367943368787151 3.1060944535247632 -1.5037420932234036 -10.4108820642888951 1.7749321579186783 0.1386368156672825 5.7460950694134478 -3.9082473857548519 0.2729558417608735 -11.0852502693184345 0.0791989899632564 8.8503371428199351 7.5692560218484433 13.7355720769074487 -18.7708390705935706 -0.0412046288096077 -8.2534152904381859 15.5024952299801946 -4.5215265312821158 4.2868245777398890
187.0000000000000000 0.4212802564331468 6.0000000000000000 10.0000000000000000 2.3840621282365984 -1.7192758017211869 1.3271553862888770 2.4671092306749980 3.3933842457142487 9.5202510684210662 3.0716639785193980 -4.9863936725599709 9.2683976256341278 4.0147988715717018 -7.7684789557330758 -6.7682430242999922 2.6048276936865737 6.3193046510576236 11.6618149405344624 0.2086866900196466 -2.6961516756593076 0.7658058778547878 -4.9303887535914095 -1.4384187292561139 5.7319709375234851 11.7748860974823888 -20.4463471533338499 -9.6168952429737633 10.8618789421492075 13.7560969863617366 -1.2643609021246154 -0.7341834201645651 13.8714035054155875 -2.1153151638174070 -11.9559106562629296 -0.3145710286907148 -0.3217431818585482 0.0021493211152530 1.0973918801646199 0.6147419017850181 -7.5571954109521240 1.6194852634251211 2.2896158534805906 -1.1610275522821556 -1.6453345253934324 -4.8275685263513548 -5.4232810124811959 2.8144072204860477 0.4835462227084641 4.9931473382589102 -3.9740758712558879 0.1669784343273385 6.9726483654992109 -6.2071865671986304 -8.5834375436628889 7.8860116898970691 9.1979960116811448 3.3264684164145453 4.0547500009845248 -9.5887508093574905 -5.6372544863207583 4.5030071395070532 -1.4819250065057754 6.4542939684088356 6.9951923383450580 -1.8345342764654848 2.2395823105481441 -1.5539209207440889 -12.2772238568517977 2.6416390917937398 -0.0562006805167210 3.4992492759735709 -2.7052001827898042 0.6681736114378261 -12.3461597490297095 -0.5084231991106638 7.4433547216282951 7.7647927159930097 12.6019338984558917 -19.5985848628022090 0.5617490613311353 -7.8798394212271106 15.5489891309112132 -3.0992552213043298 4.3249537476487037
188.0000000000000000 0.4255650813729123 6.0000000000000000 10.0000000000000000 1.6513810262644157 -2.7608634128950431 1.8109417886820904 4.5169840123318608 2.4071037863991274 7.8220768728405616 3.0705265459140323 -3.9073895963567078 7.9684117073260907 4.1372256585717837 -5.6360016884514721 -7.4481384955712722 3.6223480585244960 6.0091361255065632 9.4706160114645854 -0.1234483811936965 -4.6576289425019581 -0.2415170734294940 -3.4928807214364896 -0.8915577323360260 6.1260084810853037 12.0047673750419719 -19.2855871828848322 -10.4595880909087402 11.5766581293919870 13.2535505621435785 -1.4812697086046422 -0.6787648891704835 14.6970705860178743 -1.9958290119976736 -11.5884748163025932 -1.5802261467848293 -0.1746040388284777 0.1168895636592677 1.4973036051820385 1.3633182993675437 -7.9048243491673187 1.8281082961109565 1.7528152741556591 -2.3182727450355105 -1.4394479385492502 -5.4514329647568482 -4.5981006391903190 0.7980215198503944 -1.7707212184812431 4.1304148766256770 -6.0388832322145989 -0.7303377259067138 5.2909472610360044 -5.9895091970850771 -7.4546383307000728 6.9578620038531502 7.5971086768965348 3.9362496510365550 3.3973512895449964 -10.0664573072251198 -6.0890448066235603 4.2246804477318332 -2.1437287852693645 4.7274458994870221 4.4791652897608678 -1.4004316398937913 3.5937500237256783 -2.0170875318748509 -10.4536137050968616 2.9362612413682907 -1.7812611260845361 3.7442371294109020 -3.6119592803413472 1.3084739182717737 -10.4776512411364937 -1.4229041883178102 6.4930449807715060 6.9324719779340045 12.2818908159451450 -18.5960451480168416 0.3800426294293523 -7.3314535820309796 14.3879814578451679 -4.1614394762350857 5.5804578481780771
189.0000000000000000 0.4276559625100623 6.0000000000000000 10.0000000000000000 1.2594552282736353 -2.0060659248286434 2.0056299187043050 3.3601273892446248 3.1833886836715632 10.0476146279293843 3.3828017474292968 -6.2662120593093338 7.5843618199160892 4.3808715272334808 -5.8955051954242323 -8.5581696612695506 3.2328600248065054 7.7174859404915885 10.0105639542354901 0.7662199175811757 -4.0274329610791071 1.2333061050536058 -4.6830893388732955 -2.8937038582372017 7.1099055451900517 10.9534323550276067 -19.5946101024508685 -10.2037369688930770 10.8420824665943680 14.7297911243390320 -1.4417355143023001 -2.6043951278452795 13.4419353593092392 -1.9343502978957487 -11.7912347542927627 0.4257339134400517 -0.0313440669840217 0.9078460647646251 1.7477692977860693 0.1097632250447892 -5.9015458263321392 0.9282928526969677 2.2164610809927923 -2.0542447343432890 -0.8561583895038505 -6.6281212389245754 -5.0375908855218654 1.4280681447635617 0.3881179723167372 6.1139937795110670 -6.4624418894332551 -0.0171087180653480 6.6246454749818797 -5.3511233660472008 -8.5551301913737223 6.7167606639037025 7.3478554959870763 5.0161874106386390 4.8575919089940554 -9.2614744659082220 -5.2353793521370671 4.9799122408672565 -0.9363361993757728 3.6401411948279696 3.9712347762176048 -1.7712403561994119 3.4223253168607113 -2.1981116887096803 -11.3218365846402644 3.8784711905155040 0.2536904407493009 3.6389197155014914 -2.7268449140170374 1.2898424045017107 -11.2218154153587975 -0.1483116587726404 6.6708172890466138 7.4991954777088639 14.0711553324164633 -19.9932147303407355 -0.0305017762285436 -7.5640008091657487 15.6522189482650074 -3.6765565638095836 4.1870466587946167
190.0000000000000000 0.4233144181839328 6.0000000000000000 10.0000000000000000 1.9242293061142175 -2.8958874991352697 2.1777629488888648 3.4682661060733904 2.2408378520173606 9.3484929436097204 3.2120749010350669 -5.2600850518207860 7.3733661127873296 4.4318259850966779 -6.5597570809442916 -7.9669568941827524 3.0092061303931539 5.5614234028446923 9.9543923896314919 0.5031271431119135 -3.6398948432035696 0.2302330203780989 -5.5414273162269927 -2.2609672710495485 7.1880200328062820 11.2046777363844647 -19.1204257886453135 -8.9574290358277313 12.1621375522879642 15.2429897284442006 -2.9429976448438531 -1.2511843827566025 14.2496222591304011 -2.8533578492692300 -12.5010148729970680 0.1242412011649696 -0.3411815590580604 0.9892828643396542 1.7914113141354919 0.4782377795114772 -6.3526112488738304 1.4457736994493542 2.3747689926537046 -1.3566343380338712 -1.1142939256864477 -6.0429837991757545 -6.0979840041018143 2.8152162743278208 -0.1563067136205610 5.9573943856001410 -4.6685021295217126 -0.6962003003877664 7.3917349774243473 -5.9634012208480067 -8.2542193000304174 7.3394534791863499 9.2422572267383529 5.9239212975437283 4.5710323727418798 -9.1411459105766966 -5.0177385943837196 6.0342467083699791 -1.4496976225660838 5.6505651559698320 4.4686634496217845 -3.5358608506038860 3.1168743092508202 -2.7690671863192642 -11.5041066578489559 3.7224149698410525 -0.9054515983800817 4.0886003381961062 -3.7934136978719009 -0.0244918653617514 -11.0204904502385368 -1.9795815793174452 7.7203164431830125 8.1981503634622221 13.6835849370535438 -18.0814203730544456 1.1339070478545592 -7.0509312246685001 15.5890785196537980 -3.7528184452970992 5.3432810752769822
191.0000000000000000 0.4241391630633994 6.0000000000000000 10.0000000000000000 2.0325790164408426 -0.9355522168903907 2.4706742881910095 4.3292070080028440 3.0328282994928482 9.7652579694212491 3.4222768890045350 -4.2111092481361245 9.1200589657609932 3.4462474344406480 -5.3027838787087154 -7.9560371060422144 1.6247092462759665 5.9617367105265053 11.2236647996498959 1.5907344847603930 -2.0683475829239351 1.4486172373186148 -5.0686254425273072 -2.6274760221533131 6.7993966179240033 11.9725789724391287 -19.7285827693591713 -9.0239153922709718 11.9314165148272320 14.4993483829074883 -0.9631838887512101 -0.1131338630698069 14.1746585309107846 -0.6140598821300431 -12.1155051217009682 -0.5307390989873311 0.7840381584459859 1.4542696964095310 0.9021790301544248 0.4275534574525511 -6.6417172147161834 1.9875765382959201 2.1839376742249303 -1.4073979933022074 -0.9269070895668070 -6.4345891296533857 -5.3536914957037167 1.7344672542573352 -0.0890723456255503 5.6347611977234653 -6.1647340561366413 0.1189414728600728 6.0847463044390215 -6.7317597470377937 -9.0333586564788728 7.5496107899629950 9.3046370082825938 5.7030468349930352 3.1463735504185366 -8.9111730751035623 -5.4511897576414530 4.4343407393536545 -3.5836436565871965 4.5348034652223221 5.0188202649295341 -2.8026604391145575 2.9703433358551523 -3.3166730321350473 -11.5768308972299678 2.4157785623648813 -1.0150295971310901 4.6183275327641606 -4.2971333152928786 0.6301454294136016 -12.3376304627740474 -0.5462064434655053 9.3988718190582361 8.3170051599863513 13.2647830673676381 -19.6260272007386760 0.2379429710436459 -8.2948454445669810 15.2379415790131816 -3.3945660606146828 4.3529987141788649
192.0000000000000000 0.4256819471575546 6.0000000000000000 10.0000000000000000 2.5559622698505136 -2.3040356522773422 2.2829965358909243 3.2594306974876011 1.9676735403987211 8.5653342821399185 3.2155458730882627 -4.7328784872728615 8.5211037380367287 3.4657279042930358 -5.7557411672246230 -7.0499941477223693 2.0731852502050976 5.4837076376097711 10.5756396907307018 -0.2811959414362977 -1.8325917340243867 1.2203025049093759 -3.8820459971861681 -1.1072610747473870 6.5888740922398474 9.8486246100254693 -18.1437763445264864 -9.1842840664470149 11.4953815368335306 13.6005334291152380 -2.1069510922471562 -0.3858517093595850 13.4989109123390740 -1.0599259524010840 -10.8544977390749420 -0.0245602928042647 -0.4221380434425162 0.8225504407903808 1.2782342475696606 0.5140911390800486 -6.2355285732376631 2.0758805414492287 1.2231170093102739 -1.0260629805246180 -1.3603328766028639 -5.8362901189087921 -4.4911926759929450 2.1575872933780440 -0.3824298858349753 5.7976789876839705 -6.0254802107298424 0.5412651064146534 7.1395831501033973 -5.7302582713491290 -6.6175432773180169 7.4738072053466107 8.6886341369615518 4.8240282433986632 4.4841359257232636 -8.9246226382955278 -5.2979759067993220 4.8614142244165235 -1.8017991446151720 3.7203908097433120 3.5235511009689269 -2.1173195913794549 3.4733627802954241 -1.8288623903104311 -11.3532647641783395 1.8333744612158174 -0.0893923464918881 3.7138137264070377 -2.9869795611465895 1.2688923023734593 -10.7123648830249678 -0.8746019861703995 6.7251369196412272 5.8964007850677733 11.6174701614362199 -17.4032190988286857 -0.7963611002549700 -7.0726804711137534 14.5419886190114784 -3.7061007867787765 4.4560323893766220
193.0000000000000000 0.4248026560244915 6.0000000000000000 10.0000000000000000 1.5138690507991999 -1.7523697759147772 2.6776039088950494 3.4307887142676043 2.5207155971836741 10.6176127353350171 2.8408996557455986 -5.7148559941529804 9.8992418933790045 3.7102755861142676 -6.1862104481160181 -8.3337644831229429 0.4160096785535277 6.7843444855395809 10.8288399070254915 -0.0532827978054989 -1.0987715804446352 2.0666720232990086 -4.7475427590166897 -2.0676659400064019 6.3612202053724465 10.1078326415812576 -19.4295833992005562 -9.5674971876731334 11.5504446163354366 13.9561325627472925 -2.6096370033734253 -0.1251922623930506 14.6542219505693225 -0.6156598091959207 -13.5749528044320993 -1.8179796714560386 -1.2997536045779101 1.8249231869266436 1.8527507045039875 1.2641746151664965 -6.9064176381700886 1.9246449336810110 2.0577545324791733 -2.3529185018222787 -0.8001686313271932 -5.9069589225474806 -5.8582223806309655 0.4143583608026298 -0.5015355611801238 5.4566553357691516 -6.2955392231813239 -0.1614587455643662 5.6415470045989728 -6.2767470473441440 -7.3535669709348550 7.5985775815395993 7.3256769955734100 5.1562635314504952 3.5647077896591970 -9.7979178581776285 -5.7477460196140200 5.1425815575469080 -1.7980566318307609 4.9748379713542992 3.5107699193516493 -3.5413403648176400 3.3858826684683554 -2.9619076028881359 -11.4601283664602729 2.2594502631025719 -1.0519881170395122 5.2674790716307687 -3.7494456455714076 1.0607171764952399 -11.1666968778641689 0.1076527658813857 7.2949592468032467 7.0163471926265935 13.5807212661944448 -20.4374855223723770 1.0259072923567594 -8.3193040753392822 13.9666540508541956 -3.2042962478294030 5.3238974639476657
194.0000000000000000 0.4220811114660481 6.0000000000000000 10.0000000000000000 2.0744331727769407 -1.5244460367499224 2.3467142408930814 4.1795757130102427 1.8142741449254021 10.5982666227752933 3.2708882774239250 -5.4991675762472489 10.6413369714652042 4.1891509642694427 -4.8072097881094447 -8.5474687483942304 1.8980818865606846 7.1836128287742360 11.2357681122787092 1.3814761754510403 -1.0785046014694943 3.2313481553511134 -5.2456876480718586 -2.4473959741078604 5.4810280936281135 9.7312413136245173 -21.5482570216465135 -8.4184959210778167 11.4544479658585701 14.5452515468255825 -1.3431791495883889 -0.4345253540798312 13.7372183016003646 -0.9082955872223674 -11.9131186054118317 -2.5633212559089524 -0.1703441518671545 1.0678442315416610 0.7427337218279234 1.1708673977830328 -7.3381464169154791 0.8570120180402957 1.7286311384604203 -1.5209725240846257 -2.4847903319093119 -6.0337780453226175 -5.5773540643751476 0.1647246806881539 -1.9353569959497583 5.4144355556041095 -6.5143308466358318 1.1499347712081733 7.0730223189513985 -7.1216490813514799 -7.9227085977950322 7.2738338117282364 8.3942569078288916 5.7246986359182532 3.9197450045071554 -8.6554805494089990 -4.9307014452648374 4.9342032715722395 -2.0324681760095422 2.9204469923624248 4.2863874880040864 -1.5950604771495542 2.3012362800857371 -2.1239538184555786 -11.5512421585216352 1.9084386281784802 -1.3564505929936319 4.0157853239614996 -2.8262232565504117 1.8798214348815605 -10.7543065447875641 -0.5048075645317036 6.9896745040594279 6.2029161804034789 13.4769754751934325 -19.2392612517323336 -0.6765687654958995 -6.3684442111334478 14.7054259991024185 -3.0106781603799009 4.5383646918876606
195.0000000000000000 0.4194959833782064 6.0000000000000000 10.0000000000000000 2.1063457719494183 -3.1524212223589405 1.3689734552759594 3.9049354925197743 0.7514224498346522 11.6744672080161838 3.2550473965057658 -7.6450443760493858 9.8832749567583615 4.9243961533258016 -5.8489656817609195 -7.1523633621558105 1.6623538328984226 6.2556780687436371 9.9304423529235866 2.4185810500600056 -1.6794596747143626 0.4789536494987001 -4.3123543689442245 -1.2260728206561120 7.6028633930133385 11.5123950185325086 -18.6571395446134645 -9.4276333761753435 12.2415873011399832 14.6289705416851614 -1.1296500305610360 -1.2896730358931430 14.6338533542875897 -0.8916247767325058 -12.2534621891186113 -0.3135909437807239 -1.0133157853626416 0.9239466156147559 1.9479661359812956 0.2456363943563054 -8.2258262666427413 2.7313817805593348 1.5166937339466791 -1.1992425665687878 -1.3808243528098498 -7.2384443777856005 -5.9772676144179773 1.4328808967549334 -1.3313761425132729 6.2541040581979424 -6.1250244587500715 0.2831217869680790 6.4952033540181162 -6.7909652727887364 -8.0082635400366673 7.6055683905222908 9.2951167916671231 5.5063319574311400 3.0728506702288962 -9.3474838376434661 -5.8403707309048354 5.8999541678573033 -2.7768500028776755 4.9602482802628174 4.8514856509382831 -2.6178624392842904 2.3197343363116150 -0.7845880566821286 -11.0329397995528868 3.5832636042372989 -0.1459589340413538 4.8087482443407055 -1.6603471083222270 0.9403881635464042 -10.6841994168539269 -1.4025720051956019 7.9733946769216342 6.7584184609666860 13.3449318352879160 -18.9536254698903690 0.6374954061582266 -7.9459817328190825 14.1223687596466618 -4.0349834822611825 3.5338644311560157
196.0000000000000000 0.4207645365045224 6.0000000000000000 10.0000000000000000 2.4054540124485211 -0.6594377379544072 2.0152482659686233 3.8991561576146441 1.8138900575583590 10.4682368960172258 3.2157796550411293 -6.2351611120446995 9.7365284216866215 3.4391543285712292 -5.4649934038975836 -8.6489165480700123 1.4081315660827527 5.4647245441806644 10.5942882228342778 1.2561750836269048 0.1461097837809269 2.2809076227304197 -5.4944717312118083 -1.0279031213270842 6.2287231041612161 10.5304993527866433 -19.3593480476906414 -8.4208159278705246 10.9545479185150167 14.6806445475735874 -1.0576774057035596 -0.6283282978311753 13.4215203029617438 -0.5113377073338002 -11.7048184083863163 -1.4681539355684001 0.2717289913333660 1.1058534222584981 1.5708966440979868 0.1129253942290733 -7.8887741402383869 1.7072049071729491 1.2740661194203238 -2.3391214027434390 -1.7243150677933905 -6.6745040731504055 -5.6535229118387740 2.9599235630362575 -0.9872251468429772 5.9637000180944142 -6.5479058160115313 0.7861372004731844 7.7675474536853804 -7.3701271055034026 -7.2771483849974405 8.5192657303020631 8.3766903301475839 5.3456547361698936 3.7890099678165492 -9.2773472314717598 -4.1357650328664866 5.3987081806466186 -2.6956731576905257 2.9370204923020049 4.6110785689515721 -2.8265301258703630 2.4519317156650606 -2.4679142190245731 -11.4239113330459006 3.6328259156057925 0.0917022717735495 5.8404226885466350 -2.9366342184089653 0.8790560558243384 -9.8394637915447127 -0.6115924067578106 7.5608963353423579 7.2895753845148041 13.2682979619528680 -18.8216861197601588 -0.7121955095400867 -8.6626552916066171 14.2905550368182848 -4.5833695860456523 4.5645348263416174
197.0000000000000000 0.4155941854143008 6.0000000000000000 10.0000000000000000 2.6587407518550847 -1.2165019347378339 1.7275285597091599 4.7471277605499633 3.4615788952581017 10.6182485610153616 2.0977246870004747 -5.0032398647595855 9.2053334397578706 3.7276088447330151 -6.2461446769233939 -8.1111350441694228 1.2106916392283569 5.5728250766128005 11.6313007314027903 2.0932589755445568 -2.0034114654112147 2.7876992359207211 -4.8575931115808952 -1.6613626655044709 6.3458574475187737 10.9275587598038406 -19.0806689993794123 -8.5644491748863594 12.4642063408173254 15.6288300620843987 -2.8729060921815588 -0.1808133905503692 13.4099128775782557 -1.0839861949950678 -12.7913679901340558 -2.1833751358875944 0.1774691059464881 0.8817384971526034 0.6135001203993030 0.8904976863661701 -7.1380995093557269 3.4939456421500434 1.8052303531638367 -1.1044824551175783 0.1209322872529333 -7.4371909194880903 -5.6162654279882602 2.4682574700039730 -1.2222003475272072 5.4820370254248649 -6.7686968085213470 -0.7009024612751350 6.3730201324008364 -7.9393692951480768 -7.9049525998507315 9.1223425413359571 8.6733621307511175 6.7838900210562514 3.0853588752641867 -9.6660396244549531 -5.7127828522992212 5.9576127704562918 -3.7617386213100663 3.8571632483307772 4.3889881852920842 -2.7313014382264162 2.0289445097878533 -0.3338573808501624 -11.8985975487303932 2.0970857749677490 -1.3486210963609970 5.3629641579368901 -2.9126512371953908 1.4370496879762282 -9.9683414051612296 -1.2178658719035227 8.3795469632776243 7.4927572908861375 13.0239496021236540 -19.4403863688634608 0.9548336838080739 -8.2357682572438264 14.1382199442491459 -4.3338494884283163 4.6296541781241549
198.0000000000000000 0.4188083827389752 6.0000000000000000 10.0000000000000000 1.5018691422245181 -0.9729097562849136 3.4300104315329998 3.6434633145623976 2.8784860108010912 10.4362864695660367 3.2627044159227765 -5.2492270798079526 8.7566526051202977 5.3472591614706335 -5.6232315436891680 -7.8194660186925198 0.6680617335413653 6.7159537496514190 10.6350616774813851 -0.0952619487667909 -0.1221652647234270 0.8303363758082920 -4.8141404717471525 -2.2378779806075539 8.3281716575556040 10.7708403993134674 -20.4259913215870412 -9.7837949041197110 11.4400338912434361 12.8017352942824232 -2.0549400687083765 0.8931192973768746 11.5520492292382748 -0.4788393874114570 -13.9863997577739863 -2.4825608870407736 -1.4627050672169386 0.7639987237335285 1.5740092640870180 0.8022774247141624 -7.8171270685250738 2.9503642350175543 1.2595810414152830 -1.8118346768584908 -2.6172574166651996 -5.8374853015065638 -6.1025305475447853 1.9086100782105417 -1.0722735494037465 5.9110781989050638 -5.5014343587687806 0.1492278651002740 6.6596634539525432 -7.4528676107074450 -6.0613789617987006 7.7573312350408079 8.9389264792772760 6.0480733633826143 1.8715593698411586 -11.4907783732076840 -6.0837562081130763 6.0058542218561062 -1.2169214142578952 4.1719384901532788 4.5828512593572093 -2.8191859920431535 3.0217321947953684 -1.3932495210717313 -11.2160785989228913 2.9395669329141692 0.0358208292458839 4.3697683871171327 -1.4694577461654899 1.1677025199472617 -9.5924844641920632 -2.1028739578660849 7.5378415910351571 6.5687476984108653 13.7393836801861227 -20.9942467839037370 1.1415632265340363 -7.6559921804890374 15.7695572513855513 -4.0033180356973412 4.0320898843477710
199.0000000000000000 0.4163745632681087 6.0000000000000000 10.0000000000000000 0.4512639781935803 -0.9680945495233800 1.3377990416044532 4.0757464316000576 3.6169826161120757 11.2487721135475045 3.2632599867521601 -5.2651129115070470 11.9130314662608114 4.1522654741707452 -6.4759704175337438 -8.2300147608552514 1.3531218213219456 5.5352322835520464 10.6396655663679756 0.4078702369910050 -2.1727995020902919 2.3095127743547370 -4.2032637577167824 -1.8018785671375750 7.5408151402999506 11.2236650298307641 -20.1001087634277980 -9.8006920549611269 11.6562707257166664 12.5230515170980876 -3.0783511472693221 0.3701307466624818 13.5431006577276261 -2.6621753122133591 -13.5183755742598777 -3.0057295283886578 -0.4860003563924206 0.5694062609733994 1.8863905061166333 0.5360185849469401 -7.1664553090011696 3.6616458394652405 1.8855331599348291 -0.9082692827942492 -0.6412979361264157 -4.9664755283033770 -6.1948043095948062 2.9159514144750713 -1.1353372056419924 5.0246696799425594 -4.3646930110540954 0.0774187451767100 7.1181046916869466 -9.4404339928717569 -7.7903786972681681 8.6811104939720245 9.4844644383925960 5.8001021554891530 2.4890517206427059 -11.6945737213682062 -7.5182262880845645 6.1650279600092519 -1.6222381031174153 4.1064571907998726 6.0201960637648657 -2.9052246344389530 3.1545988679418340 -1.0773920654687374 -12.1002827947554543 2.2764312354447114 -0.4974512339646050 6.2460825751232125 -2.9449854958603452 1.5823626218164613 -10.0451572258789099 -0.5764785115991145 6.8752864185546807 6.2676659700632129 13.7471084013793288 -19.3477295538144460 0.2136502231847093 -6.6708913485135852 14.3165857963473222 -3.7459098812481533 4.2597285506486422
200.0000000000000000 0.4240819534684522 6.0000000000000000 10.0000000000000000 2.0370235781286095 -0.4572077718168370 2.0491005441113166 4.1285234510159432 3.7558769358368957 10.8432528477045977 3.7382194748192190 -4.6178686887039690 9.3232334984367622 4.4909328990413702 -6.1518962716799290 -8.2807701076774123 1.5392960059106633 4.6933767297025621 11.4880434457666674 1.5584238753775794 -1.0871729828504078 0.5640938211539582 -4.4785911285965110 -2.4779452479573889 8.2969014019826250 10.4734555255432369 -20.3901818862544815 -8.8487439779831956 11.4517411189688758 13.9669543300340138 -1.6461028953775620 1.6534036513595536 12.6105172422251695 -2.2112910455970676 -13.9216802072485333 -0.3195641956622348 -1.6564621996503046 1.6038665779999417 0.0729075989845485 -0.4555725307828355 -6.6604383286952116 3.1279451982541131 0.5561699381347316 -0.6483874804291967 -0.8323006231101856 -6.2305684719935339 -5.0497740652350069 2.7970331708005545 -1.0068094862472114 5.9690998947277922 -6.0456509113040928 0.2749235109896566 8.3643834158586472 -8.3820622806285332 -7.5092728981153947 8.3199896332212493 8.2406496542568757 5.8242245580886918 3.2131051355952018 -10.2469065371417418 -5.5727102035455411 5.7405997665792343 -1.7828039585735842 3.5148396023430206 3.5222754083991843 -3.1750466335971055 2.8964074429484294 -1.5737718682700430 -11.3619754481999635 2.4839363707840363 0.1506020746199465 4.9017312341390546 -2.5950831529639884 1.5459054721634902 -10.4327442316077974 -1.0919624906397167 6.9844374433617880 7.5423592041830894 15.6719983941110357 -19.9741766408689614 2.1486815245661681 -6.4074655781050245 15.1900921573882268 -4.9896490934240996 4.4816041773895874
201.0000000000000000 0.4231462422194196 6.0000000000000000 10.0000000000000000 2.4658476893379540 -1.1400462955192621 3.3180271926399865 5.0763304229366852 2.3191752249638600 11.6795191284329114 2.0090264254900956 -5.7303250205741483 8.0866643389382897 3.8963327824063274 -5.5539412582998908 -7.7352352369594000 0.1180764022976348 6.3733333100979888 12.0090270947403788 1.6909072531228952 -1.4620147090842119 1.3895198450810293 -6.3033733705021486 -2.5832305664741435 7.9596138688278080 10.5017393070420333 -20.6876768020168669 -9.2728982332133043 11.6183609559324807 14.5598339871094744 -2.0285864219170726 0.7883115200385860 14.0372739595429810 -2.6049796810091492 -13.1059826697061332 -1.1059691809423067 -0.2909631990306924 1.4934060954029527 1.4392310292825334 1.4676559832822305 -8.3402579881860657 1.8869300535812936 2.3857360736092343 -1.5004891522666666 -1.8236466729354612 -6.6425799709997895 -4.2112864777629762 1.6811610282037024 -1.4222167842470879 6.2808783057167679 -7.1757692825056401 0.8030114212930761 6.9636572407366941 -7.4199815916938938 -7.1135493437621795 9.0003273269266888 9.5524564511050620 6.4761884728279355 3.2861699547585004 -11.0987913156362001 -5.5799913141079402 6.2601072129079123 -2.4337043590011662 3.5680855308786690 5.1543609719925492 -1.9259413649052162 2.4486837719929029 -2.4712875842863693 -12.8093800760828032 2.6165743842762432 -0.6086569313912161 5.2713265768636273 -2.2638963071088192 0.2122698617266287 -9.5149441564623274 -3.3594541078160467 7.7475263373179608 7.2931333262402722 15.0537622888127771 -19.3731151585029551 0.4775450255019114 -7.4460599998476242 15.5638633752965898 -3.6283923403471685 5.7213414788631223
202.0000000000000000 0.4186112134405680 6.0000000000000000 10.0000000000000000 0.3190712035585961 -1.9105858548061390 2.3429292419339651 3.1013677539676991 2.1446881178461932 11.0519402746399802 3.2232354196523993 -4.5155428664857631 9.7770374923427035 4.9084740089512113 -5.7275430529340587 -8.3135096936449830 2.8575845026720987 5.0570978550286716 11.0494196061991978 1.5148633935715676 -1.9470176167160698 -0.1412198384744630 -5.1614555271707765 -3.0631870548360798 7.8326852250407182 10.7549461052377335 -19.7610881433118415 -9.3697042672940487 11.6096449473747061 12.5610405427022567 -2.6173980980357818 0.7142270458571680 13.6712860607594724 -1.5453487227944107 -12.6647333065035106 -0.5026109103954864 -0.6618726545448902 1.1888882059164569 1.2124823000791296 0.1714547894968258 -7.4284786653180275 1.6169121888703692 1.6572983487218071 -0.8162335582441901 -1.1693378727487893 -7.5025045829059174 -6.4394068307284744 3.4377419534778721 -1.5339119925632563 5.8393952332395846 -4.9689008346473802 -0.1446818618688525 8.0896840085806225 -7.7281627404492683 -6.4243319289162688 8.1758732744729432 9.2364155710402169 5.9957378775683035 2.3169023631242380 -11.3067542770836109 -5.7275575257801172 5.5411149004549172 -2.2489877126998770 4.4588335323484216 5.4715193238664970 -2.5992954793171328 3.5299456256461919 -0.8658567864166676 -11.9492862308055781 3.8179637428013149 -1.5520091009028913 3.9364963925935967 -3.4982050283036448 0.5816067599157781 -9.3180910223808837 -1.0619807076945316 8.8571823570952848 6.1839373301084901 13.4870475806226189 -19.5963687578623542 1.4558096078920224 -7.8737191634004091 14.2098954942484639 -4.5880378552078094 5.8496469386333327
203.0000000000000000 0.4205750117996213 6.0000000000000000 10.0000000000000000 0.9140766323576387 -1.2256258724775713 1.6127202231884779 3.7203868039261123 2.0476628983723093 11.0862080451079823 3.0758381219516346 -4.6302977078016809 9.0061605904027058 4.0028698366924944 -4.7870765389760486 -8.8466206665414777 1.8881532029439496 5.3103745530079882 12.0237746304389752 1.4460844357102722 -2.9621880074352176 -0.1914985706116680 -4.8570425059041913 -2.4795506424640408 7.5112342373268888 10.5549002449496996 -18.8094518773130055 -10.2146974600479243 12.2247446820636778 13.5186050540860290 -1.8988546239495143 0.8415944689734850 14.2134200128137635 -2.1136812320765523 -12.1807266925706354 -0.8125744285914454 0.0139393054666935 0.3043411504127521 1.5274054632877305 0.7540999306392895 -7.5788197201937937 1.4980957720134660 1.7307069458523610 -1.1633050960151585 -0.7882824210925545 -7.1877344518273514 -5.6017826742419654 3.4097835125615887 -0.3134744379195455 6.1204793091280632 -6.9777451240066819 0.5914976746346702 8.4056145162953975 -7.8196011289106853 -8.1758297359310443 9.1798529540085703 9.9087924740562219 6.1129671600458968 3.1959770076989003 -10.5870121592204995 -7.2149949528390991 6.8385265323377054 -3.3909155232651207 3.4739200834071799 5.3492334842217506 -3.6677811902235171 1.6586553064258054 -1.0170149774694122 -12.6943660806125607 3.8275413970458461 -2.2668074298907781 4.9761298849676407 -3.1867038114644748 -0.1761243824633094 -8.0808619337203105 -2.3382377984933735 7.7818199892567348 6.7624801858185517 12.6163779079809490 -19.4290159078302445 0.8950147844723735 -8.3187939198023262 15.1353593213319151 -4.8617153307489680 4.8376276192320198
204.0000000000000000 0.4181980610609515 6.0000000000000000 10.0000000000000000 1.3650952288100417 -1.3245903860206794 3.4896317138613240 4.4249587348801311 2.2506366135861930 11.1829039694818348 3.1692333311793495 -5.3272190511368978 9.8566820085997549 2.1652642125237271 -4.8033996422715726 -8.7106663925477008 1.3008764732555642 5.4492328437925917 11.7312556073444778 1.2378521982234236 -1.3338020030174973 -0.5698169761519424 -4.8713633285510554 -2.6207373292383718 9.5935316943754732 9.8658840581458662 -19.4855419037430799 -9.0969201383192448 11.7948781337946560 13.0768917115663115 -2.9840289361957213 1.8809564813300477 12.8421106291923941 0.3252351933790678 -12.5256014363339094 -1.7801762962312515 -0.5135062106953170 0.7335909389693394 0.9691087756894472 0.9761260899203326 -8.2456059892225291 2.0138634008420153 1.9499336583624207 -0.6986116103403137 0.2678690125306830 -5.6390281711990511 -6.3807771090681005 4.0213958607163196 -1.2684169369103715 5.1516988465297215 -7.1854871459710807 0.2104593615249243 6.8840931110347272 -8.3957046189325055 -8.2866766426996801 8.1888830785426947 7.9629183076241317 6.7310038052756376 3.7502906111703123 -10.9182529715808840 -7.8205081258648894 5.0587985149625698 -3.9849099815266369 2.9580165215668117 3.9734328219263522 -2.2267057823282350 2.5029215505226619 -0.1661483110515538 -12.0946979380093236 2.8358651886995991 -1.5561355553826743 4.7918445466416504 -3.4116787712073600 0.5461284999327217 -10.4308706217945151 -1.5055170421131103 8.3905941442960952 6.1066436115951070 12.2634477391327366 -20.2432572158943742 0.4826896788229171 -7.6821305959412411 15.6928094431469916 -4.8136107893500242 4.5700869987633137
205.0000000000000000 0.4164720781010696 6.0000000000000000 10.0000000000000000 1.3872884103708949 -2.2290687821527762 2.5477759325496527 4.4625375640459435 0.6736305721839244 10.6244205566904792 3.9349299305569807 -5.3184308497191690 9.1384777206432908 3.7921234720078512 -6.4502599766805018 -9.6717029831590295 0.3386042610158979 5.1595167556555186 12.1934791473141377 0.7565011934760588 -1.1753011950375403 0.7131976796795303 -5.4766070396632829 -2.6278085185685471 9.2132694936782897 10.9011708327268835 -20.4324122255392915 -8.8916416254243522 13.3325023901789770 13.3441208642943838 -2.2584977570520746 0.8561692234770772 11.7970508784167674 -1.9699372817146508 -13.7746280177439431 0.2512879379272366 -0.7823232242888051 0.5759135911715478 2.1370265051948820 -0.2889711585390399 -6.5309003829132317 2.1881175544437048 2.1848030227135893 -2.1612080655881294 -0.8713988840094671 -6.8429905719323063 -7.1516128486481829 4.4186170738193145 -2.7842053122809496 5.3253585244383590 -6.3237379050967339 1.1791449948437505 6.5662575011869286 -9.0875890020542833 -8.8258920121855464 7.6568826040478601 8.6441968100232849 6.5086168631534793 3.0131995807263983 -11.9183055604853223 -7.3528696790695509 8.1430177522659957 -1.4976936120342841 3.5303043399763681 4.6985420270288936 -3.0318723841331208 3.4297353829685058 -1.4355411917902128 -13.7611530017458250 3.6140871194511659 -0.9238916632557996 3.3772656912102743 -2.0715385785919880 0.4824220228470171 -12.3302173666079860 -1.2800660479442256 8.9557311108174282 6.2568805612421814 13.1066625065077584 -20.7610931969210917 0.3052899423204049 -7.4225918461345266 15.0838930059236027 -5.4277596376926276 5.0412433465884376
206.0000000000000000 0.4176926607193885 6.0000000000000000 10.0000000000000000 2.0623652146676914 -1.4264575873933314 2.7829152939112802 3.8605661746645619 2.2360920697246955 11.5029773550154211 2.8199843826845394 -4.9963837883619018 9.3945376160988534 3.2280649612554706 -6.3175970380500219 -8.5731095559264965 1.4579480274974019 5.0559473693416805 12.0135432935587563 1.2807989553378556 -1.8012378284209762 -0.4303738890685873 -5.0886952678667292 -0.8850486261331727 6.7388773858064583 9.1012826853217366 -19.8168614371508944 -8.1901875381330065 11.4142538389816366 13.7507167985680141 -1.3821575317171428 -0.4377637311520484 12.9788891291945507 -1.1501509349628067 -13.2343663508215563 0.4302370516862482 -1.5121569165346398 0.7846518886426496 -0.1081681175364262 -1.1349685741232556 -7.6395396781828415 2.2080391419289569 2.0273274229616214 -2.0503673541232921 -1.1024093843596323 -5.7381207082847601 -6.6183323593560974 5.0533350837812687 -2.8247644941513186 5.9352966968758940 -5.9523423040191084 1.1405771266863935 6.7350744493451922 -8.2392346947911097 -7.7316842919630000 7.9411254314368387 7.8462056720503366 6.9049148746917943 2.9682134460647336 -11.6547509742616278 -7.0496152749983123 6.2444970447570070 -1.0886322115288882 3.5600183578710984 5.2708451236819780 -1.5419077947675237 2.5586675317632039 -1.1660633671744562 -11.2744710094739471 3.8037579075306929 -0.6485666848564114 4.9196500309676114 -2.5803414545949228 -1.5166229770451556 -10.5231204299594712 -3.1490135781284474 8.8167204523879867 6.6761228066405112 12.4749382243211837 -19.1637458670614045 0.0386465786045863 -7.8089889205601146 14.0830706663465524 -5.7766770025904837 4.3171939319148738
207.0000000000000000 0.4240184702041268 6.0000000000000000 10.0000000000000000 1.7379726195816407 -1.1620728872224255 2.6218505915421058 2.5503198747487081 1.5738015695781375 11.8712737765586880 2.7340592598310653 -4.0129092685003229 9.6116719309906067 2.5965904709717340 -5.3827595296448782 -6.8569467059089639 4.2470994701697116 4.2477503020476561 11.7864329507655263 1.5493498009275264 -2.6159621088210558 -0.0832875438361577 -3.9843799422018527 -1.8162016030241765 8.7966410480106063 9.5545562851269867 -19.4892977159949652 -8.2225933553518615 10.7305699802957157 13.8860260939559552 -1.8617791006709803 -0.2433694016240444 12.2585290719589839 -1.1781842686491868 -12.2716968872921761 0.5905699758401795 -1.5189811486678424 -0.2371996052212391 0.3478013663764763 -0.3175345766829577 -7.5480191553956955 2.5878735544124103 2.0451517071139231 -1.9942339116893939 -0.3953288035742019 -6.2501443255051470 -6.1215208680384574 4.3106300740457542 -0.8389682947699661 4.7667914667730029 -6.7237767738422010 0.4068400191858054 8.0159441933087479 -7.1138695781046088 -7.9142666966424207 7.5157961580945516 7.1226952340540164 5.2150310582015225 3.8426719955903730 -10.5481446924057813 -5.7825344664588147 5.5524782205320227 -1.3641897417747400 4.5402869975304174 4.4382825993816031 -1.9072985158675848 3.0242445106113820 0.0043077277820962 -11.6657203105886769 3.3184107603833439 -2.6168655153858711 4.4105725913466944 -2.7001130859496540 -0.2419699131488385 -10.6371317659087516 -2.9963326391130281 10.2696149017995957 7.9627774661228914 11.8131510184268400 -19.6132104832047958 1.1191628874988229 -7.4102663781855700 15.3535096616200679 -6.0690459969009369 3.2876603468995871
208.0000000000000000 0.4194725393546510 6.0000000000000000 10.0000000000000000 1.7282655527696749 -1.3611652846033260 3.4800123001411847 4.5852733546048068 1.9084864338127403 11.1268921347080489 3.2603234635838851 -5.1019618120489305 8.9024474052505216 2.3026984096054943 -6.7434727892631852 -8.5899746670121520 2.3251842101090174 6.0369901519768119 11.0805423838740538 0.4900012746086997 -2.3001719391204665 0.3492092294940213 -5.2367689980141190 -3.1656744266250199 10.4260857286460045 10.2298441128792597 -19.1590887000249239 -9.2941384499954172 11.1753358921459718 14.9455551039293226 -3.6656647928352477 -1.2277797634329730 11.4775334166394760 -2.8310349509709818 -13.0795502953786844 0.4506793591457853 -0.5592601530281417 0.3336364615016839 1.0380891979610611 -1.5780610988668802 -7.9504206203644925 3.0149600728011330 3.7165203955986401 -1.7824158867638267 -1.8828428474197780 -5.1790827436278501 -7.5044774975170672 3.8887994015902869 -2.0154459745913917 5.6343143027984501 -7.4589582084026596 1.1530107582233309 6.4569961894227967 -9.6103763879510105 -6.9802538102749105 7.8866853884063852 9.0064735245705929 6.5152393923136396 2.7920366850770946 -11.0133940077958403 -5.7832885269256709 6.8734443069232372 -1.9794776180727847 3.3817439453313995 6.5963087662178701 -1.9786194223490194 2.6643415567883522 -0.7770336876868693 -11.6841175463731588 4.6752720231190583 -2.7812611400527123 5.4969046724984993 -2.6586146800876951 -1.4968312760340186 -11.8759681750771371 -2.4048203548411533 10.2381008330633421 7.8340670834377786 13.4710361074338021 -20.3360505009727390 1.0543049108105369 -8.2334864275155351 16.0924957705500766 -4.6692357689137554 5.0136760365641884
209.0000000000000000 0.4209159472758079 6.0000000000000000 10.0000000000000000 0.7644718478787533 0.5064212148138061 3.7751001013938339 4.0016795661779074 1.6560948540382974 12.0978825052954395 4.5378691845036458 -5.9123767770009064 9.6603278877846712 4.6236970627469329 -7.5552366509313229 -8.8492375519238617 1.7293074613263970 4.6222849103420369 11.9752964097951775 0.6659215967220015 -3.1149438458281766 1.0552039979897152 -5.8959834928924080 -2.9613853299578068 8.8804842311510743 10.2669925585267823 -20.1650285025305323 -10.0578237920355136 11.1745323542137349 14.3038357633154600 -2.8885533508556396 -0.2052230671856667 12.9012892532019734 -1.0437286684503011 -13.3564036714882892 -0.1628270773454927 -0.7908078479387579 0.0075837002775586 -0.0819717466904178 0.0591617048641394 -7.1487083448702666 4.2922906873008557 2.5819875848221012 -1.8859152013389697 -1.9949812651396186 -6.2303668399935530 -6.7545102139773334 4.2958839255321069 -2.0487705670037628 5.8452497690889320 -7.1471735505409031 1.4648911313812891 7.8686587328159199 -9.9242949354061487 -8.0724441433343461 8.9013909689935335 8.6003620333945214 6.9694667894900544 3.2139284551960010 -11.2569016491008753 -6.7588772216441146 7.4409085097816927 -1.6415619059506603 4.7984564716082616 7.0410437517642332 -2.3307897849556030 2.7317832014547885 -0.3398411959582744 -11.1345604123917301 2.9719389654132891 -1.7661141685943940 5.1155283178320632 -3.3043002742894338 -0.7925217925745840 -10.3294205181784076 -2.3393152553785495 10.3231463049853929 7.4774964430065802 13.5156156475700406 -20.7787316114416285 2.0211219811190402 -8.2092050739789446 16.7416043688847722 -5.1085040038952547 4.3671505580173982
210.0000000000000000 0.4217245849675291 6.0000000000000000 10.0000000000000000 1.1360584586434854 -1.2560077447838940 3.0808070443570799 3.0072972335118426 2.6578963400413169 11.4171285217192917 5.5456782757169076 -6.3931176306364863 9.9628315717816776 4.5553476116724383 -5.8056578796715730 -8.2993243112167310 1.5554712966333513 7.8401722492822898 11.1557320981113417 1.5154029586241262 -2.3192685611911732 -0.5281429549735481 -6.1263428698451854 -2.1581221209942894 8.6129122631388046 10.9918734288247393 -19.3098290266353771 -8.3974618233666405 11.7168805582408506 15.5279939112472469 -3.5460616172354347 -0.3091824080206404 12.5898673052358099 -1.3264836476377004 -12.6117343175759959 -0.2286776925163021 -0.6301180784481381 0.0835381763765113 1.1837005751760328 -0.7864558864746297 -8.0918586368324128 3.8867133019637019 3.1338551790521576 -0.8672807486013736 -2.4575810095315238 -7.2300908614886588 -7.1880936108872415 2.9814439431671325 -2.8690488855080769 5.1559827118019781 -6.6209984780189579 0.5559419045879447 6.5690894137354494 -9.1725250908775795 -7.7219888463445745 7.8573494623931817 10.0231552438566691 5.7994765857516457 2.1610034711186756 -12.0712307868709079 -8.0393494214739363 6.7724105244740445 -1.3376476092514382 3.7107107919829190 5.6246397423950398 -1.2119043847366178 2.0312000161130679 -0.6149291299754855 -11.7982416936014456 4.5641777499298630 -0.7881315722830031 5.4254093846493960 -2.9544758127863640 -0.5860711876424958 -10.2973704827492405 -2.0443987600519864 9.1458155331685873 7.5877370883483275 12.3853648706361259 -19.6559000383642335 0.5083291180871816 -8.1273425449539971 17.0363415471990685 -5.1524297841406792 3.4183223109375431
211.0000000000000000 0.4167616850686198 6.0000000000000000 10.0000000000000000 1.8189264213943983 -1.2460578514849410 3.2293812394037782 2.8584229946188060 1.8933415295874687 11.3767155789282448 4.2446953450693208 -5.1948265138490237 9.4863772407461866 3.5843364099465851 -6.9333421541112568 -7.9108603338765118 1.3725820137433460 5.2602426138395213 11.8149895115220716 0.6596507321938984 -1.3129510368392703 -0.8588740098762856 -4.7417535854817308 -2.5577484636557770 8.1063141124522176 9.1267751017847765 -18.8068708286208377 -9.3955485188397798 9.9768706705472745 13.8042496921238040 -2.7281194284364507 -0.3328795138946048 11.7931691382857800 -0.2967513510597948 -11.6408771192940321 1.3968240004499426 -1.0257083589586378 0.1186002253422388 0.8220192662659587 -0.2842042139363768 -7.6605070236486190 3.9819091357861356 2.9306956554265025 -1.9503923814956072 -1.8556151144225970 -5.2544238015991986 -7.2390597460308594 3.4191044147695968 -2.0183062770333100 5.2239192836404689 -7.3031315524020384 1.3310802622707480 5.7925223250594113 -9.0978204666755840 -10.3164280472022654 8.4215159425900872 9.1093787920362175 6.9068064486913965 3.8375943773748777 -12.0016580836376896 -6.6903083889430146 6.5253487935889432 -1.6504373259100196 2.9949328252445340 5.7470067375674381 -1.8773830464120747 3.0117341071780421 -0.4396181718107535 -12.0933242822477514 2.8520278814771176 -0.5328531628656129 4.0642050486940935 -3.2521231415654932 -1.4364274727087052 -10.2051056159916076 -1.5169133529718679 10.0161229015852840 6.7621253977739562 11.4441342250618696 -19.2038427176807787 1.5985054709501438 -8.8271845724185329 16.1869893478830633 -5.4907457883359347 4.7413148433452896
212.0000000000000000 0.4205371299799975 6.0000000000000000 10.0000000000000000 1.6723173726748999 -1.4335932728301666 2.4813822252335900 3.2663331307018284 1.0731927140264115 12.3316031388640788 3.5589332602048396 -4.8199269798116093 8.4119574010478146 3.8047110034104570 -6.5162714434999449 -7.6286878595120386 1.4009220192470204 4.8595728665853724 11.2250726996574155 1.1627996985026565 -1.8511787269317481 -0.6321896293222322 -5.8768751478352952 -2.7082490400910593 8.7224225706313323 8.9806826848434245 -21.5067272290519718 -8.5246349348585682 12.8723319887053105 13.0012771988653579 -2.1865769740575272 -0.0211264873617944 12.4857017015864464 -1.6184665870384820 -13.4964655828241309 0.7121579816180852 -0.3224454607317351 1.2984673186547049 1.3049725981263438 -0.1528163217586713 -6.7683950282801897 3.1693717062509172 4.2663885616236570 -1.3194558955121067 -1.8294994821865178 -5.6690616091239914 -7.5437724190172633 3.8754455606438611 -1.1127730658443327 5.5500106371565705 -7.3360679308199641 0.6566717729677729 5.7396723277621744 -10.0624775139961002 -10.7651722961677674 8.7369734941605621 8.9384864776084374 4.8740217832455599 4.6789962995040062 -11.5281328258111539 -7.7609745530654530 6.4506718272064152 -0.8587388301059100 3.0439868386460534 5.6694359038033904 -2.1997744514976456 3.0883163925405150 -2.5470708951731513 -12.0364138777038701 3.9524393090593124 -1.4401679935507556 5.9155696905372803 -4.3838187055259983 -1.2901889829193900 -11.2776855607528788 -1.4820498095803536 9.4168618912651390 6.1524464053905419 12.0181133229952444 -19.8625903288843233 1.7041314789186801 -8.4524901623544224 15.6549800841924061 -5.0133824870521018 5.5806030157976991
213.0000000000000000 0.4190860078277399 6.0000000000000000 10.0000000000000000 0.8738280555920470 -0.7038420439299334 3.9537699785548726 3.1934247906590718 2.3311767704264743 13.1019062691516126 4.7541585114972440 -5.4693309169008213 9.1057655126924200 3.2825444169144316 -6.8224528919694292 -8.6088561176148737 1.3919840006452584 4.3621511253202678 13.4815665132995317 0.7287599679930195 -1.2058065812621037 -0.9371267664669399 -5.9731966038876383 -1.1691987760045253 10.5332715691485177 8.7568601308856788 -21.4164354099858265 -8.5436593928119144 13.1843826118779130 14.6169328219439585 -2.7024619578335192 1.8520923743791482 13.7073590765937432 -0.5519545681505722 -12.9915385731588895 0.7065899258305588 0.3158341862457797 1.8662924964694421 0.5169527955664976 -0.0941848071092201 -8.3024454432786854 3.7004613250036016 3.2455538127381676 -2.8528808890661805 -1.6293484716021309 -5.5964750333305915 -7.8041752317860906 2.9817146584714562 -1.7031091500785789 5.6087388261174818 -7.8417188481595055 0.9880375491495741 6.3312898479390691 -9.8668151604549230 -9.9663271479434901 9.4767223147331059 8.1318773160088007 6.8329488918407106 3.7754240679629238 -12.1919069423622393 -8.1667565940964604 8.9087613124682861 -1.4633161871541382 3.1785021790014261 6.3322995937555300 -2.5246261940707453 2.7254586935718286 -1.7407581177662932 -13.0023070848650502 3.9566694968837091 -1.8492222240028577 5.1335860841414789 -3.1332639836602953 -0.4528643940099426 -12.7198290106560972 -2.7093459998030385 10.1953898148105733 6.6407281878653421 12.8965138542746729 -21.6086843891243028 2.6219497662525004 -8.5748972372284396 16.3998314301330730 -5.5124228365715977 4.5887474098517336
214.0000000000000000 0.4224093741530441 6.0000000000000000 10.0000000000000000 0.6543731393206241 -0.2661306478431915 3.0524329547180593 3.6477739220389855 0.3912063324432429 12.9569066810570632 4.3734641072190348 -4.4382386891925378 9.7791708048816250 3.4127773129172674 -5.2051503547700220 -8.3334507179532338 1.2023730205624614 3.8238682192510227 12.3842394819711448 1.5133590493122149 -2.1082639728249220 -0.3693319815555882 -6.3066861968195376 -1.8849260027214463 9.5973002319778331 9.2858576831634227 -19.2329858423956672 -7.7960039963912067 11.8924755581969617 13.8891490800197843 -3.4035029945470638 -1.0424077393823277 13.5248439798768629 -0.7696807295945670 -13.5728569144625553 0.3997502793532918 -0.5005119987866296 1.3256696925373994 0.6030720506272456 0.0998893495113341 -7.8388404920139569 3.4975062982091947 2.1993164899857200 -2.5626541912143277 -2.2621393968885770 -6.8537904620314167 -7.9184687072924786 2.4260062111303511 -2.3978379334183422 6.3288622861730488 -7.8003063794109533 2.9682799140448699 6.6206961667059208 -11.0856971756463629 -8.6175123678579606 8.7164280806010197 8.4539455774808250 5.3870038294666784 3.1874474042695549 -12.2797132356070353 -6.3780279398650368 6.3437841941583883 -1.3466209644174141 3.0587663684550521 7.2482939547049670 -2.7166003544609527 2.1253845822722592 -1.9188411504494514 -11.7721266142006957 3.9967266827450372 -1.8011742036580556 4.8975110566204991 -3.1644344796672557 -0.2490869092384488 -9.8985828390511585 -2.5562711725736529 8.8630962607524975 8.4395432993481236 11.4717144412020353 -19.1149826111712002 2.2176234871112124 -8.4831945871969499 17.5878082570924370 -5.8619134021141699 4.9716001678373978
215.0000000000000000 0.4194710381148998 6.0000000000000000 10.0000000000000000 0.0732070646817407 -2.2186630885628196 3.1746068041824578 3.1074276520699224 1.3079863969698995 11.8263091674660963 3.7018876824486409 -4.7604378841822417 8.9850975542392995 3.9632155435257457 -5.6775673853007076 -8.1754530208098082 0.7880645962409210 4.5245785541838623 12.4318582269150930 1.3843475196460600 -1.4808255662664656 0.1224894738892001 -6.1505830484381123 -2.2455693979579903 9.0432278381650661 8.1974670523742788 -18.8565661088990595 -8.4291139898854386 12.6094906045454369 14.6300390145338692 -3.8996068826729129 0.4994229696473613 13.4675910816064253 -1.2016666941368190 -14.3217987959789568 1.7384551384563642 0.0013974749501988 2.2843172980124971 1.3974060429547359 -0.1131073373891713 -9.5426534798421905 2.8592662910917288 3.3100073123206686 -1.2897407023275942 -1.6240856353239996 -4.2751090649273866 -8.2403514426866096 3.6740170440090765 -2.6847763845194477 4.7538014985495600 -8.2853069563171111 1.7185194247874731 6.2942158983242749 -10.3043730149118371 -10.5058410452672231 7.4066519908295394 8.7682777422874008 4.6531010720653185 2.0765266000549429 -10.4792289212439833 -5.8544970670450720 5.5606329722281718 -2.4334970992835046 3.7401529952655421 5.6511560767698841 -2.3977242164872195 2.7169087285394218 -1.9258370405264404 -13.0922998174276692 3.0449371806358441 -1.9315990309027964 4.5330777064750043 -3.5373242012986545 -0.7613098050981744 -9.3452149899172969 -2.2665542641895513 9.0614721450471798 7.1505946254573178 13.1328965053698354 -18.4833257781864937 1.4791400940195361 -8.6599880748353115 17.0663032295469357 -5.6915960352725854 4.4403074216623040
216.0000000000000000 0.4211688309749379 6.0000000000000000 10.0000000000000000 0.6815981507190639 -1.8020634033914429 2.3366107222115815 3.6336083767125209 0.6355522673056502 11.5737588615403713 4.5856595114706939 -3.3867140844945975 9.0669308550177448 4.0335715586469423 -5.6336197857333623 -7.6803783636055982 0.0561467074512934 5.6049327707782988 12.1206298653126243 1.4596587294273478 -2.7658737373197870 -0.7937431303722339 -5.5278092860004335 -3.1195950171722320 9.6777111536686320 9.1871836280167987 -19.0197376955793267 -8.1196273882196017 12.2101593322678230 13.9632648108410162 -2.7244812529079705 0.5341076478158869 13.1303100661218242 -0.6882346454392214 -12.3981890570540827 1.5032484519528373 0.5492377999041069 0.0154770795397059 0.8284143562954805 -0.3343656245573586 -8.9072369014715882 3.0790396923776786 3.6109308518592296 -1.2645986165213321 -2.5774906955519117 -5.9849687001866849 -8.4157020141720551 3.7505156543811258 -3.4713942809198208 7.0177228928460567 -7.8773807394954067 2.9027732605015686 6.5153841395452785 -10.9519158050129555 -7.7133570044188726 8.5212529502603491 6.7403484972957077 4.2778940150217091 2.9241298001097600 -11.2969117644602495 -6.4056736361489799 4.2333684792244419 -2.3102239782372878 2.7881420044324705 6.0684478931668844 -1.5139473197407143 2.9092143897410367 -1.3689059330463904 -12.4323352500546260 4.2205724379403664 -0.9167906888712096 5.6699923794904361 -4.3138556899290030 -2.6009599898150930 -10.1134061967906685 -2.6441026870931115 9.3719158018927402 7.5560834704259721 13.4097567943824760 -19.3226622261379006 0.8704717455341602 -9.4289750279463949 17.1809037570869734 -4.8919492956937711 4.8107115444193509
217.0000000000000000 0.4198105522120521 6.0000000000000000 10.0000000000000000 0.6181849245906886 -1.5391111842517111 3.2870151804723515 3.8236403622054080 1.7510579700244127 11.1826040821960575 3.3332610286827555 -4.2366026540858943 8.3666614489327937 4.4465616597692836 -8.0859408702274909 -8.6948678580041374 0.4544794398495614 5.5536932509519268 11.8354512800444329 0.7778858974691545 -1.8264292799122313 -0.3531740915936245 -5.2976243084983325 -3.1499118005217213 8.2935215739623978 9.4297148919801845 -19.7881259083607191 -7.8786677156111891 11.4051545470565596 14.2444220192204121 -2.9575877051013366 0.3987055782087282 14.7976751201819035 -0.3778454125326829 -13.3589221026937537 1.9942037802250880 -0.3918760248588226 0.1847377522166426 0.2458033521173366 -0.0616865151292562 -10.3219777212119723 4.5807212043304215 2.5960226490576384 -1.5540207395044940 -1.3017466994271540 -5.2251152756098564 -8.2086126886351636 2.3504809651784830 -2.4513989633976010 6.5550186425306967 -7.7523665524898107 2.7502541247612777 7.6747800165319022 -9.8320547033635730 -9.4055859858147439 9.5249948044601513 7.2643544988937760 5.8350726393389758 3.4354553431493815 -11.0186461264419666 -7.1593845483845673 5.4296482857464365 -1.3861392474563872 2.5819388753580590 6.4651967666634693 -2.0229334155166336 2.6762299467967470 -0.0139946028393785 -11.4219504891015937 3.3234092353071110 -1.4485217780449702 4.5926244636337810 -3.4342722554448013 -0.5253790607701931 -10.9625724496231971 -3.4138309005886800 9.5750238231786025 6.4949454434356344 13.4914968346166102 -19.9641903498483124 1.2911462055887297 -8.3579644953273284 17.1308940725248640 -6.5596531881904419 4.7249117321550616
218.0000000000000000 0.4190677153846190 6.0000000000000000 10.0000000000000000 -0.3274166842003970 -1.4121447023075988 4.1367148272975456 3.6634694283849307 1.5350824467292750 12.2848668529940923 5.0377494938349177 -4.8017483824811533 9.5959300588198992 2.4835503668685117 -6.7623362723321057 -9.5537991191242497 0.6725048738257596 4.9868134113743796 12.8415264520604655 1.6174621015718318 -1.6388513029472387 -0.2011344670563482 -6.3158896554038497 -2.6299223217119461 9.2763852583321107 8.5900956269676900 -19.5207095188706035 -8.4531365574778938 13.9211620685112063 15.5969884050893395 -3.7749020962310427 0.6112196623336857 13.7105861545174150 -2.0207690313542725 -14.9123330081797292 2.1539465356190943 0.7031047941041343 0.4817886217077464 0.5106620212988505 -0.3371920305664745 -9.7296077670657048 1.2492608668495646 3.2324432601494721 -2.5229630000698977 -3.0902483903870652 -6.4586621981692049 -8.1804635817628331 2.9060735304656475 -2.4735567660024538 6.2237524871400796 -6.9430159052804665 0.9285996798954097 6.7867361318902439 -10.9301397160224045 -8.9378689620079594 8.9503719870994942 7.5633402261645841 6.1504663706292622 2.8286188904269811 -11.3276555367158718 -6.3670131005840087 6.6690061947385724 -0.5911456410195957 3.6283061907873670 6.9059534716622588 -1.1889194897213753 4.2594364259410842 -1.9609011907739640 -12.6188792683087634 2.8092713300311098 -2.8067684366804784 4.1810631725245706 -4.2552052091247292 -0.3249020843891054 -10.1026294564400221 -2.7400918597607604 9.8068462365312516 6.4146823998252396 13.3665310124109844 -20.0878024131416986 2.6751308977459445 -8.3336420295558646 15.7143500919233912 -4.4671981798690856 3.5870193617194688
219.0000000000000000 0.4163536271226962 6.0000000000000000 10.0000000000000000 -0.7851056939089245 -2.0934058426692537 3.9190541328320956 4.4621223190475661 1.7911170314789375 11.7703591258927691 3.3464179763524902 -4.6192172966828551 11.1051281117011094 3.1667760597723356 -6.8981507358093594 -8.5557208089934296 0.4821516900496364 5.1850115807588857 13.0106644474691304 1.8032467252193911 -1.3345804396306191 1.2674479494331237 -6.2901087380877403 -2.2929506848305445 9.5609341060375144 8.3900575174274366 -21.3421675512239624 -10.2309321281347483 13.0338199582676406 15.5410796648159319 -3.3533751532050742 0.1167994695003047 13.4660866806583641 -1.9996497254291157 -14.3705924064574475 1.0813542373451051 -0.0299076767119422 1.7190475459046946 0.6379289476521279 1.1529588563090398 -10.0479094068856405 3.0201777823266891 2.9947786465880526 -0.5965544234681043 -0.3029592222145330 -4.9160483615707982 -7.3002289666238198 3.7007483769661986 -2.7449416095313870 4.3037983058095683 -8.3092357633164227 2.8649982152580020 6.3261614710286960 -10.9413472642565779 -8.0632649537253851 9.1904315398024590 8.8579449694746817 6.7577429699492653 3.1543977123454572 -11.5991485229817233 -6.9061061427397803 7.0433682204017538 -0.4041925278568068 3.0899554080979827 8.4452496727113644 -1.9249730197928696 2.0968257302187299 -2.4514436706867810 -13.0034190812625994 2.6404971125415035 -1.3257510807794155 5.3073744983429387 -3.0247050872327117 -0.3065071591962564 -11.4507272555150337 -1.5048722477907217 9.7154132351929192 7.1892873428742385 14.5899543519141321 -20.5264289069537007 1.8600594631604044 -8.1527633230649652 15.6015807378441025 -4.9817715372323779 4.9755272074712265
220.0000000000000000 0.4198539237561809 6.0000000000000000 10.0000000000000000 0.3662333797663795 -1.1998545252780803 5.0163528195670413 3.3182398926132359 0.9606943626241649 13.4903763719336212 4.9295644442443702 -5.1992204642190520 12.0557680546393655 3.6513067141544715 -6.2280352236865211 -9.0805495990853817 0.6889690169130840 4.1955906534889564 13.6931838951840348 -0.1908324689968934 -2.3606251122219719 0.9290965037505899 -5.6677004875891388 -2.2797352831322537 9.8300555844757476 8.5032377711360869 -21.2532718986141305 -9.0611777162914766 13.6696539924415301 15.3510030765952976 -4.0180412022802212 1.4632122506874958 14.7621149178776356 -2.3496755165204224 -14.3644807735326960 -0.0474960219338518 0.1610210185657679 0.7494159404529938 0.0402884744124998 0.0118217145731320 -9.9147747982427603 3.1335293895052949 3.4052950873312340 -0.9203892015574884 -2.5644658209372535 -6.4985709370372700 -6.9582285240147623 2.6819592337353466 -3.3285906622895896 6.7239581583575081 -7.6882692858759425 1.5625505836335729 6.3627119823990288 -9.9515308487904122 -7.3204545578555038 9.4582368638782714 8.7917235087380874 5.8216101733106536 1.8159851749440770 -12.2875262991200120 -6.5937825811096396 6.0440880720423564 -1.6854849559994833 3.9831472652485598 8.0105214724205851 -1.3114794951045969 3.9549009770665693 -1.5491955377044473 -13.0912298634568796 3.6396892586820275 -0.4326612768469336 6.6274883121131651 -3.9574654704442369 -0.9947791957276172 -9.6824217648854596 -2.7039784938722922 10.0814409963653695 9.3233543656699993 15.2493076585064493 -22.1099800345596620 1.1335114532541555 -9.2024220280506235 16.2625888861127521 -5.3528801354538347 3.2630940546706300
221.0000000000000000 0.4117815259843417 6.0000000000000000 10.0000000000000000 -0.1613194734430017 -1.2691383873656865 3.8064005601888935 4.0644241394326297 1.8160675194884224 13.8883653196459456 4.8461027614771730 -4.8377009517829599 10.9543244391074062 3.0796790740976876 -5.9184745887603736 -8.5966123387507203 -0.1164227064975084 4.1801268800612883 12.0750228686685279 2.3052198060017681 -0.7171348496639990 1.2284454823257833 -6.2424699755478263 -1.4332398017932568 9.7276244237023484 9.8619278490353164 -21.8454663761659198 -9.7849477335727677 12.7047713633682964 16.8439807580096037 -3.6159560511211546 0.5571503400368322 14.1884394142741233 -1.0462557932566112 -14.1161175418394560 0.6693933096985923 0.3771377518058950 2.2428562401385763 1.5768884673217132 -0.3754898156453801 -9.2238635551980543 3.5220501653518039 3.8568911761039288 -0.1597367890891321 -1.7935414067193893 -5.9008843060588498 -8.1221347457992330 4.7306998815994632 -1.4299211804450642 6.9021452260707497 -8.8154491370738306 0.9639131082129435 5.4553391491701859 -11.2311852610886831 -9.4516078566389758 8.6565305824642014 9.9528878453186636 6.8093931787735187 3.3422558645049909 -11.9356198882205735 -6.0203547338320478 6.0643290744437275 -1.7318574820356523 3.3158998545948037 6.0600155919640750 -1.4879705372864838 3.4891627666863911 -2.1991847037264405 -13.2361922608629872 3.6837744193238522 -0.6938352036546740 6.4615192309654139 -3.8277982877458729 0.0735668473087855 -10.7381444297232225 -2.0963993843455064 9.7609080117886311 6.8055831964771967 14.9622894443698407 -21.0529740159667966 1.5091140701619865 -8.7899939338500701 16.9283989035265847 -5.0842546128280777 4.8928799699006866
222.0000000000000000 0.4172636823864116 6.0000000000000000 10.0000000000000000 0.3276623256926631 -2.8659743154217869 4.0045542469060864 3.5104345860596262 0.7520899945049218 13.0469748637471916 4.5825310788042302 -4.1397377016279835 11.4046243418955839 3.2053911581249088 -5.2582609718516924 -9.3483079452983855 -1.0205561133152157 5.2747964262932667 12.6880517010958300 2.4164098366562254 -1.4134464948560401 1.0309088254223058 -5.5529526642058000 -3.2090062742744161 9.5330353719009331 9.4686655931022052 -21.1155919813378397 -8.6562327666035497 12.8445203470261298 14.9619733835506299 -2.8810806029306897 1.6423046731089843 13.9863083820261132 -1.6040328208849814 -14.4260121328704098 1.1472835990053452 -0.2885643326701502 1.2772905693910142 0.5118611220232595 0.7965044634367868 -9.4053357346368802 4.0776887561205815 1.9526689432241360 -0.3774093374009855 -3.0097311486938860 -5.9962220865330602 -5.6815751122695159 2.8674800214680087 -1.6584746778750181 5.9863576895350246 -8.5031033869432182 2.3229022151238645 5.4254402754911011 -11.2425050346782331 -9.2702330039155356 10.3274378997583760 8.0591099000310962 6.5831250647954604 2.8783748332799006 -11.5629589087369009 -6.6089938732193003 6.1940398416135602 -1.8611383234041885 2.6257137931667871 7.8617996704190727 -1.9722573860712751 4.6690908095704433 -1.3794020631399466 -12.6552455562176327 4.6647947744554248 -1.5972026682184013 4.7751531800073490 -3.0610365136649382 0.2876816818956797 -11.4372748306859613 -1.8914310559613292 10.2050027315650205 7.2966767734057925 15.4821839123242633 -22.2650132764595696 0.1008986865980086 -9.6064987598998002 17.5909374278339250 -5.2967072475500334 5.1340002219690959
223.0000000000000000 0.4156747906202316 6.0000000000000000 10.0000000000000000 1.4797427796960112 -1.6395896040488305 4.2231418595966694 2.2752004255367475 2.1031987101459215 14.0428060838409845 5.3253373718223846 -4.3135733889989121 11.7853595889552931 3.1981968333501980 -6.1114495026178357 -9.9695438255664630 -0.2769011244505731 5.4116431986928193 13.0336779675199246 2.3281406529749011 -1.4335658404698726 1.8408591305414386 -5.2428642496448461 -3.5696307844923547 11.0369556014365067 9.2977183212545658 -22.2804160109189304 -9.7062818305822507 11.9703661400635717 17.2358646593259692 -1.3060030775434939 -0.6047912931832319 14.6846224266698400 -2.1707691348734413 -15.5400893560566491 0.4821103680051894 0.3391071205821404 1.0500835652036800 0.6659365510801295 0.4168803426662421 -11.3006757410345990 3.7182697819671073 3.0579275332937974 -0.6056876078160151 -3.1759048174151236 -5.2542439460762571 -8.0667704469261157 3.7230525348272669 -0.7739040755519895 6.0183589231394929 -9.8095046569781381 2.3854169562441592 6.5597635806438790 -11.6422674845263128 -8.2937430662562672 10.1815389220788841 10.1111711440601706 7.2275078990745625 4.9386532482715246 -12.3471843279740536 -6.2464389152066611 4.6884581701012928 0.1420259937062833 2.6143435003146291 8.1640727306663123 -2.5053984942483765 3.8323419634505274 -0.9970727460646606 -13.2080262365307224 3.4689248111580233 -0.3552125536101718 7.3232550751346759 -3.7352382942465008 -0.2017700740397493 -11.5445579325056489 -2.6804507160207929 10.5091309706083162 8.8328429730588738 14.9771455810499479 -22.8299953786714802 0.7272095420106657 -9.2741527440250362 17.4970867451954106 -6.2272864774103134 5.0555867554016780
224.0000000000000000 0.4173097306521557 6.0000000000000000 10.0000000000000000 0.4545810897551775 -3.3609411600673855 3.6203228914099315 5.3214784739151790 1.4516637614884536 12.0991722736631893 4.9299828859592756 -5.5719485523147272 12.0526250948075013 3.1666243789725210 -5.1953175767309672 -10.3340374863127522 -0.3337910111341167 5.4296428213554435 12.6154158885316399 1.0318822283924975 -2.7711368518869648 0.4226571265074274 -6.0469630278032884 -2.7747967359575396 10.0320154478268311 10.1196947557705244 -22.1735812392735063 -10.0326554606868648 12.8260101108339377 15.3787786649428444 -2.5526332495446891 -0.2863303138218122 14.4620854710189626 -0.3286543327973821 -16.2861280059562574 1.1949965618026037 -0.2433562453644953 2.0111036036561352 1.1558735341297859 -0.0315381997659017 -10.0605317103646108 2.8660875299390498 2.6812225496775568 -0.1910136608900088 -3.2278395956777870 -4.1029112214147458 -7.6800768372418240 3.8451655246182881 -2.6380204861370715 5.6107582912603613 -8.7957727479882895 2.3146783321197115 5.0810023999838219 -11.2032530429940458 -8.9940548114277927 10.6278896428656875 10.2781971709343267 5.6847951796879128 4.0197624477655580 -12.3297168097480174 -5.8218367629433212 5.6196704912188089 -0.3051155075795286 1.8192905220924698 6.0145509116327043 -2.4685960196952719 4.4893883349201307 -2.3821455874338926 -13.1436039473153325 4.4090038651728820 -1.2460915553516638 6.0876973785475759 -3.9318168140548968 -1.1644725745843998 -11.1947363185455000 -3.0961061220273192 10.3405932783228813 8.7054976045543313 14.7748301549272494 -21.4462068321515851 1.9848709982246011 -10.0664968720522801 16.4287505803256515 -5.9297395340481511 4.4816626618012814
225.0000000000000000 0.4145972313827138 6.0000000000000000 10.0000000000000000 0.5018620286569115 -3.2734513773315101 3.5032564207480057 3.1017076171746716 2.1616653040235310 12.7648307974813662 4.3396857629767993 -4.8373579767794688 10.0283632332270507 3.9282945766012407 -5.3249757833553231 -9.0190515068444466 -0.2265046679060762 4.6103533314266913 14.5263535948791187 2.2945670528293114 -2.1502201087246791 -0.4526607710259369 -5.9464306171062384 -3.1270912739144330 10.7597588414350707 8.5722441700705208 -21.7509197279899595 -9.2047669754333814 13.2448864153916190 14.9858379710383947 -3.0190795296408863 0.9897971292135472 14.3776920737782969 -1.4833290079227481 -16.3772186593957763 1.3988301767895726 -0.1198547402339557 0.5954527246824092 0.4037326349215538 -0.2916376739812075 -10.1576109651456949 2.6066995880661787 2.6973522140513495 -0.1911345995559939 -2.2429086858726870 -6.8494987039711610 -8.6957657911455151 4.7688458741270248 -3.3900323548777784 4.3458340405342151 -9.9397793977440507 1.0953270911415287 5.8112891627328196 -10.0356772885781762 -9.2131046906554896 10.4872860283199305 8.8819952053069695 5.6382056542317613 4.7219298702021355 -12.2732204542925345 -5.4170145042840083 6.1337354865480389 0.2406417024012194 2.3432313626143264 7.8219842670958606 -2.4613665413266377 3.2004486570901252 -1.5553854061621388 -14.1002879197920965 3.6387847041706722 -1.3006167142867215 5.4110415689450777 -2.9686865850447832 0.8840354213310282 -11.3309252376544016 -2.5729862181682668 9.6741153846087879 7.8845296460330161 14.7922012939330418 -22.2388172443676453 0.0290882933758780 -8.6674873377556683 17.2903549759061050 -5.6491431682870816 5.1608194181548024
226.0000000000000000 0.4154242410119763 6.0000000000000000 10.0000000000000000 -0.1941436968884542 -2.6787790134508285 4.2098460817390100 4.1653336770823151 2.1178524554198419 12.9290105159937969 4.9372221198472879 -5.3125077477326954 12.2312752286436570 2.7106823494654133 -5.2243076192300562 -10.4807799437385789 -0.1937632351201368 4.9215642768672367 12.7215403966255440 2.2469794512301942 -3.1891924184321065 0.9513581910892438 -5.2412992351757985 -3.0608829436718725 9.6164736353782843 10.6122323845331881 -21.8813089477194609 -8.7233249795946968 12.1762376023034058 15.8828601795659772 -3.7970293792934253 0.1312857951523015 13.3561015303371153 -2.2514201132264366 -15.5801253867295220 -0.2233885338360758 -0.3997995472371303 1.4385687575825392 0.3174793049279389 -1.1826609747290056 -9.4738332128554923 2.4980352605033129 3.0280232194017556 0.4909255469754318 -1.0543439372585945 -6.0401938487810929 -7.6865276187698566 4.3892395444897074 -3.1054795826722588 5.4765925597681155 -8.1797895841629256 2.4381692386847877 5.7640168751035894 -10.6994725265197701 -9.3309161623918566 12.2331902953401332 8.2775925244066109 6.7457193056561291 3.2966460562031803 -12.8598128188607497 -3.4296983890574704 7.2510309756610489 -1.7231490998713748 2.3716854085603192 7.7358367662842085 0.5175736293815458 3.7717218211132093 -2.4808082053448768 -12.4441718726033663 3.6726799894445628 0.1612548823770801 6.4175256038414226 -4.2965224234610204 -0.4311248313846576 -12.0042702701551249 -2.6708528046221063 9.5232396723541903 7.6854657904984549 15.1839006112210892 -20.8672573766899774 1.1256858441363342 -8.5928097062481186 18.5268504380537244 -5.1321108131705575 4.5217699584357840
227.0000000000000000 0.4127436052814228 6.0000000000000000 10.0000000000000000 0.1808708281080925 -2.5124302596753747 4.2876670685641951 3.6259440396783531 1.6898320029490357 13.6583426643009442 4.2274583992448953 -4.5480835783415205 8.9965536041275467 3.2614561672083897 -6.5520795532531420 -9.5225393756186953 -0.1976869254959658 5.0538170880802271 12.9712007204229636 2.5865127931451721 -2.0978007167015864 0.1889480281138620 -5.7986462706698276 -2.6311527166564237 10.0965071388943297 10.0169017245494718 -21.6980262025139865 -8.3603519136126696 12.3307876186491789 16.2504786375603985 -2.1312728590225083 0.9277207280560065 13.9052030423341098 -0.8970574590158646 -15.8741017544472136 -0.9556254503443296 -0.7541024175011511 1.9987955888136377 0.1565290270437386 -0.6731315070316104 -9.5618289781791788 3.3583688636714073 3.7213492079086485 -0.3383597338234675 -1.0919280347321978 -5.4836810024957003 -7.9518525385591792 3.9171367247717495 -1.6518302066440032 5.8045598511205254 -8.9315329652940694 2.1224236181850520 5.5021456749106701 -11.5159177673510857 -8.7709554158037637 10.8583545488581539 9.0468848948694411 6.8161671144047293 3.0524563692331412 -11.6473835832585735 -5.0761267975418072 5.7716421755932972 -0.5457815363918862 2.6271356014054459 8.2799525378265084 -1.3236420525073622 3.7705796399633522 -1.9864205250172324 -12.5137096387074482 3.5985003104619611 -0.8947995335085710 4.5611108595075525 -4.1586375939611413 -1.6508983783213749 -11.2443449691059936 -2.3501529859146024 10.6722620160308246 6.3352179988951747 15.4133442245338763 -21.2338857102130660 1.4526448482931866 -8.0839463485391239 16.6538258054067541 -6.2474206285874434 4.5564207180492096
228.0000000000000000 0.4144867911839528 6.0000000000000000 10.0000000000000000 0.6839154722913373 -3.1597583361198676 5.3592775612680548 3.0834505354999098 2.2043273464921715 14.0989798602927010 4.0014176244844890 -4.7618136865359446 10.9055601366139516 2.4286136043229707 -6.5250067507232821 -9.5066378526792850 -0.4060396986451749 4.8484221126692066 12.5880402944141903 2.4802876274804389 -1.3914372032720117 0.9342889991404559 -4.9844783308328111 -2.8431971124700901 11.2676468442185147 10.0231530368863702 -22.6877114586995141 -10.0741959798066354 13.9026160522788196 16.7249552646801050 -2.2575755568176747 0.0328197390820371 14.3385589381774405 -2.3179547241505056 -16.4176789035957071 -0.9120505420364509 0.4022870778834940 2.1628697405861979 0.6468003018270838 -0.4563408668375345 -9.8999324545185523 3.3888439290975096 3.5427168589392006 -0.1162871888306856 -1.7838653703114959 -5.8118327555420484 -7.3436576716723936 3.5075990951896152 -2.8235936654601295 5.4473150962257595 -8.2428338717940512 1.7041622408278634 5.5741582834576651 -11.2457827097455603 -10.0548021801419978 11.3168292184094650 10.1850374939075294 6.1556496259150979 4.8009322750587078 -12.4558729641358088 -5.2409308559366350 5.0939402346820426 0.5943952677100803 1.9670149444715470 7.3667728955796283 -0.5835685129800353 3.0461877712872996 -1.3435338130741556 -12.6259956431204845 2.6052383536398613 -1.3508242476013437 6.6550670637443323 -4.3205962566067981 -0.7206275753595726 -10.3269010075524417 -2.6172458468383772 9.7572883399636972 6.9194283196090991 16.7407957857102758 -21.1294527849922460 0.6529143306353291 -9.7767314854723075 17.4828998972888598 -5.4374198362027686 4.3946048629775847
229.0000000000000000 0.4139710465576061 6.0000000000000000 10.0000000000000000 0.3874271585607138 -2.4832801593698606 4.9869408818597805 3.7658459175091576 1.7693920147359488 12.9779746560327087 5.8580101134077625 -5.1750116935488286 10.4437761151894239 2.1208300086259708 -6.1945639688858742 -8.9284458105699560 -1.0543045296861220 4.5675857748475863 12.3594029278979551 1.0386824056221786 -2.2306513380518451 -0.3656693214136345 -5.6867487510477952 -2.7846459664651286 9.4320710001486958 9.6901537794086572 -22.0083426279212624 -7.9288318181012514 12.4911306261048729 15.6236791509282344 -3.7164960679985515 -0.2792920887215743 13.5707268696653358 -0.5334605446210905 -16.1739405680024184 1.0471710747690945 0.1440637889896446 1.4336283116682638 0.2482988480719298 -0.7055750596278343 -10.8852147588509922 3.4219624347866096 3.6112489818443336 -0.2242787992111213 -1.2859306495640190 -5.1182373743228702 -7.0295304835395367 3.0105455878251073 -1.8027180364602295 5.5011386860915881 -7.5438184291341175 2.9132448689614909 5.0798250372065423 -11.0752874595674360 -8.6514752670816240 10.7556433509178611 9.1740817318099044 6.0916117150803455 4.1507607582716100 -11.8918716618167704 -5.3923854471002590 4.0026363488053880 -0.1404691598924520 4.1195251312765961 7.1216232286322638 -0.4467414821360733 3.7193020733627336 -1.8270766925053865 -11.9231244796964919 3.5496297540551489 -1.4272744439204688 7.3280578996202319 -3.0729658864491682 -1.4249148877803393 -9.9289413269815725 -2.4464874534409615 9.6348817180204520 6.3510822595244898 15.4023350902595055 -21.5872561217850318 0.9358310499405199 -8.7819623805430123 16.4811182968769536 -5.9594900962730213 4.6948066468933884
230.0000000000000000 0.4155036482046995 6.0000000000000000 10.0000000000000000 -0.5696483499326533 -3.1117457196503073 5.1167702364143306 3.4455315531205399 2.0677873118727743 14.3873947287339323 5.6201054339959065 -3.9022601723681016 10.4363206934142028 1.3214694382152909 -5.7994342494377573 -11.1876990133143472 0.1491581068535950 3.4679331911722242 12.4436067478170429 2.9339510624066016 -1.3266180234312173 0.5123625336096057 -5.1711299440957612 -3.3037219500636144 9.4405391717892844 9.5396412032298521 -21.9806393876199060 -9.1978512031507478 13.6077606143854482 15.8627469184181500 -2.4417817051236668 -0.1185332384648160 13.8041491597344326 -0.9233558293789166 -16.0038764624792833 0.2893005900879305 -0.2155709015917669 2.6525526896681164 0.2074017988769942 -0.4902649778461422 -10.2523957728736086 3.9480993713423511 2.3735396579311714 0.3234442917982728 -2.4055562262426151 -5.0710089279497934 -7.6286013038193694 5.7821253678355795 -1.7616009973707820 6.2217444000516311 -8.8311901617963358 0.6633491540301530 5.5070147953295105 -11.0983309839091824 -9.3866333537467916 10.5320423275580204 7.9540888629918447 6.8366611922681919 3.2400521141516561 -11.8146818487040068 -5.2421863961451773 4.1768218522054479 -0.6950110104457006 2.7442624826400648 8.3110180944406462 -1.3098525443487632 3.5569738919608267 -2.9604393854781206 -12.2955864732046436 3.2643834545028425 0.4676791699127811 6.0967637965010049 -3.5750330933672512 -1.8422898351246397 -10.3830819742012430 -1.8574733301274688 9.1788599611820789 8.0931295046172149 15.2025776838502846 -22.3606823317706542 0.4400002117908156 -8.3772528154131223 16.8672070255244719 -6.4810380538554222 4.9138621550771751
231.0000000000000000 0.4130017102072202 6.0000000000000000 10.0000000000000000 -0.4537181236570116 -3.0308619914874124 3.5737505401563205 4.2990261127533840 2.0723471055268741 12.2542388969046723 4.5687322406712640 -4.2166814180030245 10.6209333781692585 1.7530922291499200 -5.8288501755748987 -9.4980076969006753 -0.6289186730232572 4.0597671401038404 13.3925020320300305 2.3071748550073519 -0.8014598918416067 -0.0581900621095126 -5.0611166598228907 -3.9775762534946648 9.2838276112909384 8.7195883126603455 -22.8101752129079749 -6.7873986193885436 12.8638434228672978 15.2987437517608669 -3.9824439803076519 0.8312736437450241 13.9210309311852942 -2.4120209135098705 -16.6555531447216012 0.7918057969150264 -1.2182467877246816 2.2530658437604112 -0.6894042126506985 -1.7206315026117562 -9.1356568806316467 3.5656005909774118 2.8066343315518383 0.5086815351117218 -1.6900705599331056 -5.8946181043309345 -7.0860493669574192 3.6539639927279457 -3.4620761276271534 5.2060006030640587 -8.2453391096242523 1.4959789103396979 5.4633790296227840 -10.7286477589261029 -9.8620206114955113 9.9263834522944627 9.4624450742962196 6.5389324329727812 3.7394027219832537 -12.4137659521577799 -4.6583053256042586 4.4752443692389656 -1.1826968251912573 3.9706859714469558 6.9234329222744311 -0.7050171040188055 5.1098665069125815 -2.0231064899606102 -12.2413037877085742 3.1726060320555427 -0.7780584367037886 6.1983002508280700 -3.9404802246862727 -1.4593809430498947 -10.1758308098352259 -2.3595080476425538 10.0092650634542117 8.0945180840244753 15.8786387406197314 -21.4374932853613984 0.3175823585769127 -8.9009363740305716 17.0141430980154595 -6.1832948985475564 4.4028101689864831
232.0000000000000000 0.4120297920808031 6.0000000000000000 10.0000000000000000 0.0440508236837765 -3.1135790399238710 4.1860107377353923 4.4868468492408935 1.1177162431138052 13.6223628500577458 4.7578371848478795 -4.3219409611926149 11.0757069988575481 3.1125847173295247 -6.0802573446944290 -8.1019334922483104 -1.0493082692108349 5.0092090633526718 12.1455700051098887 1.9431518037494657 -0.7872682666668147 -0.4538465977172347 -5.8303776137534529 -3.4376897435011076 8.3705959307249191 9.3354480532717581 -21.6434419818367019 -8.7930341564921619 11.5741380173370452 16.0132299362396395 -2.6648436702307179 -0.9201347354229513 14.1305906085895625 -1.2048626298492338 -15.8037807265534482 0.1959672091028146 -0.3875984363608603 1.0683425771432100 0.9809658846613135 0.2446516652959894 -10.4263937924315435 2.3301016050667349 2.9794034014654831 -1.3445476783892840 -2.2300246751533095 -6.4477216533927653 -7.0222827768736318 3.4524707607979259 -2.4470777221111879 5.0463100688522191 -8.2053559122414708 1.5131589651009416 5.0496694360667647 -10.7158099252475179 -10.8740878071647131 10.6979746827847730 8.9812881567520435 6.1382601133899746 3.1298487581057941 -11.4131724820546765 -5.3812255580640587 4.9017408268543914 -1.9154451633295906 3.5984153926819684 7.8694236233626871 -1.6124049910685920 4.3064575322692935 -1.6538385534690756 -12.5087537116770928 3.3490689671609180 0.2620210587774255 6.5326714208235082 -4.1511227148172178 -0.8190971173445031 -10.8000962228684703 -2.0948789182002896 9.3725688540429051 9.2501656239062893 15.3761731163399276 -22.2357002694232762 2.3484523570600286 -8.4442806825369914 16.1275726001956059 -6.3347003026443192 4.4069913169106405
233.0000000000000000 0.4135268135848442 6.0000000000000000 10.0000000000000000 0.1240107667537642 -2.6788047375417343 4.5349305894628014 3.6461237576599683 2.5742487240316994 14.2246673550461047 4.1356751100639313 -4.1817782888613610 10.8299538632514452 2.4684388974205329 -7.7126015835420052 -9.2100407937498439 -1.5260795398862501 3.6292263285607769 11.9142738794817529 2.7118396860135827 -0.2505101748361577 0.0513874929460920 -3.5633536071824281 -2.7574147696070366 10.1752211050979344 9.9724992283631426 -21.3312453515808151 -9.3726413806648434 12.9792986747422443 16.9385161469346208 -3.2973101081539040 0.0037165631722870 13.7037728803037098 -0.0463474635809824 -16.7368519919320100 0.4413687764902768 -0.6229145538078757 1.3784164525128628 0.3244614517154648 0.0056714365533730 -10.1828147420737558 2.6408417518759943 2.7059448698530630 0.0985230826999641 -1.6638847072183167 -6.0312304729744417 -6.8483627341518343 3.9421008188194127 -3.0668795397441460 4.8914049851424073 -9.1304884521624423 0.9084216157585707 5.7565742408751781 -9.5689230667947065 -9.5085829368548609 10.2752231216071372 9.5066908145838145 6.8708688037959655 4.1072538354567261 -10.5904198420918352 -4.9924200989686680 3.8957849004130796 0.2150467502503198 3.4162564310574104 8.0521909389588959 -1.5834472566389475 4.6363193052044371 -2.4048698721230015 -11.8054777979922232 3.5400557958603605 0.3516564581493489 7.1152379544895856 -4.5909627963774522 -1.8445594641476308 -10.1334309754231118 -1.7062861521814709 9.5665777399136189 9.7646184829368448 14.8756085263053208 -22.5189032956014223 0.7372066564586995 -8.9952383719129774 16.9279343274480070 -5.9173058078087966 5.4696278756872463
234.0000000000000000 0.4135465827394618 6.0000000000000000 10.0000000000000000 -0.0110288047494602 -2.8026036344929994 4.5971932011733454 4.0850303063432847 1.9808057887069390 15.0315742456157615 3.6711947701507404 -4.9487822627924558 11.8544253751426680 2.2841930250184923 -5.3878813071175751 -9.2470792896913316 -1.2882513215870248 4.1225010220406588 11.6089296790734942 1.7101588110244617 -0.9437222028029495 -0.5327148279446029 -4.5151909907740650 -3.4282689817976788 9.4431988242101461 9.3844072604608346 -21.3569245561985319 -9.5973098405963491 13.1788944295674089 14.7963452950867111 -1.9540124695392918 -0.9883854709567983 14.8667150716865120 0.5192668715441395 -16.3166304206147501 0.1520398772104202 -0.5973647416079841 1.6041372564242184 1.7712809945221051 0.8756095186607603 -9.9621614391635465 2.5244941074133944 2.7810659041976464 -0.7445057505349374 -1.7990520753080261 -6.1167638828952491 -6.5195687164700731 3.6325477872371228 -2.3296610693175754 5.4423939789972504 -8.1235652275087666 1.3177859033270214 6.1319422434848914 -9.7616766909723331 -9.6557290678028789 10.3052989239114421 9.1612038148757122 6.1801487913660011 3.4135090446390115 -11.3177679870416856 -4.4905533536215696 6.2022591606001276 -1.1246255419143338 2.8618584579087893 8.6046356253442546 -1.2657000701242533 5.4074987928803253 -3.1150997553681288 -12.8823542947068628 2.9891868124597978 -1.0756001054759685 6.6700079357916264 -4.7372099923711026 -1.4259894846390031 -10.4831799322020842 -2.1803195624162766 7.8686485520335525 9.4427825489876334 15.2888944357433125 -20.8712692964486735 1.2597166388711944 -7.4080284522406403 16.9341384845938840 -6.3402841269713939 4.1933491094632940
235.0000000000000000 0.4131576443438282 6.0000000000000000 10.0000000000000000 -0.3351617580701561 -2.1655318316931433 5.1531680514869631 3.3240769697173125 0.9904512771436800 14.1469029381812756 2.7011429671280358 -5.8589103602848791 10.4551270448783296 1.1569105437666993 -6.4259149973330070 -8.2687744746673051 -1.7096419494885300 3.8821651848941952 11.8180122284226492 1.6651144178643840 -0.3076232033727446 -0.3472296417371073 -5.8387168882924119 -3.3212311147635289 10.4809680863818695 9.1186455309090579 -22.2242414035112468 -8.5975955590860789 11.7483527120605640 15.2506880634571953 -2.6897176183944436 0.4910785840889303 15.6078287224743875 -1.0576412594098112 -15.0026697598040162 -0.0978131749909681 0.6468058430042453 1.8326254740919736 0.7338075169320972 0.3901298493582771 -10.8322277626078787 2.6920361388111109 3.1804676734027288 -1.8437286981348575 -2.4221605664796297 -5.2229222760448737 -7.4799507969088701 2.9743997628668604 -1.4807205738544647 4.8111213062039333 -9.2844682343965044 1.5516273523245208 5.5428456178429562 -9.9706667012159986 -9.3997095023770960 9.1838451719338412 10.0554860249181068 7.0042972748129895 2.7780212232370269 -11.4697310306012579 -4.4547826014490823 4.6990630945085616 -0.2575965491004950 3.5576538841640759 6.9805413252219326 -0.7937292775465835 4.4726238923177322 -1.7218593486930760 -12.0015848492356731 2.9945915705474251 -0.1018908476501508 7.3299188936840025 -4.7431022063049939 -1.8058426216279151 -10.5500569692397921 -1.4321854446482865 9.0952216212630308 8.2388622296456955 15.7160047291322762 -22.4053153651671693 1.9453110297606981 -8.5224065237910871 16.5847328240125051 -6.0597437504584386 5.4459474852643286
236.0000000000000000 0.4121473074083962 6.0000000000000000 10.0000000000000000 1.5466195521659436 -3.2215916681170720 4.4821419339690181 3.6852363507158947 1.7640975197498252 13.1981977416295670 4.0439120891708891 -4.6028327661078867 10.1167294723684087 2.3244040724422210 -5.9264743433525355 -9.7222964734208173 -2.0428006940223931 4.8722201624585653 13.2272466623679250 2.2632206144965092 -0.6946170897356084 1.0398204982253267 -5.1003031780328003 -3.3435756785702346 10.0378582392024818 9.2964225599406252 -22.4546301329486866 -9.0189704125336743 12.5756025034394003 14.8948027726637147 -2.8410191356763970 -0.4380560246799283 14.8484628275197874 1.1166273875256529 -16.9607297548610738 0.5580659247509975 -0.5602152874621213 2.3302736311016252 0.2611329636180039 -0.5489384872675526 -10.3602557579250281 4.1537848950449714 2.6712166720299844 0.1614888992733634 -1.6838201745935690 -5.9197341399721539 -6.2309534519494347 4.4537683732473008 -1.8507824666046355 5.2997232654202096 -8.6198596238282992 1.2036514374254761 4.7182152171762164 -10.7422852414353613 -10.4842345347467756 9.7877241014796859 10.0527532597772566 5.9019571499005359 2.2923201960362767 -11.4928350940374351 -5.5365002195104571 5.5480785899124632 -0.1815732509698261 2.9419910175732111 8.6005844716631756 -0.6363941258543209 5.4448367558135828 -2.6195626170517752 -12.9670619210195817 3.1952670193039894 0.3751624725392982 6.7913778166293381 -5.0124717040200713 -2.1257681392597134 -11.4120251015541747 -1.6809796112063879 8.4892323534740886 9.7330567761219058 14.9440229716179083 -21.8796773987050912 1.3298910114129303 -9.1362293201028546 16.9502589357977165 -6.6680933012180104 5.9675984543162475
237.0000000000000000 0.4132121854389689 6.0000000000000000 10.0000000000000000 -0.4470254726981093 -2.2101825908404926 5.3172550548448001 3.7011750315447411 0.3650414537618618 14.0681992045074207 3.7343694622358932 -3.5489853181905402 10.8735621876865167 2.4191731821437763 -7.2276756490483969 -9.2131709139198001 -2.0382676896938521 2.5794108891772449 13.1766563095342999 2.4250433605356929 -1.6849384905202012 0.8273036525453706 -4.8049345405520310 -3.4985422275437363 8.4436862459801389 9.8654895069613282 -21.5959275503700781 -8.8134041644210690 12.1177789931413251 16.3379598472452372 -3.4215432694699395 -1.0581618447351417 14.4765607799563458 -0.4966749849042066 -16.2809238815162018 1.1124738487698911 0.1965508228318632 2.9162865847530113 -0.1458827470782856 -0.3227782130850425 -10.9635844526717712 3.0387336425484799 2.9719196028826524 -0.1160913147964062 -2.1207722283689723 -7.4464107204832128 -7.9364346450370951 4.6739864976416552 -2.1383479650106119 4.6772191718116867 -8.9833551764959196 1.2007354463169615 3.9598931854727981 -10.2806863934789661 -9.8084124898538274 10.3028060968272648 9.4836121204508821 6.8350087827169475 3.6870743321457082 -12.1394404986362243 -4.4594970029430616 6.1398687452779690 -0.9313381510998509 3.5351958007911337 8.7841283098359728 -1.2368882283574472 4.9686406364195328 -2.9061637465577554 -12.5366098309525285 3.4599689192319727 -0.6345008163806704 7.3167071456908737 -4.6171692510711182 -1.0880398138099565 -11.3212527091047086 -2.7888786500714540 9.8744298944055551 9.7523232836282538 15.2187297132910189 -21.6822667449477109 1.8895532215612867 -9.8930311056473137 17.0785054928227567 -6.4596647222789345 5.7870941995808955
238.0000000000000000 0.4128620919372736 6.0000000000000000 10.0000000000000000 0.6879634962019550 -2.8450189639168557 5.6541430177603322 3.7901828642034299 1.5514611330077623 13.0806840990078435 3.5278269618485112 -6.4313237423414389 10.8938375285747071 2.7802953089670237 -6.5308906968014391 -8.9239643288716799 -1.8358059384696817 4.0687081405186474 12.7480972192468620 1.8964090850113240 -1.3367950233199770 1.0141209781024816 -4.5633441731497930 -3.8080170645553046 8.9719815748411946 8.9022990514966107 -22.4035047253977417 -8.5439364354197416 13.9936658098552922 16.1067981842998407 -2.8067974748846618 -2.2869264663328250 14.5231293746893684 -0.6048183588181754 -16.8088693153877209 0.9395205293277963 -0.2812588463513643 1.7513367162987352 -0.1853418976033170 2.2007579744252648 -10.4016321341269826 2.5674902722352844 1.9992261929638881 -0.8880744923235123 -2.5249113705546380 -6.9463850873158277 -6.8411837781706248 3.9344254256959381 -2.2190935762377224 5.5009176516151035 -7.9297562138246231 1.3909087549413788 4.4591773127610397 -10.1578331797278096 -9.3505170126273338 11.0854665645682662 9.4690236439123172 6.8088029768369696 2.3917908103248480 -12.8761860210526518 -3.9148566403355236 6.5444900228453635 -0.0453480410150038 3.6500893253764781 7.8528958682675452 -0.4764589904492913 5.5724558136504214 -3.3263968245206588 -12.0930967675490528 2.1217491980984784 -0.2371114219546993 6.8173844146995179 -4.4542061050101838 -0.6083225124508310 -11.3133611067745399 -2.7526611170220905 8.1663983193647880 8.7708182600361368 15.6085900748226507 -21.7452586279321203 2.5417849399791308 -8.3732884516685733 15.5642944477939746 -7.3429233919105137 5.9028228389292625
239.0000000000000000 0.4153527228619550 6.0000000000000000 10.0000000000000000 0.1245752143428697 -1.8984477996175704 4.9919350099784543 3.7036619883579389 1.4800673729934748 13.4147569752358873 3.8396423654075278 -4.6708166983503148 9.7050927193018843 2.4662197216787272 -6.7626405216000540 -7.6456155681217544 -2.4026258952098365 4.3359839832043168 13.0308346093649909 1.7503285174103782 -1.7374665819236990 1.0644095121547519 -5.3599216251375514 -3.2117345358475897 8.1496749877623813 10.9630020475685104 -21.8263691903106292 -8.2852120560144336 13.3411574289481578 15.8331054611344459 -1.3552642655791591 -0.0488501194207607 12.7448851477152534 0.1192234752531021 -17.2184537775789863 0.4645610309971999 0.6654134291689086 0.9537341480619195 0.7681455613058983 -0.7149696852733760 -10.7060978054238092 2.9152298367735150 3.2311466081027520 0.4902239555197129 -2.0299079787488310 -5.5347316702601885 -8.0914151461337163 4.0991478713083591 -1.0070002646721616 4.4625982775772659 -7.8135483704145745 2.7274829696199951 4.0796265205321784 -10.4423738986229431 -8.8629537682829493 9.6407502895702812 8.5050306617247831 6.9069322680779432 2.1208742209803635 -12.3672230792885767 -4.8714419147796963 5.0025418391668639 -0.2192022221106187 2.7888263412429204 8.1420988309444695 -0.7428736727947686 5.7857542997386631 -2.0754966067686329 -13.4530063167756673 2.7186250095809155 -0.4891614886088206 7.0505675385280604 -3.4807855386945152 -0.9954765223922770 -11.5766371967195827 -2.2911286355300677 9.7146904475201161 9.3041391371659525 13.9674503806017789 -21.5074996938130063 1.2224746957815698 -9.3146424379502673 15.7144945216903800 -6.0729450192339662 5.3084454132647210
240.0000000000000000 0.4151626628035884 6.0000000000000000 10.0000000000000000 -0.5517943396916776 -2.6788553147653720 4.1302558575053769 4.4385242957989339 1.5541229524229596 13.1298154457578793 4.2561098119587468 -4.6957813938440216 11.0410505420905025 2.1606256372255421 -7.5638329140754292 -8.0754719909538046 -2.4984479698060507 4.0006021118557005 12.8336909427369683 2.1967883036572040 -1.0996946615749315 0.7552129187560608 -6.4745278856110193 -3.5811321706436194 8.8157998002115221 9.5119467835050120 -23.2595296544863359 -9.0968773843284154 13.6170837429605065 16.1350085836104498 -2.1010285768619261 0.1606743579312756 13.8972167675979392 -0.5827830989041788 -16.4657955201794728 0.7403302141997398 0.6203902286333254 1.9473943407824030 0.5052445554707296 1.1076549957393569 -10.9635323013731210 3.2887539264856969 2.9347539303626413 0.2041474298350795 -1.8455619816626325 -5.9800518062733481 -7.5816142976545002 3.4968554344339671 -2.3619541976277700 5.9593066756767010 -9.1656040908264007 3.0366559224366423 3.8155537377319497 -10.2237900922236662 -8.4123856362252702 10.5045372683630092 9.1191338009169733 7.0185140682581872 3.3848004070530378 -12.6069077954881497 -4.7089666279550002 5.8974995893337132 0.2618377573496354 3.5522485466581721 8.4141957600321664 -1.9203063697840275 4.7858405791959964 -3.8212179130925596 -12.8554995464890300 2.0238396013291715 -0.1136768612045429 6.8890032421518592 -3.7944335439713872 -1.5067671008192349 -12.1447584008378069 -3.6247438497390059 9.5060339167887467 9.7557227764807450 14.3869925989169616 -22.0045052364588258 2.3924435840281393 -9.1174504272892811 16.7886147677958455 -5.9854955980151097 5.8554211804240266
241.0000000000000000 0.4125112006565496 6.0000000000000000 10.0000000000000000 -0.5280172076880487 -2.3758565167984287 4.1319875896404259 3.3679115951458622 2.6653592134688591 14.4874156687093709 3.0977029318889340 -4.6007147820918117 10.6515436936413366 1.4360856199799410 -8.4323124820776059 -8.7514679402051723 -1.1042194888105175 4.8906586139160053 12.7566245078471816 1.6230318527502670 -0.3458155231334842 1.1313303929026759 -5.2552149186534818 -3.1959579607486712 9.8003202037363248 10.1370554928672902 -21.7737210079722630 -9.4696756471707548 13.5424533175699828 16.1492603252483384 -2.7821166090518772 -0.2204498502721262 13.8422356210716337 0.5859196029872559 -15.4651378986916548 -0.9349278091552610 -0.3944666145177179 2.3018913253475972 0.9058905990297812 0.4689755969413406 -10.3749198114563725 3.3536114980382905 2.6957129501639159 0.3776952678785336 -2.7411217648703818 -4.9166874350900862 -7.3186698209462122 4.2951106755023325 -2.0347229350904557 5.6104446496152978 -8.8354088496913015 1.8822025296901534 4.3017807685754388 -12.0346327105835460 -7.9832712534271000 11.0741040595903755 9.0281848367483715 6.8264888752659525 2.0109350099589745 -12.8356586350690254 -5.1731445827277236 5.0619032376267334 -0.8063167321810176 4.0120110584433730 8.9746775925333786 -0.9962069576135635 4.5390287478534717 -3.2633527959201087 -13.0589447702514398 2.6837447287187493 0.3660247455391882 6.8039603469068268 -3.7768212528423488 -1.3320071008274015 -11.6201562061996722 -1.2853053471443925 7.6893362914714576 10.3361973262443474 14.8379857553120118 -22.5919294404368642 1.8802083342115521 -9.3448298274626183 16.0656388408174244 -6.4892440814518038 5.4300463027187620
242.0000000000000000 0.4131211937890366 6.0000000000000000 10.0000000000000000 -0.2626128848772876 -2.8836789288466989 4.0580943111209677 4.7406062099261304 1.4444922754656453 15.0074326582631148 3.2941402353232982 -3.4231558212492752 10.3565362788506405 2.4649743616460542 -7.8240408747851191 -7.3104256056818970 -0.9834723018029766 3.1131231281390326 13.2352533534187096 2.2867856203553978 -0.5786408784910602 0.8337759021786194 -5.6614343913540326 -4.0062401388416733 9.5750604097728136 9.2120668421513887 -22.9300669923506995 -7.9376650601850232 13.7131378131217705 17.0291992015980043 -2.4649072108035610 0.5942110228126728 14.1301561054981146 0.0522407127436756 -16.6809725241009517 0.5614835567177462 0.5885817632033609 2.0359543961281443 0.5342314624287294 -0.1175589711283974 -10.9905833594698361 5.6035936321942295 3.6867651900627965 -0.8723126473434862 -2.2270695643172878 -5.0619053606959596 -7.3605576321735855 4.6585925372813275 -2.9320170326507560 5.9703200570630877 -9.9469006461600955 1.8861590764310305 5.7285195823108079 -10.9803896071875648 -9.2845602874132940 11.6282285157689920 10.2168365193272646 6.0063542953643942 2.7747932837675608 -12.7389123970278746 -4.1326122015590503 6.4862449743715498 -0.0523452135830523 3.3624117742595181 8.8830142998423618 -1.2233624154620049 3.9500023269842495 -2.5306889806644950 -13.0706721333138809 3.7148432591948701 -0.3034611495499153 6.9163925420136838 -4.1767722925105231 -1.9442915303594055 -12.1181602358089151 -2.6907521853808873 8.8570602018992908 10.1356453030845532 14.5494673050993857 -21.9507556437163664 0.9390937942398219 -10.0563549907105720 16.8343062354651032 -7.0001369976764032 5.6798869827884149
243.0000000000000000 0.4135211807540033 6.0000000000000000 10.0000000000000000 -0.6246175437255089 -3.8161217001039258 4.6042966189569210 4.1116806291080472 2.8913600786751057 13.6278652756822947 2.7154201758276821 -5.0617212098755253 9.9267243408537649 2.0007437161852395 -8.0124999857710435 -7.0580463145058498 -1.6505516385189780 4.1130576680771354 13.1997231678960123 2.5892627560104202 0.1859154466108252 0.3079697282896796 -5.1270575790842505 -3.4842906394871100 9.6950029734660852 8.9811316367828766 -21.9593832077689690 -8.4008638172458632 13.8321113417949881 17.5907265868954319 -2.3251220125486580 0.2472304752980004 14.4322491238228618 0.8105238159906630 -17.0928298775882830 0.2131939277292275 0.9083906581458598 1.9649949997635208 0.2044903525309929 -0.5122668268045956 -11.9968760680247861 4.4726642023137071 2.9349108850994003 -0.2073676048589455 -1.0869755892443724 -5.2695016058021116 -7.9352132972404839 3.7816592286858102 -2.6444742716360672 3.7840903301927398 -9.6941063951227733 3.0778708399944756 4.9478455963708301 -10.5583314803786603 -8.1079136548222817 10.2222500167283403 8.2674643092158835 6.4285709305167629 2.4621314444561859 -12.1890865385411544 -5.0021817132704625 5.4538717693916023 0.3491988275916219 3.9477065794223734 9.4078223346326730 -1.0555991698134040 4.8723779440343362 -3.0229071355164665 -12.9659357754820839 3.4542366011100052 -0.1524451718110499 7.2147612524969444 -4.8135985936081305 -1.3193388670034312 -10.9294688394519319 -1.8063090898693901 9.9964702717555110 9.1260482715019169 14.9749858237312523 -22.6893908043799293 1.9779353240596556 -10.9235371167610218 17.0291471366634930 -6.5188453363867165 5.3728921506044562
244.0000000000000000 0.4125262856293900 6.0000000000000000 10.0000000000000000 -0.7548914744047406 -2.7393924766504547 4.6924071905555520 4.3432788994747220 1.8302735394737986 14.8359886268154550 3.2789451370121823 -4.5845463237622077 10.5914341400748135 2.0835941459773406 -6.9064171296360870 -8.3409625637150935 -2.3810380024549445 4.1790772736830961 13.1204860814863657 2.7283721170045445 -1.1485277642844942 0.3940778716094007 -5.2884493893708493 -3.1237911987629285 9.7381315100913195 9.8105814257701738 -22.0771073693747582 -7.6912040435213438 14.3962428604456782 16.1475450393409048 -2.4786491707991103 1.3563516884985729 13.5450440816563091 -0.4682556326776490 -16.4812949403417974 -0.7612386202343862 0.8848087192239107 1.0703596266376127 0.2691291115298842 -0.1376537383959446 -11.0595249633838488 4.3082839806895041 2.8969252659088380 -0.1101119260297012 -2.1866020261242327 -5.7795217697726082 -7.6628336862065423 4.2033825144328443 -2.7828776767270811 3.7581257348906072 -8.7663813579017908 1.3423909746006533 5.8043745627232202 -11.6848117097963922 -8.6997728308696054 10.8096915541017946 9.5808098841468627 7.0341423136134944 2.5045286141817940 -12.4195031953629158 -4.7372798952009543 5.4278143835258073 -1.0619963162313766 5.6335558301483744 9.6625591325515181 -1.4973511047472496 4.4335936668685374 -2.6246847607441506 -13.0576487485597639 3.1951297472456992 0.0936210369878420 8.5115529512003434 -4.1126740007314897 -1.5217457133034906 -11.7116323766808481 -2.4751678136715523 10.1573485043072456 9.3642735509363337 15.3401009077389077 -20.7474988227563486 2.6475565260280440 -10.7950671667781428 16.1759920791804497 -5.7376223930267942 4.8809511090609323
245.0000000000000000 0.4130397310338473 6.0000000000000000 10.0000000000000000 -0.1428539316749494 -2.8534986385143855 3.9410495561206509 4.8308203555243123 1.7656830280352362 15.0135981002640868 3.7621781201585875 -4.8131011312214849 10.3632636005671017 1.7853079469962938 -7.0836474326319889 -8.6119470636962241 -2.0164560946704051 3.9285303008821835 13.0212305819647653 2.1818953713987672 -0.9423033077071113 0.8558975512202687 -4.6086753320528553 -3.6305884974916491 9.5723045705887397 8.7082552084719680 -22.4292387908447566 -8.1127426571397177 13.2882528464362117 16.9505513501572658 -2.4904402303102775 -0.2654122432099036 13.9433554267760744 -0.0670908849482137 -16.8479165913316677 -0.2088623080272647 0.0104233009408458 2.2113991896103959 -0.1519499620040823 0.4243356126015388 -10.8941951931789944 4.5103972014587397 2.5327356950880469 -1.1468102631210098 -2.8998628522390932 -5.5216615886906846 -7.6362472741130594 5.0700079327595988 -2.0852689412839513 6.2131976857735420 -9.0598916909177980 1.1685874471534874 4.5839545782514737 -11.7990508338501918 -7.8073537615351132 10.8561737116080597 9.9935209800216445 7.7687884446798812 2.3950187768634099 -11.3708163622887071 -6.0730869866467234 6.8603000523460986 -0.2153511763085266 5.0061178906388530 8.6312495783938932 -1.9154297525924862 4.2952770788549408 -1.9062281858504908 -12.4327623309811788 1.9585892974168233 -0.4466566301562642 7.2980790234764017 -3.5998157665090833 -1.1426538010887144 -10.4962675600081710 -3.8804113515916079 9.3591792265457965 10.3479974115677713 14.4300125243768456 -21.4892204863974285 1.7757538564867907 -9.5330630537658099 16.0749473763020134 -5.8261869958440053 5.6120338648906900
246.0000000000000000 0.4121490491499618 6.0000000000000000 10.0000000000000000 0.2222912895549907 -2.4245703730478714 5.0003149866015688 3.7658906356081197 2.7824141051768092 14.4988508240578149 4.4874951318404426 -5.2328829126558283 10.9699592002066861 1.7989059799956784 -7.4876357392475210 -8.1283537403178183 -1.6483760060618504 4.1047054392610773 13.2036650076115851 2.6276068557852716 -0.0694871737755582 0.1820395038956499 -5.2783736373712014 -4.1927787046368596 10.3208283839007908 9.5420632331489035 -23.0032763292885463 -8.4468846714362833 14.5670979122921036 16.4726624772421815 -3.0089411871224323 -0.0897795996087477 13.9267688704286599 -0.9279542434290782 -19.0326271247482381 0.7557041433474854 0.8860285590940224 1.4055068179324683 0.1890705306670171 0.1194574791283475 -11.4212067178844983 4.1721636292337889 2.0856526379179234 -1.2076179524722996 -2.4987579606068455 -5.3177140869048953 -8.2720557826149665 4.7127203019582398 -3.8556671075197069 5.0192371653184900 -10.3040890648893004 2.5451244378021198 4.5105275028693246 -10.9603552738968197 -6.6913467982786470 10.1236601656721863 10.9794839217301643 7.2710527913153840 1.7031600424683218 -13.0785360095559646 -5.4725413243599492 6.0943863163863039 -0.2693461165038934 5.0350512008710151 8.9163274241369272 -0.6174784686487966 4.2693778940296161 -2.3122961839418350 -12.9305977799015306 2.7349697320462467 0.3930575565179213 8.4402370447441761 -3.9826894624309750 -1.1605277147119972 -10.7667746518078005 -2.6218556317253578 10.2011096918537252 9.7834582877307703 14.9821346518404184 -22.1871476357968156 2.9216631725660460 -10.4545682400124171 16.7289430281251192 -6.2378892595711424 6.4573624936922203
247.0000000000000000 0.4153764008146873 6.0000000000000000 10.0000000000000000 -0.0810915734395390 -1.6192055557054874 4.5666865818258149 5.4286430482263448 2.5175391952346162 14.7112292452924596 2.9772928394400195 -4.4215851636329138 10.6173939356368567 2.2249881344178180 -7.3810323910938260 -8.4635608952872303 -1.8144891761129487 5.1813360907034642 14.3065610305723698 2.8877749986122780 -0.7985674992234599 -0.0979837770538351 -5.0020934612171892 -3.4870500549697909 9.0416842204776469 9.1826892075259252 -23.6732670738006412 -8.2566992409821154 12.9442784033609559 16.7018078325424177 -2.6739471418584788 -0.6296827804162570 13.0787481362608577 -0.5974776698367922 -18.7762382940165473 0.7335185391889144 -0.1034594821038139 1.2663076703181617 0.0917274123819978 -0.3783655165765225 -11.4253553677494075 4.7395909524363544 2.4172362860061138 0.1090626495422550 -3.7814852695387695 -6.1263529786044550 -7.9691104381649751 5.0289335225159162 -1.9046075692512852 5.6052762853478946 -9.4043974719980437 2.2005836500197704 5.2960694340934094 -10.7932219974005257 -8.0861958520143489 10.7108047111628562 9.6318109151214912 7.8874524431809210 2.9268035441183473 -12.4919488424617739 -5.5116640870301765 6.0102553905613636 0.0113044117215370 4.4763703339846179 9.4163141497525515 -1.5745435452254204 4.2516297244023802 -2.8291284112264714 -13.7246291750285767 2.4339341942423562 0.2930037444078685 7.3527725003151172 -4.6976346142828920 -0.6847465763286901 -10.7633042320503591 -2.5059437227787358 10.3046179864649883 8.7332577808338527 15.1356543127009857 -21.9495108156015668 2.7789633556782691 -11.4045530670380408 15.5675818636290693 -5.3131919214662844 5.9125532797646576
248.0000000000000000 0.4148594761156837 6.0000000000000000 10.0000000000000000 0.5466469888909334 -2.2895935380722778 4.8107449227245080 4.8523128298361442 1.6685570993067134 15.2507976121020103 4.1320094773869496 -4.8429895207049594 11.8679456234259035 2.3487649943894890 -6.8788415486892802 -8.2364710348823458 -1.6052119928786794 4.1935081972501997 13.7771954585268972 1.8961433302159258 -0.1670838690585700 0.6148287369493362 -5.9596624998536427 -3.3405618563759907 9.2706799056964986 9.6060456535816741 -23.0091820514837693 -8.8976658776965412 12.1673021394931524 16.5974617025727795 -1.9008338858763532 -0.1463285706278860 13.7277888223341957 -1.1327114248291710 -19.1649425401042244 0.6025909394509313 0.8643938065484524 1.6074782944601818 0.4375977603645219 -0.0734339639217548 -11.4954549482247668 4.0177604731714185 3.4913517035318393 0.3643245309055077 -2.6994463983911023 -6.2706662561645414 -7.5856045625134882 3.9530640698357740 -2.3511026505643908 4.3416274775595172 -8.9757073345550840 1.9790441028326471 4.9645920572172031 -11.1259742475179948 -7.9466819134770432 12.4109021887909705 10.5751305620181952 6.5957231997063221 2.6058003624738948 -12.5085140705050950 -5.2519059924841995 6.7888500193382768 -0.9553089759381893 5.1619807991720670 8.4366084029165673 -2.1565290484809276 4.2036358132790204 -3.0286113979477420 -13.8149315999369957 2.0548081687667592 0.4327388103199306 8.6286639911786835 -4.4881898756667580 -1.6012527568579948 -11.4689237045354222 -3.2624969319305888 9.9480673586633035 10.8018012734222122 16.2568583931664392 -22.1139425663503033 2.4915988542037595 -10.5407252934674371 15.6136801470974973 -5.8773624223348291 5.4987523469244692
249.0000000000000000 0.4122152211110138 6.0000000000000000 10.0000000000000000 -0.1487890525450953 -2.2848490117054863 4.7281891844810584 4.4428810074657230 1.2740629626428723 14.7642752317682788 2.9240661946698205 -4.2496037754917042 10.5623435253181661 0.4422750793615375 -6.5012967974711628 -7.4442277401807271 -1.4315214095953348 3.9172459261613506 14.1298741421717775 3.1878620672306246 -0.1551701865217379 1.1070282010797916 -5.0572834788945267 -3.4633796902386766 9.1699958572744311 9.5943388316672138 -21.0598789745316139 -8.1991583413679283 13.4602840186285757 16.2969178257112937 -3.1865706976908914 0.5378370316472988 13.5680367862536215 0.1805208255409653 -18.0994190067311607 -0.0694151249970963 0.5443765499322790 1.7275136536197624 0.0809135176517258 0.3637771800691889 -10.8545964745388162 5.4940262391104202 3.0031649672184932 0.0077173012388156 -3.5968443231376166 -5.1892104766699401 -7.3048809559347703 5.2811745158660131 -3.5171531181130229 4.5037087453818785 -8.3306651023678846 1.7277382490795035 5.8262232705035650 -12.0377492585525250 -8.4583730174894782 11.5182713788877962 10.2989213086598337 6.9309689581356952 3.3639707359515638 -11.8643859676005761 -5.5248749408088944 6.0174161842437410 -0.3090476408380766 4.7085791816811868 7.9912593260400300 -2.2958981929926323 4.8343332707415270 -3.2312453729444846 -13.7465604814052789 2.1424733719347051 0.8193869908860533 7.3575568459533827 -4.5271908245119832 -1.7757318386554177 -10.7406600111484387 -3.1440463034898962 8.9274948377973367 9.3304222994243666 15.7157958429705147 -21.3088089833517778 2.4159056342152119 -10.6527728981876084 14.4902112716870342 -5.6286506005123584 6.2589615662259845
250.0000000000000000 0.4113213173651517 6.0000000000000000 10.0000000000000000 -0.8711092592416581 -2.3788187309848299 3.6624272272636986 4.6431376997443516 1.4728397703504559 15.2626547152925003 3.5764987897537601 -4.1996126322627934 10.5200877055223465 1.6201204673154483 -7.3134675773641344 -8.6228806327861420 -2.3091054393699593 3.6687397289303014 14.3688573516785389 2.8533920229662577 -0.0376681856769415 0.1577590880077737 -5.2734179636369802 -3.4972332669939918 10.1185915251366882 10.3714371149041273 -21.9256670155607054 -8.1246298573997819 12.8463811242308399 16.9565437867007702 -2.9597186942794971 0.3560004702926668 13.9779315159273434 -0.4570663198755435 -18.2749097785884445 -0.0859457636607462 0.7442066634373621 2.1525403550746063 0.5261193153296065 -0.4840240328089037 -10.5056904635009651 4.8676804987465170 3.1975467667912802 0.5270865519950035 -3.4068948621296951 -6.2505065266045534 -7.7645366656731305 3.8857045926710674 -1.7674249703479641 5.4372288324114120 -7.9369111441409625 1.9548937105943018 5.5725278514807597 -12.4530535271448564 -7.4739466739769300 11.7012831438574132 11.8743798299274346 8.3064281553538155 2.9409419562604349 -12.2923972209476986 -4.1984849799956763 5.9618671618544159 -1.1693928697275340 5.7501057971789757 9.2193531634676802 -1.4298923404325230 4.3631882133548539 -2.8024696238294959 -14.6507212610020421 2.7638031849459042 -0.0497822293958274 8.5838912140068224 -4.2548154623247418 -0.8197412470315539 -11.5388124628963311 -3.3224698884973387 10.4773740613289981 9.6491243411614587 15.6075631969373738 -21.7911849928496437 3.6832550318037938 -11.0267363665531182 16.4103216797889644 -5.9998969978170065 6.9582484949204586
251.0000000000000000 0.4136083139228932 6.0000000000000000 10.0000000000000000 0.1780135966596543 -2.3084484610710505 4.9751357752857448 4.5189652776144422 2.0340630985731885 15.7163821149789591 4.0894070696110543 -4.5616008214101793 11.9891031257213818 1.3932038020615920 -6.0514984670942606 -7.5792598636443440 -1.3675449947592160 4.7977099697075660 13.6181744567486351 2.1418413104365035 0.5775768283921878 1.9479649629294722 -6.0671639254506857 -1.6559124591404271 9.5485343093465289 10.8621084693101384 -22.6732432608371184 -7.6047585968420108 13.0248511297605560 16.6969378716858863 -2.7905122337118211 0.4874272756982359 13.8890234137919126 0.1806295724065154 -17.9502934369473230 0.2863601638612199 -0.2308466460522139 2.1688786571776411 0.5339114192823711 0.8846063284858389 -10.2689876527595860 5.7720263266428002 2.0117697902221545 -0.4614067808071010 -2.7520167491182272 -5.4342308591600714 -8.8790479291643081 3.9484756503192302 -2.0624545245008341 5.0978594922549956 -9.4938717458786250 1.7372619458150251 4.7314072427605307 -12.7910064169687399 -7.4935772253793695 11.4961700980809400 10.5513028879697988 7.3534459176540237 2.1176341741492890 -12.0221917148669899 -3.9739389342956946 6.2951147306803072 -1.1877975689684890 5.6288190638151079 8.6050435830161280 -0.5664751979131085 4.1472625834186436 -3.2015025072604106 -13.9233344670367458 2.4305835699854121 0.3542149446806008 8.8408128376178627 -4.3692481372288494 -0.8997958843517387 -11.3867180310106644 -1.6120295840512286 10.2476923627690546 9.4072837303597119 15.5109318589747645 -21.8535317568208072 3.3048762358074533 -10.8837440532619585 15.7127678841382536 -6.5642061148271544 6.5232186902702711
252.0000000000000000 0.4104754648198431 6.0000000000000000 10.0000000000000000 0.5963225628209774 -1.7087031313657073 3.5676113124850271 4.3930047978144202 1.2422863863661808 15.3291069009372478 3.0551572760535812 -4.3416696051149666 10.7948410279763589 2.3412767767108074 -6.3095354929560221 -8.8978788540389395 -0.7958140400627604 4.4494238037537581 12.6143873841438854 2.2448217135389923 -0.2648939408012472 0.3602518416397351 -4.8949284627229908 -3.3596498707889721 9.1300744834764096 10.1650781459932986 -22.6195316978362548 -8.1709467819183601 11.6635819594484555 16.0261570986277526 -1.4167187070163769 0.5772979507984303 14.2265164300719107 0.8333335789052233 -16.4655238205277747 -0.4181692193695353 0.3721316984373733 2.1323602538549720 0.5777450790074492 0.3632500874263486 -11.3345525777543426 5.0654505910349670 2.6392553226827737 -0.6782089135472655 -2.4835393964946912 -4.3316576424011650 -7.6617740684733953 4.0218686419224658 -2.5961677630315507 5.2373521514522645 -8.9384233792017991 1.7157789974098723 5.0688830291240672 -11.6799239996364719 -7.6333835638967606 10.9802719384272685 9.0545921239014362 7.1800742069014287 2.2520527366622689 -12.3738244795368999 -3.5805289158148357 5.2069548703190947 -0.6934051922771933 5.0866531163807878 7.3398244946416344 -0.6637026556391991 4.1438699684391205 -3.6985017004179079 -12.8331436720614853 2.8976293849077153 1.5281565865945042 8.1931713791993044 -5.0700452153241216 -0.2108285711924044 -11.2299432100442349 -1.3800908338797899 10.4707410575722939 9.8247269015885514 15.1795154118004074 -20.6799971111770162 2.8130881784725128 -10.4760275715797686 16.0572456462185080 -5.1802879908185373 5.9623453518338199
253.0000000000000000 0.4116224135019142 6.0000000000000000 10.0000000000000000 0.5689021167689265 -2.8404808858178114 4.2114329034442086 4.9521322343063368 2.3230554483899457 13.9170999093354411 3.0318347537527690 -5.0036243192759535 11.2210487155589576 2.1210191521324488 -7.2415315702489593 -9.6972907643898481 -1.0173242125868105 4.7333361674154357 14.0183742370635578 1.9596656522465421 -0.9782924702932307 0.0351380682851168 -5.1198153234383224 -2.4988945773088691 8.7489604740014428 11.3873833181743382 -23.5845611617986926 -7.9513151038358636 12.9562377291560651 17.0696522205374634 -2.3686154005204498 0.2903989547337814 13.9811573065948345 0.2402703012279369 -17.4797250193120455 -0.4516674898562020 0.0678029243346631 1.7745793090122441 -0.2585248237461834 0.5566552798885310 -10.3156110103557399 4.8065686964250913 2.3622366218705921 -1.1375749113828777 -2.9043489931212787 -5.4979021797180012 -7.9393126238560177 3.1270388037107577 -1.6942514834040119 5.5716141730645647 -9.1051778903606220 1.1354487710979666 4.2099873070442264 -11.8901504063972130 -8.1702291230735327 10.4246304630371949 10.9182470487699774 7.1300988718783938 2.5012298682877230 -11.9925846293958358 -4.6235852952373646 5.6518193468843743 -2.5811444908765879 5.8700041787257220 8.0007114398735215 -0.2328656013002636 4.2601192296143511 -2.7898813549873700 -13.3787100164511816 2.2314934551055359 0.3709757292576525 7.7417252871704552 -4.1821090407521107 0.9777117721834060 -12.4117145040524157 -2.0018803084411485 9.8595676643926708 9.0347973215796564 15.9518524064800165 -21.7613786473421484 3.2976426679442583 -9.4935736516150691 15.7899223011323713 -6.6580667250367496 5.5295513125863680
254.0000000000000000 0.4127880734621862 6.0000000000000000 10.0000000000000000 1.0818870513107097 -1.9546100254109926 4.4495232674920198 3.5950898326472944 2.4182105961442080 15.6215666628963259 3.5361685568069809 -6.8168160583221642 10.6001618411175098 0.9696525492585890 -6.6194057419435701 -8.3714569977836337 -0.8407631517778621 3.7672711831386794 13.0676253129617237 2.9724654376980975 -0.9601426130930545 0.4744507344174704 -4.3814605368040294 -3.2517819457995802 8.6338105128919498 11.6774091325512668 -22.6336071686974201 -7.8430608587594186 11.3194363173150592 14.7070368476373154 -1.9249210800287408 0.3904859156463186 13.7071925274221051 -0.7521492239108297 -17.1751497165793054 1.0259263112605335 -0.5714174850317166 1.7637375537947846 -0.1856230207416313 1.4802427920958483 -9.4526737487707209 3.6819740374171595 3.0098621095927878 -0.9130730728198352 -3.3585171928705098 -5.3480336873334533 -8.2974729145615136 3.1347642474009714 -1.7636879745495615 4.6206756822424584 -8.2931278674631521 0.6822900447503852 5.0908864433410441 -11.8067937409195967 -7.8673191528483910 10.2753913539541077 9.8203633410548612 7.3253707253866303 2.2972507859151570 -11.2374708399715946 -5.0108863711333873 6.2310786986528575 -1.5408743376491321 3.9572477128806076 7.5266593209867292 -0.8304570002506400 4.7628284574077853 -2.1939978911868447 -12.4650709883370681 1.9060909071612331 0.3766418731773065 8.1691359197103903 -5.2696083775633920 -0.2143466029949266 -10.9880915276121005 -1.7083387074164653 8.9296295805197214 9.4723474022783432 15.0689079558860186 -20.0987825878515309 3.5291649913073808 -11.0891448853858492 15.8206803302680541 -6.0022648161902241 5.0650138193275538
255.0000000000000000 0.4138000270914373 6.0000000000000000 10.0000000000000000 1.4998271838026267 -1.7577930124661625 3.3943155015938284 4.2321453107070264 1.4042553561060058 14.3376139877993580 4.5031592850106881 -5.7222490246980486 11.5886369912963456 0.4966473020714409 -6.6875468311487163 -8.7933712178924761 -1.3524550214832489 4.2748154573115951 13.7710518579054071 3.2154704716977891 -1.0551142074179900 -0.4881914418179043 -4.4744477090502386 -2.9237838980744089 9.2287972222670387 10.5913250255359710 -22.6886072841777207 -8.3308265173407996 11.5883637622504825 16.9338478325818649 -2.5090299187484688 -0.7241216919892870 13.3143739543482518 -0.1660730202316523 -16.6438593215251665 0.4204029397467510 -0.5851654682850832 2.5838733655784183 -0.4830951313358943 0.9600341616503539 -11.9374908023034916 4.6767628797705818 2.2633934639662008 -0.4211862127510488 -4.0733743343924704 -5.8789254663838566 -8.1850555089292580 4.4149480997662485 -2.4503457296239732 5.7545287837996657 -8.6060630543524148 0.6110254713689223 4.4985387497829006 -12.2929905631503953 -8.5860873527644266 10.8139639854097904 10.1806401193307057 8.5843366789500308 2.5328242359154509 -11.9800432231819780 -4.0494839507405587 5.1691944541393013 -0.9619728218507323 3.5647805680299980 7.5577177215025362 -1.0714394093076203 4.8875082685022173 -2.5351122703366080 -12.9582393159527403 2.9724281599456175 1.0749009327027403 8.5716951412805642 -4.3849606175319007 -0.0700298330204658 -11.0894756430870629 -2.4376312469376060 9.9546759674032934 9.2734381925878111 16.2872076779211241 -20.4117685963994049 3.3794324474355859 -10.9935512156713600 15.9693702120520111 -6.2299654607836930 6.3556107914211264
256.0000000000000000 0.4135130525620347 6.0000000000000000 10.0000000000000000 0.4235691475175404 -4.7673130150933147 4.1235016803752140 3.6513750035586403 1.7027815779528479 14.1816117729178579 2.5529523236609561 -6.6228363981559708 11.2814872529977777 0.8599868429268402 -7.4316390296566199 -8.5205749507352486 -1.4651536151942561 5.1156146791065886 13.2916550473246939 2.3207389471689113 -0.0140050007175795 0.2672761325183268 -4.3563182476844915 -2.6635499658134769 8.6158528134448176 10.4902978433227148 -22.8414600521818691 -9.4734271638046526 11.9828450323871003 16.4749893209180343 -3.6454700085759004 -0.9609581188521517 14.7239988102968695 0.0969491718601735 -17.4043180968644506 0.6802340327524582 0.1916586302901710 2.3682541588448127 -0.2492066534749302 1.0351120248627139 -9.5448963026852294 4.0610872997550125 2.4929633799075881 0.2037921055771716 -3.5650312484630522 -5.4358289930137271 -7.6165278949516573 3.8751917271523006 -2.8766550815314291 5.6585574863243639 -9.5576111782272388 0.4514681549100911 4.4368962983254097 -10.9208730146026145 -7.9851023306066065 8.9690906108279194 9.7570739330038165 7.3852492589683036 3.7817906701211017 -11.9388192062631653 -4.5873215190605858 6.1553843186501114 -1.7233616309019499 4.8877469107109128 8.4126870886375880 -0.6493928475063403 3.8718156760327274 -2.3150783949654317 -12.5790418552883025 2.4707209753449715 1.1361409133378579 9.4065563453022314 -4.9926574851470704 0.0047777304931889 -11.3452152538446036 -1.5741634683019408 10.5315510984717697 10.1631477444464657 16.2472894389217117 -21.4089272689513841 3.6327768633226563 -11.1359004951904996 15.9358290066762418 -5.4418414031527975 6.7369148814212858
257.0000000000000000 0.4135015854617216 6.0000000000000000 10.0000000000000000 1.3452697456413976 -2.9128107544229831 5.0444327902383286 4.3725371601734802 1.7207574353210280 13.8569701564586918 2.9239505463901829 -4.9184855799198504 10.4744484438936727 1.2535118197493316 -6.3941345381007757 -8.6185022564447653 -0.8172711013087000 3.9703955998733873 13.5166312610827273 2.3129630945448927 -0.4988800649196919 1.2677003017284092 -5.3411311113173561 -5.4891473660746062 9.2126622448831430 11.1103930243854521 -22.4384963267005624 -6.2464659195018521 11.7725205353478835 15.9587437008485509 -2.0138328418059475 -0.0258230998712120 14.2155633847708209 -0.8117080436524529 -16.6148512097723007 -0.6567768360693993 -0.3247795478961301 2.0094395240626937 -0.8044212830596740 0.9621432318058531 -10.1726802406868924 4.4435534133054144 2.4314295915975817 -0.5596928023266210 -3.0575099892547319 -5.1638609714208474 -7.6575485155757139 4.4829870036352730 -2.0301871592202478 5.8042227067170327 -8.7461175103854121 0.9056372639768497 4.6905473477964676 -12.0667269702245381 -8.0089124768466817 10.9937288975410290 9.7239493815973947 8.2459993834911618 1.6175921346485906 -12.5164013224792896 -5.6419628554071037 6.4574665358082317 -1.2566354480463160 5.1986995019767317 9.0920673202853077 -1.8417075835775132 4.4614210742216516 -2.3945102298381715 -12.6073773835894727 1.8498347416655019 1.1880998442923079 8.5309930392765789 -4.2415897570843040 -0.2310824313427246 -10.7745144780038178 -1.4908320275496891 9.2433019636820433 10.2018226129295719 14.9809592043370046 -19.6729944930518634 3.2703944565589209 -9.1017634358899322 15.0655210107569477 -5.7242562102048664 6.3651926245983983
258.0000000000000000 0.4121494045863257 6.0000000000000000 10.0000000000000000 0.4922367985665415 -3.3817403132808175 4.2096174075999375 5.1441943551810949 2.0810801653092290 14.6691281499302324 2.9361489099439559 -4.8141204974125138 10.5866147896549503 2.0924443301558378 -6.9848569056049223 -7.6050878733673279 -1.1386659254306952 3.6230093984590139 13.2541357414998444 2.9917754157749208 -0.3677365145036401 0.5932150455778846 -5.5196156166336925 -3.7761450732359161 8.9177966116269509 9.8829177952904121 -22.6973937558367922 -9.0829132076586880 11.5177901614082661 15.9052050429331775 -2.1702693174832040 -0.4164508967537764 13.1994683585321422 1.6255925637799074 -16.6219280702051826 0.5582092442499047 0.0252311972202173 2.0956545706672975 0.0303740256335684 1.3106907363166198 -10.9551965833080871 4.7517726282057620 3.2326042763607918 -0.2491460571386370 -2.3901212944515753 -5.0003243927056316 -8.8003731102703089 4.3269700019298112 -2.9901781128514715 6.3030584499082805 -7.4621642486600379 1.3361681276688109 5.5769417175702651 -11.6301249318273214 -7.0977997921939791 11.4640058495752921 9.9482907721513634 8.2955391014260869 1.1097164157427022 -11.6639491784901423 -4.5003129328777858 6.3048619984458405 -1.4142073571419420 5.2165987244456646 7.6784634028915413 -0.9568815370727345 4.1649612359348387 -2.5992931429805117 -13.0524651129541240 1.9487042682827140 1.0633548240672632 9.0879236470804639 -4.4289911433084015 -0.7835832605171709 -9.9814365881812144 -2.7034719322106904 8.8777422796089116 9.8956071973924349 15.0721183693082352 -20.1183341538278064 3.3332701786768406 -8.8388237308305477 15.6632688077117415 -5.8894852629054215 6.3511016163896219
259.0000000000000000 0.4097649102391347 6.0000000000000000 10.0000000000000000 -0.0989144208545896 -2.9297409521099302 4.1712015802484066 4.9844694751560548 1.8515535340375846 14.7060880161241379 2.7244286197508178 -5.4661271241902192 10.7811342757400634 1.7206004502848287 -7.4580856538888280 -8.6273167105976274 -1.3293504946414796 4.2089423937745503 13.6817321437136226 2.4403712159491104 -0.7146532996319993 0.5725493570063145 -5.2774384721381544 -3.2632766179177723 8.9367526528373240 11.8685089875641623 -22.9332090187444386 -9.0478504735347567 12.7307956707972867 16.3837711208870580 -2.1041428093017065 -0.9286143552953614 13.8137166215172940 1.2380765996403758 -17.8916799475540245 0.6923296831953278 -0.7832669691659909 2.1251748551073950 -0.4638533296064079 1.2800052855013491 -9.9100947069233172 4.5427481288265463 3.5192847947301464 -0.9808024675191696 -3.3519127428707565 -4.8226530404563528 -8.3892532554393320 3.5848352319506267 -1.8953087181315098 4.7532509652297588 -9.0895671404837870 1.6313543422992678 4.6785470141688013 -12.5467907432185033 -7.5485519228025000 10.2428411091900138 9.5427237931907865 8.7866180960776799 1.6428774231298704 -12.8386679208817949 -4.7013163047000601 5.7647651211629762 -0.4249993938890169 5.7058191365610318 8.4878595534670467 -2.2724933314473450 4.4269430817891395 -2.7059388454302105 -13.0831748593592305 2.3432958840380262 -0.1645546350968280 8.0437948984331875 -4.7667449915031863 -0.2724381158305339 -11.8131840155787273 -1.9465735702293894 10.4162932819166372 10.4250475981072821 15.6650374833673744 -20.9344243089964870 3.8863423584681422 -9.9695989268835739 16.6114609601999490 -6.1890060518234407 5.7290352847373018
260.0000000000000000 0.4114255160731947 6.0000000000000000 10.0000000000000000 1.1842141385409741 -3.1044943153529752 3.4020803518890244 4.5963830622556330 1.5636436706744354 14.3530052680453917 2.9658611094872600 -4.9757468562056557 9.9857922397867416 1.0386646011305913 -7.8670815635528291 -8.9062358134129944 -1.2797748081930260 4.4387597188634302 13.3875527514434083 2.4591311550388824 -0.2261903100610629 0.4781688175193225 -4.5571762859178904 -2.6629383188046520 9.0549059194666750 11.1327247810665337 -22.6837973086186260 -7.2585418958886248 12.4168426633739628 15.6483399948838198 -2.2167786001873648 -0.9809129227275808 13.6386175018228766 -0.1829467265296675 -17.3879889237081038 -0.0295742201551294 -0.3044940558526725 1.1977351952531985 0.0764680550410735 1.1345269119226278 -9.1558131203456394 4.5081137006471081 3.4390595350562618 -0.6801001717919074 -3.2112451995635847 -4.6572620117816808 -9.0982929524309206 3.6800831088216532 -2.1088677255020603 4.9684995737287050 -7.8637828394190681 0.9955067633310080 5.2762054925790585 -11.4698908369045345 -7.8197481044308530 9.6828876089413569 9.5271749258950162 7.9071782973767135 1.3757617807881217 -11.4590447605333594 -3.9282920811203166 5.7039050659929753 -0.7045483092470567 6.8805955911919394 7.7914316920363804 -2.9298243583428394 4.5824881865104068 -2.7148273647254153 -13.1114421414382250 2.3733396984796249 0.0045744104802469 9.2252310481711017 -5.0193007689963727 -1.3051132784231168 -12.0377988745417781 -1.5720073926312490 10.1803858119161657 9.1696693773888036 15.8756404581623869 -20.5350533086180818 3.4929182477883676 -10.5669444056871633 14.7354165799762633 -5.5911292161043420 6.6467615120939945
261.0000000000000000 0.4119267998864496 6.0000000000000000 10.0000000000000000 0.5456454398056321 -3.6462676516179542 3.9680452051801027 4.4253113190884354 1.8713715696244333 13.0000894260589099 2.3543064693285456 -5.1328169134129613 9.8566980747672321 0.8335535998839453 -7.5340295950287217 -7.6707258721941951 -0.6861455709103654 3.8970583528947089 13.5131293334778171 2.4362879341508172 -0.5985682364959340 0.7770334015412370 -4.5135281348644822 -3.3652794663784871 9.0166852571221430 10.9757504487486823 -23.4706574034080084 -8.1558536177980940 11.7391088191850059 15.8193841402895909 -2.7447563814644966 -1.2955907408315592 14.2562479415919316 1.2201763443311335 -17.1887881186061051 -0.0521878094089699 0.5604473750431216 1.6310601088484042 -0.7795704568751858 2.4549786442716490 -10.0568087365533554 4.9758024001125118 2.8996717788771282 -0.3131873337450067 -2.6356079063734699 -3.8134540839817372 -8.8504098246999856 4.5741199883362906 -3.3995323986413344 5.5245834885966580 -9.2492683064789727 0.7448737209908320 4.7822816652099611 -12.0025593932209471 -6.9040016870821415 10.9883247478291501 9.9763332063779231 8.2750611682438997 1.3602853951679710 -11.6865813229750959 -5.1573997385996311 6.5947714627024867 -1.9262537585646962 5.1164525936966800 7.4507931041225479 -0.3910773433958976 3.7545178652044449 -2.6724444383256234 -12.4035826825499562 1.6617437463214082 -0.0667665330096633 8.9502908965266865 -4.9741013668194602 0.1339923091252908 -11.8944911934965916 -2.6837743442120399 8.7494827757264062 9.5811970379211484 16.2625467821496485 -20.3165858702098063 4.3723005071184478 -9.1933914073179750 15.0913188986061648 -5.5187151140120640 6.0974998117711072
262.0000000000000000 0.4131480323512661 6.0000000000000000 10.0000000000000000 0.6368213306655152 -2.6835823450202128 4.0128244036675129 4.7613552476726912 1.2435848731135177 13.6315397987139395 3.0950829813864691 -6.2272591764032725 9.8649091128594844 1.3480392981940610 -7.3741450264080974 -8.1904949772163640 -1.0298141474059657 3.5322517433799048 13.2943943740062167 1.8821389561461062 -0.1085644761709835 1.5049719697052089 -3.8846306272605275 -3.5401994070698604 9.1838370406820733 10.6609781245813036 -23.1297971795894100 -8.8939293922583929 12.1240373640577630 15.0991144246887696 -2.1532788834107768 -1.4531274794158964 13.6967273038417705 0.5530943196370931 -16.2642907905291878 0.1847747018666084 0.6623279180079099 1.7953785333659031 -0.2426668828427616 1.1734126123121196 -9.4114372253543035 6.3031236550213148 2.3221115737851501 0.3561087355485581 -2.6725990177007160 -3.8479597223617694 -7.3310141757770957 4.1169190090399042 -1.8697011339260468 5.2925054144257544 -8.9045166939180707 0.9403118479171441 5.2545564061950234 -11.8768867472028798 -8.5912746465136536 9.6650897624785355 8.7830884046779651 6.9440571229926764 2.2192511095921681 -11.0894608124399117 -4.2702732485561841 5.7597798787243510 -1.6452074438617841 5.3427604168614371 7.0219584008143796 -1.8914721201567222 3.8009942279469460 -2.6750580374312247 -12.4976024513888930 1.9423357638001870 0.6633217968607958 8.2073842369818131 -4.8082414033786112 -0.4842461762958659 -10.2949105750077869 -0.9981306208085443 9.8564175525406625 8.6036220564440935 15.2888929319462328 -20.0528118113908533 3.5170330888083656 -10.3672845286271809 13.3758373082355480 -5.2017866916081124 4.7122405198310595
263.0000000000000000 0.4109852080217219 6.0000000000000000 10.0000000000000000 0.8022094047219384 -2.7458252346035854 4.3827108117399964 4.4901773732185628 1.3248836703278601 14.3514229406516005 2.9129673156200924 -6.9199381441684276 10.4423015092161826 2.4332752946083049 -7.6018480564416624 -8.5701328056695321 -1.3280317715196108 3.6971795349834742 13.3062573347660091 2.6050960281929330 -0.2121831552658030 0.8915933029117119 -3.7749963676821450 -3.8323974053948535 7.9730899237474704 10.5319913217529351 -22.8002264710123335 -9.1823465293012561 11.4914439498308063 16.3093671303632313 -2.7184905244710711 -1.4227046236456844 14.6917518972894836 0.3691784339571939 -17.2491903032494420 0.7199973847955973 -0.2447281470242892 2.2208238908827083 0.3458897997886206 0.4707944279056718 -10.2219902822123903 5.3311221558630582 2.4991077218478956 0.0035248687391618 -3.1989616258782707 -5.3105744765568268 -8.6994585693043192 5.1657280280498883 -2.6363863859021786 5.4652707760549077 -8.1040678295077271 0.6189551457229004 4.7312355947422153 -10.6588454222072784 -7.5179471213741325 9.7117234858323833 8.1150105040224165 8.0238889602306429 2.2276490151289297 -10.9667077103988628 -4.2425961914467587 5.9320962140424740 -0.9011596729436699 5.5087696478342654 7.9467309465169960 -2.5588788870394676 4.6306923418385546 -2.7723614164930659 -13.1184477859676996 2.7181570699768560 0.9821548937524944 8.0571093341707964 -4.2899090372946951 -1.4092691965418529 -10.0691347369040898 -1.4644677227500886 9.7017231231667811 8.8363208097348735 15.7869105436214010 -20.9444066581971420 4.5920234566876719 -10.6543966480393451 15.0404803963644600 -6.2552179447696004 5.6842703662911012
264.0000000000000000 0.4124974455904528 6.0000000000000000 10.0000000000000000 0.0193423445389442 -1.7531031658564553 3.9779900248866826 3.8660356058830807 1.7340032061890431 14.3883929463689508 3.3327226632886626 -5.9368147799663165 10.0465095809357017 0.7024503998027539 -7.2454851163977798 -7.9070998845501439 -1.1714149194355374 4.9822594741631105 13.5424072827610136 2.0505459178987646 -0.2506021226599872 0.4532807155368376 -3.8791625615372309 -4.0615652717866499 8.0284361716656356 11.9776688695464202 -22.6081038723976029 -8.9600202381397516 12.6026642568526785 15.3361360164134073 -2.1933722371361029 -1.3498719600164750 14.9229174529096618 1.2401999686512644 -17.3403887353662078 0.4039721580795863 -0.9824557372475056 1.6887290811310451 -0.5193754025616346 0.3650727375497130 -10.0734862000426997 4.4973514346908017 3.0707729419520868 -0.8615080963055118 -2.3288359959099236 -5.0060596260575538 -8.1279604355726285 4.3609837094947004 -3.0531971541682017 5.4647873474971291 -8.5477929030288973 1.2932484662438157 4.7357644872412212 -11.1766356696707270 -6.7708417345771599 9.0046916479098584 9.8921069460498963 9.0269015667673695 0.7532101700782183 -11.7240942881729957 -5.2918419003038677 7.4537864941069811 -1.3505676449956030 4.9986313124167623 7.8153377422705015 -2.3241361015785813 4.1242796734651748 -2.6887665120966791 -12.5858238001532019 2.4642294970775920 0.5752985049757291 6.6571059033659568 -4.9721723855171529 -0.0463137401678355 -10.6908268901888270 -0.6887383128397598 9.8605726681261086 8.3167150774597634 15.7729526808757150 -20.6453066308212492 3.8934120693866396 -9.5200199313639402 14.8483422679374417 -5.0672421195114321 5.7689949958763735
265.0000000000000000 0.4100359350771687 6.0000000000000000 10.0000000000000000 0.2047803488208528 -2.2526796740057122 3.8370379799613716 3.9950424864290568 0.7341230071486535 14.9132210461471715 3.1042330875340904 -4.9240367533665195 11.0387065648479563 1.5168029950630926 -6.2706493033240420 -7.1173254273923172 -1.3512522968191263 4.3071050807848401 13.5819084469936815 2.6865031380176334 -0.5096930265273100 0.4323550669105536 -4.4651390479106752 -2.8322585482389582 8.6220783883264076 10.9943113402488208 -22.8119276348697149 -9.0680678250652917 12.1985149970276279 15.0860692738983051 -2.6343563671377512 -1.3996068757129378 14.3415362589898834 0.0312857000299018 -17.0059399039499723 0.5076780636825816 -0.9742168591967062 2.2141428108587311 -0.0180319247259033 0.3806407747750418 -8.9134203935853460 6.1066919228530843 2.5744741365916903 -0.2816214650386913 -1.9587541359343337 -5.3643934283532051 -7.6377549096988142 4.5003462999027004 -3.7709944839786651 5.5792694285084199 -8.8190215706498289 1.9643915206294726 4.6701893128315088 -10.9454265247133797 -8.0934201518625066 10.5600582991693610 9.2092679814707790 8.0153161399972959 1.5642796254085591 -11.7001428552076980 -5.1209595050517907 5.6079530177023296 -0.9260520814395624 5.0238095982237789 8.2185012816048530 -2.0861923376258336 4.8111330120728590 -2.5285248331675261 -12.9858804651622357 3.2256021943032946 0.6511410196975466 7.8870339773930320 -5.0674668503248714 -1.2848520738014559 -10.5222110325298051 -2.3848275416032774 8.7262560033011063 8.5646172715781699 15.0793195656007750 -20.1608811761098465 3.3360961062590433 -10.4077987860789847 15.5842124669716728 -5.9842018156644547 5.8435502290950199
266.0000000000000000 0.4102926392489813 6.0000000000000000 10.0000000000000000 0.0527416886872591 -3.2537296616052567 4.0858494257975471 5.1214719896957366 1.7070242953632253 14.4994995092552639 4.1803708231161609 -5.7192797532690776 10.5259996420173820 2.1801559472012122 -7.5133624776919747 -7.8191801834221470 -1.3287350087933074 4.1488694095847718 12.9234599861801716 1.8421158423163257 0.1479205864483520 0.6254860290278229 -4.5739827305605054 -3.9325028390926628 8.4410891213797328 10.1332274507886826 -22.5597928680239939 -8.4217082072950369 12.5232791286919962 15.1447532423918538 -1.8605170471515844 -1.4767779499985028 13.8107192194235893 0.9145743088210063 -17.7702835745805494 1.7899942152576700 0.2119210869652511 1.4403339073697961 -0.1679911220140498 1.1781320729730409 -9.2391641830556601 4.8657935902417160 3.1199485725664449 0.0021497274397783 -2.4095832266708679 -4.3703850221977376 -8.3548861066839155 4.0701307595519545 -2.6682546567212073 5.7437655948293980 -8.5656807277176767 0.6812428071764404 5.4567507789284573 -11.6335719055354652 -8.2632676254140893 9.7474010842848067 8.4750514774447474 7.9928444531118812 1.1306398115516587 -11.8577885263726301 -5.7304303677471058 7.4696619574591665 -0.5421404643946504 4.8614222364277335 7.5773358432868516 -2.6393111597023018 4.7764750369415410 -2.5856684016802012 -12.4198156582507782 2.5553506734075104 0.3381421548431509 8.1344050750329249 -4.7690602943824008 -0.7097054232774779 -10.1114954891032305 -1.9517764543965284 9.2033344016139456 9.2680945400884411 15.7553706467322918 -21.2339418441857113 3.0820309946304265 -10.7874604334206818 14.3800571704599065 -5.3137210692577916 6.0541878306457813
267.0000000000000000 0.4104283389753730 6.0000000000000000 10.0000000000000000 0.2296920496057392 -2.1392147134527337 3.3867290114818585 4.8793606508397769 1.8927284256345815 15.2342173954872884 3.8636126859518898 -5.5695982242320632 10.3239330640274485 2.0647195162925351 -6.7776077537494874 -8.0026376349248132 -2.3774181294324883 4.0131075551078768 12.1626343858761015 1.6987462840378638 0.0280780369605192 0.7237002183483906 -4.1711306301435886 -2.8703372545847960 8.5962737197988872 10.0186866383205100 -22.5469556263575335 -8.2688452800877066 12.0266845867569199 15.7758108705682698 -1.9626509522082454 -1.4253455614297579 14.6062633497834575 1.3030183045399242 -17.4770117451375349 0.3813359294368637 -0.1544537280551554 2.6489941854614791 0.2869464596835120 1.1598719437074991 -8.5331037803321177 5.1306901797045841 2.6133285283911802 -0.2949038778296429 -1.8017769666366525 -4.6703606367460342 -8.6617279667356684 3.2833133718708902 -2.5021803559847879 4.8980130847643091 -8.4455463996123061 0.7601548774431252 4.1504004162871455 -11.5329155603524658 -8.1028321216010823 9.3518123314542301 7.9171206875720177 8.6543206959486110 1.1761441876962559 -12.0033345550361759 -4.2754873209117257 6.5655550645881009 -1.4949338587834975 5.4728911667724960 7.3541502905528464 -2.1120412375617028 5.5111749827579413 -3.7350817506735217 -12.2019318846008851 2.6293942149013074 0.4113844482529735 8.2101821271142832 -4.5110225158651396 -0.8720430805049075 -10.2254502782831302 -1.0864435290665382 9.5990935342270252 7.6269704501324380 15.4115125651603524 -20.0598650453706355 3.0980262091809565 -10.2294297912519490 14.0444718579627974 -5.1923835200640536 6.4129113182910515
268.0000000000000000 0.4109406496044016 6.0000000000000000 10.0000000000000000 0.7263374135355272 -2.2239490582449566 3.4960834197091040 5.3330840483569135 1.6704593282804616 14.9310122654961486 3.8241317493385529 -5.4325614360317678 10.3295678820530483 2.4745395916963910 -6.7279098266435176 -8.1129287785841573 -1.8564242756760909 3.3496412864663898 12.6054324952643331 2.5805874299465357 0.2070818285728206 0.7611469074833799 -3.7469692432008292 -2.8398915832327116 7.6120307135675525 10.3215874212312269 -22.2424417408323123 -8.2149086544198742 11.8006471909800883 14.6776700740008064 -1.6700948610685944 -1.0050943400280252 14.5639662443514499 1.8953129167940983 -17.2030154754669340 0.4151758780173141 0.1635374025644594 1.9559066366735740 0.8032277226213049 1.1009501003980147 -9.0268476523445216 4.8717585305398945 2.8220854863698537 1.1402859373299472 -1.3411285250165057 -4.6942988631400002 -8.7954328419648835 3.4549338664288909 -2.2459201273609897 5.1014672966113634 -8.0473158873273363 0.2345864703443836 5.0686616013011552 -12.2236000630066286 -7.7473433936287410 9.6361433006929413 9.1263266231533180 8.8582455428189455 1.0468414771001702 -11.6000653769502033 -4.1106627916748142 6.7498715257286301 -2.3471578427375377 4.7506037421084111 8.6410507844238467 -2.5331334942901060 5.0251250996839749 -3.5478815507995294 -12.7925333164802186 2.2568605351498690 0.5772740192425454 6.6004606679453293 -5.1361746381274473 -0.4798683323974151 -10.4108031014860760 -1.6978925193612970 9.7721826908650584 8.4339759643706262 15.4245852274971167 -20.3617837606246468 3.3927635154901297 -10.8480146056444315 15.9743196810885273 -4.8538312570236659 6.0344826946121506
269.0000000000000000 0.4113165651070155 6.0000000000000000 10.0000000000000000 0.5256629298597917 -2.9997273479212616 3.5689462742045439 5.2777269789470740 1.7542427468501585 15.5690467288765557 2.1796903250710291 -5.5987846450103973 10.4873103493551927 1.5495688435982327 -7.8201951562302892 -7.4304579134566522 -1.5271643355210456 4.1656104003365009 13.4861224745854891 2.8272926553356053 -0.6860685615392353 1.1951893289851201 -3.7141188579965934 -2.5046034639993318 8.8013540780019870 11.2998155020944626 -23.0339606663578671 -8.3748143929177026 12.4050607922757106 16.1772914715609630 -2.0307081758180159 -0.4734918101996284 15.0201559105046236 1.4514141348743896 -18.1008635702747007 0.1734911109863584 0.5562080167758992 1.4117835708770492 -0.3262967028709031 1.7992955094727865 -9.3253274382991425 5.2501751500935390 2.9050385070900067 0.1811934624711943 -2.9091978396012879 -4.1220407084771331 -8.7343090712055407 4.3213959732275224 -2.3737771420488936 5.7675583963423636 -8.6882301099302168 0.2530457429150580 4.5556942753293583 -12.1116404684500196 -8.5851841688157151 10.3284415181639204 9.7665334248088911 7.8309586061196681 0.9587181439155293 -13.0294469219347686 -4.7981802881404771 6.5490446986848578 -2.2161036541593031 4.1281797412044439 8.3051145718731370 -1.7225121129535572 4.8889222488677291 -2.5828311251169138 -12.6951585832826037 1.9513491780926793 0.7433124000875625 8.0981557299986697 -5.4914721800362338 -0.0780029457188293 -11.0687582122861130 -1.8002916069957868 9.9847649608432434 8.3524671636201582 16.7138312197479770 -21.7232251689513092 4.3268632884934544 -10.8556480189150300 15.1206812330123732 -5.9073431338569540 6.2136699349462434
270.0000000000000000 0.4115621678092238 6.0000000000000000 10.0000000000000000 0.0573664867216399 -2.2098591333122326 3.4495419433245225 5.5366631247594205 0.8852811996883098 15.3188193066668923 3.4355632883033382 -4.9699593013360870 10.9901285934326811 2.2015456505079278 -6.8380412278725915 -7.6777519000304784 -1.6179191031243427 3.6181164367677145 12.7120649425971433 2.4296973202085073 -0.3501168890093245 1.0287734727047879 -4.4945845110523051 -2.5584402152058265 8.3937728516572196 10.2757857644536390 -23.0180732842374915 -9.1843137841223221 12.6965895621101232 15.8913990744335027 -1.2737055196666653 -0.7682488188038403 14.9560743280948056 1.5855097605369601 -16.4529472893004538 0.4590495587967142 0.1626682577878107 1.6147040941450574 0.0605355050878198 1.1534598862360883 -8.2459094259249586 4.9339146195447396 3.2665140351073818 -0.0397466359810939 -1.9650489136198814 -4.2400078528879108 -7.9859616798365849 3.5517193271005807 -2.6676488103706122 5.9662930634076732 -8.3479510404865440 0.9362595728478709 4.8416486438121629 -11.6035451787232624 -7.4846200847540292 10.5472615967308094 8.2748288722606311 8.4323703032282147 0.1044495456152124 -11.6756773293316307 -4.1446736892792355 6.4788346370257672 -1.7283638857599000 4.8112255269676671 8.4404678786106579 -3.1472240788907127 4.4323592818619959 -2.4651577364125714 -12.5725817318733082 2.5526557569483650 0.3084671798691952 7.8458632963804478 -5.2590477245860310 -0.9230498903476447 -10.0187348826541740 -2.2792605302014923 10.2591692675729984 8.5728276613047676 16.1792453485479335 -20.5005169467517732 3.3483296577944288 -10.3684008875403730 14.7435145179602358 -5.3760376645949792 6.0133380046003033
271.0000000000000000 0.4091864838958989 6.0000000000000000 10.0000000000000000 0.5776757514239247 -2.7294163355982599 4.2661910690181593 5.0434052029836485 1.1782122591974480 14.3684049772260316 3.5632016362646852 -5.1779526591657365 10.0909702559336658 1.5412467986238694 -7.7857680937023961 -8.1399355050858109 -1.1088111395435147 4.1967954755274883 12.5415067194541656 1.6721437046890224 0.1573287323526107 -0.0252993379938774 -5.3170168870946855 -2.6748966356307098 8.0493968543277266 10.6794114908764080 -22.9606707395182639 -7.5772292687806928 11.8841031802260364 15.9927565864727903 -2.1742962977830689 -1.6389232077903071 14.6347333978799803 1.5503303493283780 -17.0238507303725690 0.6778142945604722 -0.8997091108291068 1.0634663499576922 0.1002336005776669 1.5396966432693389 -9.1922909044950849 5.3031773445223775 3.3255083659168490 -0.4699910844011171 -1.9527982636687564 -4.0984321470297633 -8.7713788728931004 2.8685325457661701 -2.5473256751926945 5.5879265561543221 -9.1246573327036540 0.4834072817457353 4.4747267791444081 -10.8013546395238560 -7.9197368639432959 9.6878181698793142 9.4466764742165026 8.7475680639476696 0.7828252558559796 -12.6492780019042037 -4.2548985684804892 7.5914347849139538 -1.0942793632434151 4.9837201448278927 8.1987811403198005 -2.4861332763495652 4.7818051593702640 -2.5215644553528485 -12.4011038836495153 2.2165847500133093 0.4401664625138001 6.7475238852775625 -5.1563420597590470 -0.8890218378437784 -10.0937264887488318 -0.8344650094105146 10.1967056403503875 8.6614298552564417 15.3644510304437887 -20.7773038916003827 4.0787620168402983 -10.2179606204634368 15.3289497834510406 -4.7784871811320153 6.0682797710319836
272.0000000000000000 0.4116224887732487 6.0000000000000000 10.0000000000000000 -0.1733442461838549 -3.3092075855659551 4.1841354370839730 4.6776001097568463 2.0616721013603194 14.2670933342416291 3.0544629424968326 -5.2201068610614358 10.0760436524652466 2.5138030241436158 -7.2390644220098705 -8.4819174957743773 -1.2150505261616833 3.7673390531721287 13.1148548154689166 2.2166071638716360 -0.7954710841690440 0.4568444222881148 -3.9391872923356872 -2.5806607995600199 7.6935578651728509 10.7038326916357445 -23.3682338355140047 -7.6218142631805623 12.3895119933112738 15.7671534724378422 -2.4593329166710443 -1.6482717300101557 15.2716968814588974 1.5023408660654152 -16.8235102594426280 0.8660184507111617 0.6524916310213047 1.2728242630082895 0.7190271350171122 0.8406800250829316 -8.3690129484147455 5.0290844153554017 3.3350709754600429 -0.5504678659744422 -2.2359447835153521 -4.4350926018610579 -8.1160204004857910 3.4855264682513156 -2.4212385033684454 5.7070782881505249 -9.8230011738029450 1.6467785906568913 5.1583791592215853 -10.6738706606107403 -7.4369814601549127 9.4079554526050764 9.4511137290470284 8.0342018466417731 0.6727427121467093 -11.6554190450311115 -4.3685348470041010 6.3992425364009842 -1.3965809377976197 4.3950266260318740 7.5166498836870721 -2.4706582301511553 4.8110955421454298 -2.3957961447618628 -13.2906454851103248 1.7285174801195029 0.0898304129385345 7.8379998651786913 -5.6492592039734415 0.6997630077414985 -10.2351252805188597 -0.8982932807270572 9.6848728938318231 8.7649366578850678 15.7082058909670916 -20.7764222586257929 3.8727242277957776 -11.5523623228084755 15.1021431359490261 -5.0671717441608282 5.8818425075856755
273.0000000000000000 0.4120804681687968 6.0000000000000000 10.0000000000000000 0.3276265962375715 -3.3127387594538531 4.1570002043076810 5.0785161928208034 2.0791641072572715 14.9460709568812771 3.6639190757630993 -5.2679800413766120 9.8805781046650338 2.0943157087726423 -7.7332018380553391 -7.7798798164635334 -1.6389779371574424 3.9477385606054884 13.5027240044311405 2.5389722745846144 -0.6082851077874520 1.3045175159993498 -4.6236974228622252 -2.6330661638188992 8.2471837349012294 10.3221952741669547 -23.6736808123012743 -8.4347283138302984 11.9946806986020391 16.8915835305536746 -1.3752243170632004 -1.6536047627794037 15.4050880559760728 0.7957969130554200 -18.1278970943313205 0.6813444295324846 0.0759951603155115 1.5379080159409666 0.6101424342566257 1.4954450431539636 -8.9514000254450359 6.1882618723608651 3.6080189444840829 -0.6817668220267682 -1.5399835981467691 -3.9413475046778994 -8.4627888324235006 3.6986559622751751 -2.8422480172404700 6.4796383607070664 -9.3658674795352681 0.6276915215804220 4.3117722846138946 -10.9057710065985667 -7.2655101612994075 9.8405426139635104 9.9487820405225484 8.1646835612895288 1.1747872936297616 -11.2889377754177094 -4.1325947822465174 7.0618974202481235 -1.2464082409092780 4.2706244842185432 8.6074625960502456 -2.1586953014606349 5.3280143834900340 -2.5233915290057722 -13.5427370119001171 3.1036570068749230 -0.2310536481355495 7.9076400698177078 -5.4921170884149468 -0.4740535577967686 -10.4856583846220293 -1.8643072370431204 10.1803030448420291 8.9851092472041820 15.2150537650186823 -21.5029376541083330 4.0804257893098077 -11.0562737323707925 14.8763711909964833 -5.0534561503357187 6.2379909915844278
274.0000000000000000 0.4109704088730158 6.0000000000000000 10.0000000000000000 0.0975978590143676 -3.1108148913651825 3.4859180749781120 4.7345817820110980 1.7169872548385432 15.2153147414075622 2.2242314765304894 -5.1651888722476960 10.4614097628705220 2.9875218322375656 -7.1567044438432426 -8.4811958065677846 -1.8593022871139024 3.5976183700308786 12.7089363541373768 2.0184921009393304 -0.2412768638742720 0.7790324920024447 -4.0895697317368027 -2.8468217162181637 7.3084792796300979 10.2923686545079338 -21.8282063774524531 -7.6080174834396148 11.8336969257054374 16.2119088984201944 -1.0116058542804554 -0.5147173440196998 14.9417443462029187 1.0433545395052763 -16.8351374252069128 0.3608019742932688 -0.4057947031872640 1.3097764331087820 0.3784815285626439 0.8335507065845006 -9.6291745958746446 5.1926133782518944 3.9093119570831485 -0.8000216252753352 -1.9215761240740710 -4.8227104799540808 -8.4149073004178412 3.9827212091585742 -3.1891594945561081 5.9431496486792748 -8.9687707131089986 1.1706424068745611 4.0261103362128514 -10.6904645135470009 -7.8926898323851660 9.5834754838296679 8.9278381527082473 8.6307037268140778 1.3229887342422586 -11.3553353616740438 -4.9125322177088959 6.8920267836516835 -2.1534624417579478 5.0159672323543534 7.5279294584842305 -3.2183160691772632 4.7002243980485581 -2.2053748217349423 -12.5488528523714713 2.8499213804430852 0.0269563600712130 7.2671317561533861 -5.2314181409605967 -0.0343026971199559 -10.0396876444207077 -2.4522545905658308 9.8583614193122457 9.0187517882917394 14.8967179492178676 -20.4177178454357318 3.6001906159626360 -10.2689882375062105 14.5874240004736500 -4.3643595592374114 5.4657338314611499
275.0000000000000000 0.4119325624637248 6.0000000000000000 10.0000000000000000 0.6142056139698948 -3.3600894176839002 4.2528261481212031 3.7365422168531985 1.3147109337543661 14.5824668918494655 3.0252250613369487 -5.2057360957035872 10.4762826463905157 2.3283609554252620 -6.0068123432055476 -8.6308283507338004 -2.4394855103751039 3.3558076026677859 12.7898314892295684 2.7081559634939558 -0.0738373829567974 0.4037525808260955 -4.5461094029384128 -2.1363065587267864 7.8568006207901204 10.2588156571148588 -23.4381182593273039 -7.6358811617447966 12.2918711541528243 17.1019978921580638 -2.0531895947271153 -1.3262762166727162 15.3001044218947175 0.7125745024713073 -17.1706812567012292 0.2473056980432056 0.5955495615267391 1.3542127409434073 0.7314781058492762 0.4617899680979392 -8.8492349825135932 4.9358529496482060 3.3054834870002239 -0.7924737309234053 -1.1570062575443087 -4.7657962708592994 -8.3191695408426316 3.5267657883883712 -2.0293277370026024 5.9179982143726617 -8.7255056208564259 0.2895376281180289 6.0453905357418982 -10.5277631968697953 -7.4619875426896058 10.1281371068894046 9.7834984004966383 8.5752195640649216 1.4917686072762595 -11.2536907894175009 -4.4849237738553835 5.8249930529066267 -1.7506528562887738 4.1008031993843028 7.7555273690545450 -3.5989509142344884 5.6862081069220958 -2.6051055352833399 -13.1816342460239326 2.5088814475298471 0.4641415360896982 8.3904549814747984 -5.7391496085949321 -0.4877465412964342 -11.0530386413014980 -1.8650709853301215 10.1560191557176811 9.8390845406009131 15.3270189954861173 -20.2842963718741807 4.1733494451277648 -11.1293582770106205 14.6884021592326235 -5.0702133521834734 6.0018004085998760
276.0000000000000000 0.4119184712924971 6.0000000000000000 10.0000000000000000 -0.1239862353521679 -2.6030517199402183 4.3212125092514757 4.2215717128983199 0.7510007227986558 14.4747936686301752 2.2488507795476362 -4.4284875905878511 10.8521317125988332 2.0575122290885699 -6.5422619079601407 -7.4327889902732904 -2.6181875565042070 3.4547487187473491 13.3453906602413106 2.3537216064816753 -0.3043588366062167 0.7830240249846766 -4.5866588821335244 -2.0408312669730155 7.3794003106772577 10.7366336151743642 -23.2871800262290911 -7.6700250783075106 11.7021001947550136 16.0418318429414199 -1.8694461194986931 -1.5791131339360869 15.2060194147020802 1.8180628264054925 -17.3894394053263994 0.7517870656687937 0.3718512689676500 1.5073371109439966 0.2124620804553923 0.7439411350843850 -9.3623855837121983 4.5288901417766940 4.2737018749060400 -0.9215208672427331 -0.9316347249116178 -4.1239426267041184 -8.0339108774782364 3.1738853296503309 -2.0992016314974942 4.9500313778407925 -9.6878288749519665 1.1998630769467558 4.1784963771411663 -10.6035554586794323 -7.6001756759419035 9.3329981648499949 8.9110843563028670 8.8790592756988573 1.2951312109810527 -11.0454409109563620 -4.1051551808401117 6.4720015004899913 -1.6249437510336162 4.3921570685079221 7.8894272607925506 -3.2272326226038945 4.9977326182379924 -2.1349612733841843 -12.8466634925353098 2.6577542735160287 -0.1833810057431617 7.9456047510622430 -4.7866219495293896 -0.5867062102226825 -10.4436676654232947 -1.1992341431960258 9.4721977232865129 9.2057549423540106 14.7433125573204045 -20.7602620122278019 3.4543328475302477 -11.5198658359087371 15.8714260750280403 -3.9941363946696216 5.9948085665246893
277.0000000000000000 0.4106673929711865 6.0000000000000000 10.0000000000000000 -0.1952208315319478 -2.6948177641278472 4.0358890838975228 4.7004944140619838 1.5250328888518840 15.5196003056371445 3.4874693037606361 -5.7496084388793998 9.5793263199313792 2.5555321332993035 -7.3698422860082102 -7.9645182006053767 -1.5203004776235325 3.3767716742636282 13.8160244185920664 2.6963838723490001 0.0925316877504808 0.6996957651738076 -5.8505849562624226 -2.3561936325161668 7.2905117485300739 9.3956941058852728 -22.3328892189172734 -7.6094631670766759 12.4808450686108259 16.0274331701455282 -1.8957607823038773 -0.7956854115864483 14.4156746933956761 1.3208825343016510 -16.7021877351588479 1.4639728429516392 -0.0018879274349299 0.9191395239347989 0.3247661872353151 0.6387851916090408 -8.9880280011536637 5.6343702393672421 3.8001993374456373 -0.8761532320252960 -1.7199770043702953 -5.1991057643728986 -8.7792783233185698 3.4101300769385725 -1.5884611004632077 5.8216182178553959 -9.0426872363815676 1.1896583301425814 4.4766835735737747 -11.3255372216908086 -7.5767189730811841 9.2364053282373728 9.0597612020542719 8.6370710758707627 0.9853951702087439 -11.3547165856437342 -4.5906994798462160 5.9954532848474660 -0.9043097370717964 4.4542624510379172 8.1272070072047509 -3.5100535513822821 4.9098213802453490 -1.9855517955103137 -13.7745865132566188 2.5326275408749361 -0.8035412194404317 7.6976462433000856 -4.1929336927237530 -0.7033085205876141 -11.1380351903201262 -1.6726840464912174 10.4316291751912917 9.7952808138577812 15.6769699788418162 -20.0681241697899218 3.9312199772604646 -12.1572933656843301 15.2346627961742609 -4.4668336455701034 6.2184880317708382
278.0000000000000000 0.4117320647549726 6.0000000000000000 10.0000000000000000 -0.7166190649255439 -2.1411088130025950 4.7572374592249220 4.1360207166071552 1.3883534879942538 15.5968789473954281 3.0226625383549135 -4.7013735523077118 9.8154284157723790 1.7873239926883082 -5.8372708764679730 -7.1562602699011446 -2.1125158471867644 4.1046491609667646 13.1655958212381439 2.4459110943550573 -1.2266739431727842 1.2478281517068508 -4.8202104777033927 -2.0426604955945606 7.6264749437935277 10.1657657268577193 -22.8483129253488890 -8.1599052756901216 11.7895640298964288 15.3954279453534575 -2.2538421994291227 -2.1178092479878736 15.5206754386798043 -0.0671089603524950 -17.2042815144073309 1.3872507779024899 -0.0772727637799749 1.2233246845318548 0.5757253138822824 0.3052667127394655 -9.1675246500231964 5.8976457003655627 4.1321471088416919 -0.2311213062823418 -1.2754067591777098 -5.7937925536693813 -8.6999239380270659 2.3095538127602673 -1.7196337855111747 5.8416986630458574 -8.7414766493642642 1.4330842877913879 4.7685516566416517 -10.3132981549728306 -7.8526491534541192 9.2703872842338324 9.5085622161574914 8.2194553034584885 1.1691962158306826 -11.1544113360580930 -4.7067955068359861 6.8096618950510734 -0.9365320955498890 3.9203565521334189 7.2291260502339281 -2.1685780713205451 4.5503809951383145 -2.1761794122940596 -13.4312755492362594 3.2040151000237183 -0.8297477132382313 7.6750377408647577 -4.5517618247201019 -0.9687221328916584 -11.2791914998625646 -1.1697217745185375 10.1363933616670998 9.0352081258771655 14.9381403385459173 -19.3681139390000681 4.3709498899196344 -12.0924250950842023 15.0178109340339017 -4.5767864452185005 6.5250602665196791
279.0000000000000000 0.4105523404409326 6.0000000000000000 10.0000000000000000 0.0462628354270006 -2.9033386426831953 4.3463404793791698 4.1867030728571795 1.3614579216948024 14.9455046430977134 1.7032513691040885 -5.4579340953677917 9.9061598527804140 2.6655053882137327 -7.8539437344616578 -7.6512890008956917 -1.8121568874981095 4.0300943892257086 13.3134322009792658 3.1011760136752495 0.4641881838054694 1.0479534523844354 -4.9361799806783013 -2.3419942755626653 7.8837669923866596 9.8238828009558095 -23.0493809451634029 -8.3346477390639357 12.2750127254009502 17.0071161214733984 -1.3381457898975269 -1.6196089183991007 15.3219318942546394 1.0362674255123510 -18.2106843232963342 0.6102444037308179 -0.6492820742818322 1.4250971163767172 0.7412141426643843 0.7106020119145334 -8.0669057288969430 5.0645951303943804 3.3645111159473542 -0.5160548409650781 -1.4713727548302353 -6.3588007680194476 -7.7524101488488277 2.6206074428602357 -2.3939652245209491 5.7603203397560163 -9.6397722129300050 0.2674137047124947 4.7651519734081091 -10.9104356913693792 -7.6515876146144510 9.5686335814239314 9.0468437092831202 9.1691963283646842 0.5861890900671628 -11.5268827179448028 -5.0439348330840987 7.3581007323779435 -1.7763066635719977 3.5233140449025040 7.5936043983418688 -2.8012432742632365 4.7289458866747154 -2.4348214518819056 -13.6247259146803685 1.9917461102673215 0.2327548895316767 7.4939879370091305 -5.3931907513320070 -1.1875899011950422 -11.2533617431288135 -1.0292362572590563 10.2014314394520351 8.6570557517801046 15.9299798968514814 -19.6903816432982062 3.9384541650148597 -11.6883243577841114 15.6739129271002469 -5.0885517044411994 6.6817698020896144
280.0000000000000000 0.4113821570822418 6.0000000000000000 10.0000000000000000 1.2604200642095993 -2.7122162776164433 4.2867125984052032 4.8173528980547404 1.5949118996420069 14.4502315321906583 2.6963035636240318 -5.1356578593145645 9.8144752747490269 2.6344238155665516 -7.1833129871183425 -7.8826945860826445 -1.7932419084977569 3.5402144703688072 12.9841401453814616 2.6459187046104180 0.2773311690956503 1.0925842449300354 -5.0899202887103510 -2.8282215357905396 8.6000712673030275 9.6664530235268238 -22.0644316322203125 -7.8165886480010007 11.5353554067073141 16.7250774441824603 -1.9421965736624678 -0.3481842282289751 15.3532947033880021 1.2607126298819455 -17.5694170443585875 1.6269166589424371 -0.4260640029240990 1.1027328502586868 0.6606454030357536 1.0118435738082550 -8.9870458877458468 5.6297439950261836 3.3224047821316334 -0.4533439990061498 -1.7134949440610532 -5.0325650669336097 -8.0572983591605833 4.1424897147109148 -2.2668297836273150 5.9156103623917549 -8.4697084452009204 1.5528021288309106 4.8702444504868661 -11.4096170175891753 -7.9451964808477706 9.4199958054938886 9.0569797254994580 9.0851175180196133 0.9508652562000698 -10.3522946849089728 -4.8101565712255958 6.5186010708059303 -1.9982745089725042 4.2497979038808573 7.2292521825676941 -3.7478471643988982 4.8578382736082766 -2.1173510732528618 -13.5139408973399355 1.8535040381636434 -0.5756405112978239 8.2735386338875614 -4.9819618851497616 -0.0172799772517307 -10.5217748308068000 -1.0345641902061069 10.6175138801932825 9.6763127915919362 14.6802412385626617 -19.9615692474547934 4.6377026985906440 -11.1874271123738360 15.1517322333663724 -5.1218179511730533 6.9158870414031597
281.0000000000000000 0.4108036211600082 6.0000000000000000 10.0000000000000000 -0.0021696292550447 -2.8243321332364628 4.2992584999825070 4.3751369921200132 1.0494806278536275 14.8012669636133829 2.4484219334983486 -4.9609470974524319 10.6472004214028306 2.4421267678137015 -6.7055931974465341 -8.1701637343530606 -1.5635958494567972 4.0063280774867565 13.6654888719405303 3.0689484699005871 -0.3455317979409334 1.3250886189571858 -5.2031160892460884 -2.4138299677604640 8.1213165034949331 9.6500143940468313 -22.2481596389109626 -7.8944947265294099 12.3580276731863279 17.0511492069303614 -1.2352042413232269 -1.5202842973690514 15.1248086000647621 1.3681837683261613 -16.9280214395053790 0.8757478860442052 -0.1166084699580748 0.7972120296632437 0.0398395167357666 0.7750052776382627 -8.4905917991030702 5.3828298368062635 3.6734361407033607 -0.3863813351609903 -1.1687878475915707 -5.5602092345150327 -8.3260523007330942 3.6485836301111738 -2.1597417693693282 5.6563787832141283 -9.3645406620662932 0.9882703379307389 3.9517531333280735 -10.5662455077427619 -7.0540231785173146 9.5481212442703978 8.7253672093702566 9.1128044305653990 1.4420074193450807 -11.0783691881413127 -5.2078656832168733 6.4149163305952124 -1.3082700128722999 3.8859908560796272 7.3208271133368470 -2.9687782077344700 4.6393822415609236 -1.8212149415084093 -13.5492618426579323 1.9317603553895522 0.0127195724329521 7.6776752550583796 -5.0761355584209760 0.0839976232270192 -11.2761443987236980 -0.9937518367304344 10.6114618045845983 9.3216893216797310 16.4966665966413153 -19.8539444661207547 4.3466220957388639 -12.2530368872026560 15.3311194330374292 -5.5235393206679531 6.7525743958327018
282.0000000000000000 0.4112297305248293 6.0000000000000000 10.0000000000000000 -0.2078104692492669 -2.3421832674797192 5.0040007160570976 4.0566676942042594 1.3437072442463187 15.3134911009604817 2.2493731314777325 -5.2354916955081174 10.3761837790882510 2.8152003970813304 -7.0956161801054520 -7.5700458281529830 -2.1024893042413839 3.3774957399147927 13.1160484807085158 2.5664504552798633 -0.0615862311306336 0.5311811643312347 -5.2132027215283196 -1.5979760431219456 8.3977993789589380 9.4338875343245991 -22.5448503218761473 -7.6276969715093914 11.5961267260381398 17.4432376442693808 -0.9763638318474517 -0.9162068035010872 15.6183635081783141 0.6517782336082469 -17.7993737089882913 0.8508073604867391 0.2732289289243906 1.6627509299824865 0.4560250795991607 1.8158484338932321 -9.1252776695765068 5.8996871483222986 3.4676339812774173 -0.4407149269655528 -1.2234230608872887 -5.8147366811983003 -8.2424764534117294 3.4993789398723396 -2.3276089179970292 5.8412807387889849 -9.4890636732371707 1.5569406998118054 3.8757090484027148 -11.2565244456654998 -6.7988994379348444 9.7433246210802871 8.2695378929581764 8.2549944450902579 0.6179381982459702 -11.3391864623549079 -4.9783664263651399 6.1374280891179849 -1.8217291683326016 4.0598288036169823 7.1432399916890637 -3.0282732452404191 4.7837029192207341 -2.6759941674501158 -13.0914958112445081 1.9001898404004514 -0.0592178965485239 7.2152896545143506 -5.2563387246542757 0.1800242358691416 -11.2845686947471133 -1.4223359299538896 10.5739337899721377 9.8207405443816285 14.7918147586287603 -19.7098008283491097 4.7449842866322918 -11.9183034566545523 15.2784736413381594 -5.6129306431836890 6.9722117059137947
283.0000000000000000 0.4107955461203605 6.0000000000000000 10.0000000000000000 0.5799484942484927 -2.0638761331797224 4.2637328113439992 4.7885566951192198 1.2082027302063409 14.5288951614704001 1.9297859450200154 -5.7047147125518984 9.4792630929520723 2.7076916981090617 -7.3055060139255854 -7.0515119026747639 -2.0725016229925814 3.5457630114598992 12.9535019793339021 2.7385570997199991 -0.2651547014131039 1.6281588942906460 -4.8930658056772982 -1.4462783960886036 7.5239400815778117 10.0349868739149333 -22.1003509559241209 -8.0561202601584032 12.0143266086098457 15.8181455628775129 -1.3650742120018562 -1.4013143452173207 14.8999952374867615 0.8216562456797595 -17.2187634679501613 1.3751284269365391 -0.0631035779428552 1.4390580016074797 0.6264580482035282 1.1715661872129159 -8.5959714168748569 5.7200959329990955 3.3844779889885506 -0.7702829859978867 -2.1781454912415175 -5.4289554099274060 -7.3014160826993670 3.2887216652694917 -2.0491495175696124 5.4578360284071392 -8.4597187392281246 1.8729167889392606 4.3416048088050303 -11.2621040944514430 -8.0013314550938777 9.7351913883129981 8.6281938582974114 8.7605995904599485 0.7254867745591385 -11.1123128469893295 -5.1860712554351496 6.5521775673167655 -0.9303280290865690 3.5986658499052169 7.0565383885829149 -3.7927880886752812 4.5900902293796442 -1.8483900794393513 -13.2207713142198706 2.4624230217918708 -0.7610240001564920 7.7029410632936637 -4.9883422980257146 -0.8708869056971049 -10.3533463593634210 -1.9048909647774994 10.2270042396797756 9.8747332617043959 15.4095098260610541 -19.6298145605407335 4.7800763273777980 -12.3035017772666659 15.1360020578414147 -4.3719014680229522 6.1102301871902389
284.0000000000000000 0.4105700243275642 6.0000000000000000 10.0000000000000000 0.0053341472529895 -3.3527656351198134 4.2824727985236839 4.3591976068946110 1.4349118555500258 15.5985186490301260 2.0224009658299811 -6.2759750994312560 10.3620584506429481 2.7581399344598134 -7.4554661699899922 -7.7837791166913011 -1.6945178332396009 3.7345525536553748 13.5547427377998098 2.4513837152637090 -0.5100301295008774 1.1527990183259478 -5.0013968587021367 -2.2028118817133957 8.2755726787963653 10.3929645182360542 -23.1901201390852272 -8.3666527107783963 12.5763283462566946 17.4014507328975512 -1.3865800820165839 -0.6654014415869104 16.2634618007208509 0.2718693208769895 -17.5365485585945819 0.6260789385141154 -0.0231099910160953 1.7770784536724606 0.5787790291177836 1.2466601841745364 -9.3135086152265671 5.4508587059390914 4.0431379835863357 -0.3667724176660663 -1.9765042687744483 -6.1513235038119420 -8.9405380910784569 3.3468745801295818 -2.4559171167883820 6.2523131381936938 -8.2507168462285225 1.5791018468321973 4.7964733756079223 -11.7539435972923503 -7.3219324070658809 10.6072556934933555 9.1459545101206050 8.4393005687013005 1.1415041566885464 -11.1569100248874467 -5.2267272963975229 6.4671179614555614 -1.9509477247076450 4.6539062175975445 8.0868704805853753 -3.9122175351874477 4.8748836909569713 -2.2165447452501268 -13.9445266498509852 1.8606934551356142 -0.2723862281051321 7.5693940892569893 -5.8007721760732549 -0.7572380383584094 -10.7727908715142053 -1.0269600738926001 10.7734794496202149 9.5893107574747987 15.5747685628016566 -20.4733809489816174 4.6591662961535958 -11.2795500898990930 15.1544217829853807 -5.7699466942571229 6.4910126728053257
285.0000000000000000 0.4075877096662955 6.0000000000000000 10.0000000000000000 -0.8826436940573354 -3.1351629519782716 4.1299009272261200 4.4061840434342576 1.3936825513888194 14.3088961201962306 2.0884346846589494 -4.6019086094721722 9.9064272908597264 2.2096536557435775 -7.6344935066223094 -8.6089189947726172 -1.8401386610704682 4.3861896425565394 12.9003977417250759 3.1266954570936862 -0.9195983407335588 1.8996069720111133 -5.8225685910365419 -2.3681441140769715 8.1977813532499635 9.8289706927907137 -22.5263065468673354 -7.6690042136509753 12.4928120948854282 16.8804429866862868 -1.8101859332812142 -0.7526050335126047 15.5884691100623147 0.9459923079741854 -17.4903314104411542 0.7517033515047008 -0.2924039294990682 1.3751248668673366 0.4457431782414299 1.0850175636343473 -8.7862512147494911 5.5985477947784119 3.4894462918410367 -0.7155374367918351 -1.3480286904675862 -6.0899789291387147 -8.0576557730848144 3.2009692490556256 -1.6637226471038862 5.2192105153186326 -9.0802207952783451 1.2364056341297125 4.5455676764495907 -11.2480767026743713 -8.2921423510799706 9.7856974287595069 9.0225801692858383 9.4151971841179858 1.0529811792280710 -10.9741584766686966 -5.7222109529027989 6.3673642227929106 -1.1186404158315426 4.0953343407461871 8.3370836918225510 -4.6519589090766971 5.1157582979744944 -2.3221065306860025 -13.1660778457247005 1.9420068390051233 -0.5560943048433731 7.1268603784008793 -5.2928145751362710 0.1627358344839472 -11.0376494989043685 -1.5159791854956506 9.4079848220510325 9.8113621281176258 14.8952840604888870 -20.0311479091743827 4.1092691636167782 -11.5304496474292506 15.2732318777012335 -6.5410684147024192 6.8881972363967687
286.0000000000000000 0.4105423056750267 6.0000000000000000 10.0000000000000000 0.1388852509530728 -2.9553972204351768 4.7307575192189502 4.2991417547871436 1.2054529316518776 14.7030918477304144 2.0603632921396233 -4.2577553019835719 9.0564394148562837 3.0258696985824818 -7.5169075307197364 -7.2601435280549804 -1.7867007340389098 3.1397554714347802 13.3845234652501102 2.6361893753882750 -0.6684634612623807 0.8213797183809668 -5.3400929757663018 -2.1839045457863211 7.1345908094514341 9.5038924189610867 -22.2527248039715388 -6.7962927015665215 12.2957508471832746 15.8876282842334753 -1.7284738004966143 -0.2901305374211089 15.4774515666492132 0.8048559803149886 -17.9271095948733610 0.5629705449972646 -0.7451877215818985 1.0954394944546655 0.5042777714070896 0.7367826647367919 -8.0734535917092316 5.2197600018198331 4.1938091487505842 -0.4313132707713904 -1.8609146305611626 -5.8951871405596137 -7.6273944123654998 3.8344609628320021 -1.5608123161221581 4.6939833291209068 -8.3519486604562196 1.3708766030103381 3.9357310894411222 -10.6610648583898548 -6.6985069766108332 10.3851910782790071 8.3610133155872060 9.1592055144217621 1.1655933130599119 -10.4628535426025753 -4.5214516558893685 6.4456881732977767 -1.4901539330958180 3.9621322584705787 7.8490933941853145 -4.3103746047157427 5.1594625210137490 -2.0250566369037659 -13.5086506006301033 1.7949744256193871 0.3615369583875234 6.2647990399052302 -4.7625655198398693 -0.0204081314348954 -11.2627108079596496 -1.3119615076598243 9.9691708785484785 9.0903699954543029 15.4952009375997175 -19.6547316075519340 3.2760121954750350 -12.4999443430738939 15.2884361427974795 -4.9932904869360915 6.5451056839521771
287.0000000000000000 0.4107826443136542 6.0000000000000000 10.0000000000000000 0.7448184937281509 -3.8249025080745542 4.4975479360954065 4.2757346599698920 1.5864724623819533 14.3540381194176447 1.9302675042851334 -5.2506274983211432 10.4166672010765335 2.4417188287626961 -7.7276953825287951 -7.1293381287691542 -1.0714408195862362 3.5483426813463610 12.9626097082459442 2.6121712255733782 -0.6810286373486623 1.8765779314855811 -5.2506709298976437 -2.0074789605603098 8.2142759438029316 9.7047533220577940 -22.9017597259048173 -7.2337490511924649 12.5565697381310670 17.1393873724445598 -1.8052332754509330 -0.4299139230679793 16.4767371648932901 1.2157008908808444 -17.4209465327318362 0.3480338669507207 -0.4098078466395282 1.0014395575218948 0.0514595219562175 2.0513803173195448 -9.0240415111588721 5.2783453560888853 3.4482878675190003 -1.1011350273875617 -1.4554166302349338 -5.3068006345584440 -7.8617096000386395 4.5830259190585316 -1.6465683884546667 5.2282750034437884 -8.9064936352786042 1.6488226217085891 4.5835547897785229 -11.8404314326883284 -7.1643694573725325 10.0273783818632864 9.5939955342752352 9.3860634612908758 0.5702618687987075 -11.0101081262148224 -5.8779653595862955 5.9635162893375773 -1.3235038518599367 4.2381539854726746 8.5620273606375310 -3.9152743391261624 4.7790016012104140 -2.1051692204590875 -12.7866808333796289 1.4593004839766393 -0.0924564504731172 6.9913770242641027 -5.4114676663878001 -0.1384802598617466 -10.9313577301569627 -1.4055074777642467 9.9111211470895402 9.1151118541490046 15.5648229269420977 -19.6705272432215956 4.3378237320317563 -11.4630948294968231 14.8463850835834226 -5.4642073704235603 6.1444899718362631
288.0000000000000000 0.4107365309543505 6.0000000000000000 10.0000000000000000 0.7785543519743490 -3.0637564897627327 4.7307051123970751 5.3208973497851053 1.4780273997877300 14.7770062099598931 2.2930749308452576 -5.6768692686686331 9.5249201000006245 2.3890544156470792 -7.5343779001001776 -8.4841495548712178 -1.4190409948163598 3.8754407795887751 13.0931046328701797 1.5221295125678145 0.2215959758453870 2.0739663557977872 -5.3738686344098072 -2.0326269351343100 7.8906582759650856 10.3587594250616775 -22.6360730252980069 -7.8881674111197464 12.6380879069274208 16.3185376546421566 -1.8843859247100445 -0.3379449936860393 14.9770745684080708 1.7993612318957255 -16.8166434708197521 0.7496421389132547 -0.2622005519253838 1.1709317529129473 0.2185316866976230 1.8634963007910506 -9.0649626172263087 4.1867042959926666 4.2581852550824006 -0.4790273698407111 -1.7021734749131718 -5.0499247691226010 -8.9649689507120947 3.8757983898855155 -1.9960879376696643 5.2602723690213136 -8.1715717156895220 0.4547918783599276 4.3363271552706166 -11.7041556620753830 -6.6975690270928414 9.9940149463504433 9.2189692073600114 8.6600375969300813 1.1394691993504000 -11.1409916729093865 -6.0012463582077151 5.8955443859265850 -2.2263774896529420 4.4931629103703532 7.9058071736022910 -3.3711819249230404 5.4261535134895107 -1.8761492591091244 -12.7861140253515373 2.7273417212524400 -0.3715369940516933 7.4037656441042010 -5.1296239380416315 -0.1896509629895496 -11.2480490199679579 -2.1572932100900153 9.2868007553667997 8.7692761164579540 14.7831924538148733 -20.2664606568580297 3.7654854928606478 -11.7877924424943288 15.3358668882939391 -5.4567926048865010 6.8568077874026709
289.0000000000000000 0.4110366470576340 6.0000000000000000 10.0000000000000000 0.5935612289731974 -3.0841877493099044 4.5692976745597091 4.7694350619341401 1.6159610166320357 14.7737884638167625 2.7857954117709616 -4.7004857173815067 9.6131125277477985 2.9501388596459868 -7.1765362461389337 -7.1314688648648392 -1.3884559358978570 3.2630823047451685 13.4653300234537028 1.7981739461693123 -0.4755937307432234 1.0378663998139217 -5.4712843398641331 -1.6500334881591951 7.9094004024388989 10.4398699970709377 -22.7461297569968579 -7.4797443485882686 13.3043364003450311 16.6243900925732468 -1.3241037392850981 -0.5901545429024103 15.3883254899336066 1.3773100588325753 -16.8490896667360452 0.0551581211366364 -0.9652944442575320 1.6100581329242396 -0.1295169309085200 1.4869419508379624 -9.2881208780657065 5.1144610968763136 3.2764251271780980 -0.8517324498466017 -1.1833374032897184 -4.6148048186430382 -8.0776253875083999 4.0033935095296744 -1.7800014888050379 5.9945595600335588 -8.1884993587750241 1.2249535241641234 4.4449768356378128 -11.7880726197458081 -7.4735311373234072 10.4877987410691862 8.9532287404422899 8.7731683608622202 1.0599478447013204 -11.5941710475076754 -5.7990206484715427 6.1027756962840813 -1.4710976718738462 3.7484984697984216 8.0161769864990244 -3.1883402678089761 4.9802787935539152 -2.8818593437612865 -13.1357395480409309 1.9813844617115337 -0.5247430956542585 7.7585280435037296 -5.2634459111149505 0.2896887028361990 -10.6313031199785613 -1.5636694601637053 9.1628664683736911 9.7618485343161137 15.3079830502053014 -20.0244025721063323 2.9692831902739378 -11.1319388208082515 14.6863235937524408 -5.3036542982750845 6.7156514358340296
290.0000000000000000 0.4092577740352246 6.0000000000000000 10.0000000000000000 -0.5337972192456522 -3.0613263150496954 5.0098707438485395 4.0850223592923580 1.0884337542362390 15.1955510317050972 2.2281403404287947 -4.9639386502758516 9.2348805076274729 2.6293343227124875 -7.8044950054139912 -7.5903666998050872 -1.9910625295449527 3.8201317052876060 13.0336897042795457 1.9446903542246834 -0.1453534782880551 1.0199306469614349 -5.2196870214264992 -2.1461532556653968 7.4260943004442641 10.7800579156060312 -21.7152163808151464 -7.4141037193064392 13.1272571151290904 17.0146650654075735 -1.5853369428201731 -0.4872712441688648 15.8940416334667756 1.8811700165458549 -18.1046276692399708 0.0334141972820036 -0.3011940044233002 1.1941231213446821 0.2666003045791342 1.2466428103754739 -8.7414147488598530 5.2818084731282964 3.6365098337486859 -0.0787690857158720 -1.6133053109830273 -5.0519960115372990 -7.6772145290490732 3.6917544574203602 -2.1018767624519472 4.8404437995676624 -8.3791921788990891 0.7245202652300726 5.5045639851325365 -11.6485942477343460 -6.7214401974560154 10.8219055991918189 9.2323296738894527 9.2906152530774477 0.1938669128628614 -10.6920189207747729 -4.3085621563407548 5.5666946306417007 -1.9972365674435912 4.3837710829909557 8.8428857716702183 -3.6695843264739203 5.0012271249822238 -1.9437938503121801 -12.9412563294545251 2.6284657698905631 0.4591639037528870 7.1288269701148366 -5.4548645979233461 0.1974348608263688 -11.2114608598046246 -0.9831983201886704 9.7542603497459250 9.5861589767759234 15.3436483085301916 -20.0301990048708483 4.1618432574872894 -11.3277531642219067 15.8478022172883453 -5.8618992108212531 6.0799641458101545
291.0000000000000000 0.4101233205534138 6.0000000000000000 10.0000000000000000 0.4149968159886943 -2.8011874153708836 4.9703786387153430 4.6734540550037744 1.2212226038608935 15.2250060253977129 2.3034230761274905 -5.1682906460345448 9.4126952972623243 2.6503700093932725 -7.5770104656031343 -7.5280885313470050 -1.7048700044273439 3.5446006146760416 13.4248824692363993 2.6762105688914666 -0.3000451855083676 1.6028233320333358 -5.6779116519472632 -1.8273502706102416 7.4119213657666432 10.5100215839756572 -22.0867722733858542 -7.6321999922384993 12.8205609076660103 16.0426653483559676 -1.5679414203608584 -0.5247851681716735 15.3039582282555919 1.1647137807555548 -17.3220376593431418 -0.0767233574590543 -0.6376208434327648 1.0884184512079009 0.1855233178772271 0.9670092384768338 -8.7544824934150718 5.1243798217599794 4.5836699456101719 -0.7470410026564775 -1.6646013280701439 -5.0507947898712624 -8.2351076171993984 3.8239780332797166 -2.4708682178396191 4.6393143538999642 -8.3990565671029618 0.5528567856240973 4.5780303531807895 -12.4177799984731774 -7.0574023664170991 10.4844639572710623 9.2226842133816191 8.1422783406507140 0.4609324806718287 -10.8505275940413846 -5.3388589071885182 5.6816211307689155 -2.2456077170266382 4.3832173614422834 8.6503947356633848 -3.8176109794124575 5.4481090646242922 -2.0433771512103154 -13.2138833385692180 2.5568993223292593 -0.4519111643607843 7.6043267720848391 -5.4913872888656119 -0.2798477815227614 -11.4538985936373461 -1.4126491193198516 9.7648353598344322 9.6458300132769654 15.1829145007289963 -19.8969611929573773 4.0390101724310368 -11.7438416374904548 15.4844122108651643 -6.0502552458403773 6.7709896573597339
292.0000000000000000 0.4105547189096477 6.0000000000000000 10.0000000000000000 0.2295365606607876 -2.2919056200011965 4.4803802898045548 4.5411186429769232 1.1933695905515069 14.9072902056562029 3.1989651315635617 -5.7485454427298599 9.5624234419839418 2.4056527804310712 -7.2298947721274569 -7.4778431386178426 -1.6168464698795566 3.3176648982915080 12.6661251789855225 2.7465726526127527 -0.0165225514284883 1.0581586380035173 -5.3663245332154830 -1.8927243376775025 7.4551596945265750 9.9006397931288106 -21.9094117094123924 -7.4351170043091352 12.8871236062598520 16.4024501343619455 -1.9407857748620594 -0.4393900404639712 16.0653206072117563 1.1937842856292618 -17.9453075045877526 0.2773063354483265 -0.6785052528315532 1.2777745348577247 0.3103884575634825 1.3958840718955132 -8.5407255247261773 5.4947787104651962 4.1470834519484905 -0.6190926342895645 -1.3388733269854465 -4.8821693377267508 -7.6523508807814054 3.7064248594438274 -1.4402845095074150 4.7077344665417531 -8.5147040058157142 0.3944310615384370 4.8064022107505693 -12.4814098506437396 -7.1048563969874685 10.5846989261563955 9.3234109833121170 9.1933228532404243 -0.1648027644250790 -10.5712824205526967 -5.2273720812955027 5.7543749517954392 -2.6647276814928880 4.3754464067072396 8.4518128177833383 -3.4352093726176918 5.5124063912621253 -1.5705795174030710 -12.7515245823318395 2.1447034007796328 0.2031615799951193 6.7732100812089611 -5.6452036965384300 -0.4209427852414850 -11.0029331397361041 -1.3530714766731506 9.2178812364288270 9.3172994780761762 15.5335838844736962 -19.2418524245551730 3.5768418502258355 -11.4280606186674536 14.1001367983424242 -5.0831184323082397 7.0462241294821100
293.0000000000000000 0.4097795877025994 6.0000000000000000 10.0000000000000000 0.1604158363082103 -2.6479128246367285 4.4671468729415436 4.8998448625440547 1.5801808021173962 14.5805689321549785 2.9312881324391942 -4.8158112931765098 10.0609313845539141 2.5909819953927244 -8.0933151215309689 -7.1836945901523244 -1.6195489806928698 4.4188263088002477 13.0486420154310689 2.4393864393309941 -0.9074674048783777 1.2185029659729629 -4.8669712431685790 -2.0789635382133484 7.4172821750230735 9.5836949313076794 -21.8481019741923674 -7.9915638558635607 12.9419902744199469 16.5459389382038431 -1.6074924749224451 0.0699040445779852 15.3052650599753246 0.6430256835036370 -17.7765264267664804 -0.2287463319599207 -0.2657118175523051 0.7834263576961193 0.2588582735024925 0.6642067142432405 -8.8939761468554206 5.2493274353099739 4.0026348961777236 -0.9182585273241373 -1.2598745057843688 -5.2756785106186443 -7.7313744069877508 4.4839140733389655 -1.6417920963687789 5.2222208621158961 -8.7191197886815104 0.3565049960290818 5.9373376495836485 -12.8039341942532570 -7.4181371136590499 10.7769932058072140 9.1929559933854907 8.9726108217841070 0.2224433370496762 -11.0172462031349454 -5.7330378971275016 5.9346518128435068 -2.3198950546944563 3.9376748996069417 9.3890281845601873 -3.5981294679141791 4.9750336103867445 -2.0553743500229311 -13.1623251693315098 2.3530916131669155 -0.3756385903917858 6.8756472863149023 -6.1511574589160727 -0.2321225874634658 -11.4618379385673634 -1.9425833345503898 9.7131808644425295 10.2137946101411377 15.6313482445898408 -19.8134646339957960 3.4735178617252580 -11.6779091728505229 14.2142029385002004 -5.4696676018720742 6.8742405036910972
294.0000000000000000 0.4091565381172746 6.0000000000000000 10.0000000000000000 -0.0727419453655626 -3.6155361306534033 4.6066374638277017 4.3414273004338559 1.3218515708295766 15.0029252865456577 2.8075162369289988 -5.3505452830206695 9.9173415758835706 3.4338096147315191 -7.0992986260223629 -8.3213668874465299 -1.9192665705255054 3.8323125908268820 13.0995572414786512 2.8403156282157029 0.4674032082544982 1.8941301500953867 -4.7241150580846822 -2.4839215757173334 7.3740698869494263 9.6566166191866554 -22.4096652214722631 -6.8208694689774028 13.0214884575558152 16.3255557786354011 -1.1148761199300430 0.3157019164789403 16.5599592369391466 1.0709955123217916 -18.2054120929995804 -0.6553972674004950 -0.5923047574620499 1.0049664029779464 0.4106960977966327 0.6074463577696114 -8.0743639463446897 4.7548995724282799 3.0772515145007526 -0.3487855024250456 -1.3124271209303338 -4.8743706365204886 -8.4764877277217430 3.4147028754520479 -2.4943798780398811 4.3586637321065096 -8.4225396573711961 -0.2113735587753878 4.8284360064908762 -12.3579920127646066 -6.7841340974156115 10.4123223702171543 8.6494025446268168 8.9533850504024741 -0.4694488403949673 -10.2268770401450926 -5.2779701568249324 6.0239081205152587 -2.0409756131244348 4.4731478978472285 8.3616466571985146 -3.4188079007726508 5.5338570283301900 -2.0477589888874590 -13.3628681004688286 2.3755153876550241 -0.3559347988273890 7.6143067646759039 -6.2332687811263003 1.0710353333091398 -10.8512188623300982 -1.6728343947446915 9.5254243519722799 9.4875364489589842 15.9521844745223138 -20.0486778061452107 3.5110345415429522 -11.2149599313267263 14.9808775006101520 -4.6842615272312962 6.8657017476533113
295.0000000000000000 0.4095879708155502 6.0000000000000000 10.0000000000000000 0.0357248921624920 -3.3102015514641829 4.3673802039909972 4.3032796579080133 1.7410302251672021 14.8532436790098963 2.6017776739799410 -5.2853431519239109 9.5420339991260850 2.8936803716680419 -7.8054191993916957 -8.5404810103480475 -2.0039759675827584 4.2834013897950980 13.2802981618425129 2.5545060326839346 -0.6366371203516422 2.3596727482413535 -4.9319236837787024 -1.8868849191930304 7.2600139841989098 9.8752102553475343 -22.3520583359606171 -7.2999434345748195 13.5397172661774174 16.5347294866024193 -1.8295687761070405 -0.5552360578698292 16.4250033252948100 0.9371503790042314 -18.4734141662912243 -0.0872252255271167 -0.1092501344848735 1.4687150232862280 0.5152706284395018 1.4107248449339778 -8.7943799810042851 5.4135793046627869 3.9086393780671913 0.3059928913525125 -1.3666911445122958 -5.1081428678228740 -8.0460246244560540 3.9521734175011547 -1.1202539316155846 4.9562384145077001 -8.4712901613487865 0.4972932282319388 5.4693222339751042 -12.9424852793130025 -6.7158921704224008 11.1649540164033105 9.6314082606714919 9.5908205204505705 0.9060080679536368 -9.9923317598772474 -5.2438309762706332 5.5509872625460046 -1.2526633172936343 3.6037895443043664 8.5175382271967806 -3.3079355529369279 4.5285451145528741 -2.4103513442328972 -13.6618229189698983 3.1115332163382763 -0.2832696429768002 7.1841076657242109 -5.9649672281872048 0.3796560746914055 -11.1105190775462042 -1.7296192559569368 9.5583535844780982 9.8311543649936457 15.9379524470938581 -19.3792783984647841 3.7871314369126816 -12.3074520004957169 14.2515355230240299 -5.3909910045903375 7.4665391793027700
296.0000000000000000 0.4101269689691794 6.0000000000000000 10.0000000000000000 -0.2945755232397336 -2.8932436773456702 4.4625276959102393 3.6858727800531517 2.0708953633919993 14.5236778878195310 2.0154145664315388 -5.7438258096561521 9.4201305793607659 3.6040144689496003 -8.1220551764701643 -8.1150841277332830 -2.3001433643552960 3.6389153343210192 12.6682284340089080 1.8650811654242352 -0.6494795394132837 1.1727600800783236 -4.7475550188157731 -1.6636677390893280 7.0244575826992000 9.1810361230765771 -21.4959959187392329 -7.6388373902555076 13.2359331157773834 16.2526608667953525 -2.4854475857359031 -0.1498627174506048 16.1002371760116105 1.4220617809140539 -17.9967553055645730 -0.0994295756539315 0.2158692330342363 1.2849415417503092 1.0008087372453194 1.2544788451237485 -8.6386709856266162 4.9994162980048591 4.3551661558935297 -0.5378305193495799 -1.7601136689573482 -5.7372423323995720 -7.4836516531451931 4.4845098862839148 -2.3191425676391377 4.3475018989950787 -7.9060802736725382 -0.1496223060525556 4.8170638512885091 -13.1918530264468536 -6.7157292437024481 11.2406533742409476 8.9892758093585954 9.1379946130530616 0.0998035993272968 -10.3368347889323324 -5.5785098620549913 6.4889068449522513 -1.9175680530305577 4.4408874794313240 7.5474381142245299 -3.4740757136909850 4.9534562545233172 -2.0973951050638693 -13.2664577947658593 2.0961613816650639 0.3939789421510964 7.2934253519766772 -6.1751250020031803 0.4089496576829504 -10.3700935093017481 -0.5078834777109729 9.6627643094069668 8.6476373951883652 15.2623027872654937 -18.7929241334653732 3.5008216132098631 -11.5920955178791392 13.9259418646920086 -4.6398058859596629 6.8773660101615963
297.0000000000000000 0.4095063120010732 6.0000000000000000 10.0000000000000000 0.1489134610844776 -2.6864084442822089 4.6585262873609130 4.5002072150763039 1.4453560826190763 14.3433858449883633 1.8821094773797162 -6.2520424330855384 9.4953315472729294 3.7437728774318111 -7.2345211930015756 -7.8890403866678547 -1.3538021279560097 3.8735496549394122 12.7048502254989426 2.2461194755508447 -0.4434025407545452 1.4038090813191326 -4.8989396981835514 -1.7357229406768149 6.8330572014945350 9.4847123051151261 -21.0517118166994486 -6.6095232049446189 13.1160476062476476 15.8714896678550055 -1.3487575766107482 -0.8611001142729996 16.2862592965269002 0.4261876197142758 -17.5975939122606029 0.3646009420376834 0.0947353661396829 1.0510737880331267 0.7789571415996865 0.8234320373729230 -8.2930569460075318 5.2707556312869324 4.1534002352331969 -1.0050993539125210 -1.2321933993094099 -4.5784207468114255 -8.0062057999889280 3.9835157689252645 -2.0560741493617325 4.6780411799725918 -8.6639967974706771 -0.1203743792113909 4.9041772699844985 -11.6802628317690544 -6.6693187715927946 10.8968841808509946 9.2455405125330170 8.5493585645655852 0.4557922470292824 -10.2200794591435855 -4.6242676705661818 5.6141910076662409 -1.9065768784361725 4.0471953376418695 8.4524623285033407 -3.0516263424304193 4.4391683316271795 -2.4411086867161358 -13.1872103514099308 2.1499654868577820 0.1875474512216913 6.8505853241157464 -6.3687343316979650 -0.2778612905225994 -10.4456193953275456 -0.9739530181217966 9.3873532868534344 8.6477146370063629 14.6990814154485800 -18.5160528148552608 3.9180362663848327 -11.7934196568044545 13.9679053980213848 -4.3106214601373285 7.2855363435221516
298.0000000000000000 0.4091408851301275 6.0000000000000000 10.0000000000000000 0.6491356549966190 -2.4797440267519613 5.2088435812239817 4.9607992591067047 1.4059796474042447 14.5856080179177976 2.3503952523153453 -6.2226168729714075 8.9178679608364160 3.7592681779466699 -7.8450464301928466 -8.7614194940870949 -2.4215201792115471 4.1458837044525918 12.6079463824526421 1.9291289675568741 -0.7770370100673019 1.9843189052982182 -4.9515977447586161 -1.6840517928264362 6.5534546516900454 9.7696142824978356 -21.9984473483630651 -7.0790458649037999 13.0956217923326914 16.0704784652938564 -0.6968167134186907 -0.2891206706920779 15.7696308043698554 0.7019425368277454 -18.7176779922212226 0.1737402611551719 -0.2988046937929116 0.3413558395949301 1.0480008712619895 0.9909956184425133 -8.5594613587718289 5.4009808828390504 4.5898089773632753 -0.3678010466733048 -0.5553646114705569 -4.6960284787811819 -8.1913806666861060 5.1569328411173130 -1.3233537644756925 4.2624287459293528 -8.5014943242565835 -0.0173317942198655 5.2860571473133069 -12.7991321364338564 -7.7272249235339059 11.3459468966327570 9.2216191659966089 9.2987977452337169 0.0095364791913543 -10.6072551201621703 -4.9525904584936891 6.0928312521463130 -1.2377765067745525 3.8044067239665553 8.5973325046976523 -3.5418857295362005 5.5351325676238226 -2.2072219681814258 -13.3416451457618255 2.5947241284862255 0.4629553133153452 7.2919269711760899 -6.3954996591046243 0.7148226924894716 -10.5368164781715148 -0.9773935845340000 8.8746345158284878 8.6474818356687297 14.8583101846909926 -18.8475860270080844 4.0570535862748169 -11.6247246280992407 14.7518854387187410 -4.7431088165173527 7.3010029509518182
299.0000000000000000 0.4096013053279930 6.0000000000000000 10.0000000000000000 0.9764373940543041 -2.6677174120857181 4.9738166121078287 5.1398510562888449 1.4455742368305597 15.0875920599815014 2.7552755589267641 -5.8688147817366891 9.6139322567720793 4.4889896281824537 -8.5614761061859390 -7.9048074946021378 -2.0512921673466780 3.8853383304353004 13.2609232488477620 2.3976640275302796 -0.6538912822230958 1.9450447897410850 -4.4072510261209645 -1.7242586062675589 6.2062889288856198 10.1252931018110583 -21.8918310585538265 -6.3544938939175006 12.7177638903233685 17.0773984411641173 -1.2269742642100145 -0.0856915942119411 15.3827420691325578 1.1006672988312232 -18.7745184265530973 0.2437200144885480 -0.3699524383168991 1.0955519780292986 0.7692235044013296 1.5937330903801799 -8.7483851350529385 5.4608508456518656 4.1524019550853906 -0.7398173242450651 -0.2987159475670473 -4.7281691917701538 -8.5529504888589116 4.8635455907929721 -1.4992558852100757 4.0565610884681043 -8.5034926711699992 0.4570702613371629 4.7500327179613526 -12.4772676934232631 -7.4537326466906038 11.1215759245436896 9.1651769754718906 8.9238640768445894 0.5869576389800009 -10.8874823379439096 -5.4989719338472023 5.9647001412008240 -1.4080831972408603 4.6062893526276136 7.9924206931315878 -3.3332728625018762 5.5878225005153253 -2.5081313866894392 -13.8156712605215688 2.1657543081396975 0.3792844509740786 7.3966141225249951 -5.9944336760354879 0.5628726915846585 -10.8335138506075985 -1.3541557647640461 9.3483935811302601 9.0573453736073972 15.8740240238179737 -20.1023553094861285 3.2420342351734055 -11.1344876345688775 15.0047780356164413 -4.7608455976376955 6.7743726978725292
300.0000000000000000 0.4102547415805020 6.0000000000000000 10.0000000000000000 0.6941055458643792 -3.5381806926988366 5.1194095999585176 4.3476334783427015 1.2240521907135520 15.0525951056016307 2.0289522278742229 -5.7131968032931937 10.1808334374443277 3.9975996736658925 -8.5653121480017198 -8.4375514394724362 -1.8495497944668440 3.7474609897325797 12.9254677907236832 2.5537577811580920 -1.0962557142424219 1.7367508609434754 -4.8835330896175639 -1.8939990059279161 7.0335387421831435 9.7790783843801812 -22.3181870562349047 -6.2918334946006418 12.2816465829570891 17.0346673236862998 -1.3071242642243830 -0.9536606714159299 15.7894698354763570 1.1699108161108167 -17.6588032834144570 -0.1306529480326528 0.0146003595095173 0.7318956845035659 0.4810801632120522 0.8358982349158115 -8.4544093210741380 5.3028774093553972 4.2816864916647948 -0.5727831026955457 -0.0299045104093891 -5.1279615122512574 -8.1434732218056087 4.1833966308310284 -1.9144905203550899 3.7091159443863875 -8.5005939773438381 0.6774640353359769 5.8425438521824464 -13.0677684551699365 -6.8115013525595023 11.0444432828507786 8.8731388023325426 8.8472229234031001 0.0577003290010524 -10.6619929994421323 -5.1771101011610341 5.3774364330177091 -1.3456932459558706 4.0618973241224712 8.4218709036530566 -4.0056456328509737 5.0051225424365082 -1.9900044347527752 -13.1704581636093376 2.5685221331288175 -0.9253036549932906 7.2915196018469652 -6.4738765803983265 0.5580847118819250 -11.1362619734367438 -1.6194082593370620 9.1825076481019234 8.9259073743632698 15.5130247747862065 -18.4440144374566977 3.7746909685148435 -11.6944792095935597 15.2935129223889454 -5.0250348811962597 6.6975753013523383
301.0000000000000000 0.4086919085540242 6.0000000000000000 10.0000000000000000 0.6864111413118721 -2.5891636840449830 4.3120121388708155 4.0913491031861877 1.5817807070581313 14.6095243718340928 1.6668476363212461 -5.5239474065314225 9.3896653016988090 4.3110996304488749 -8.4532455661174808 -7.8331234821386113 -2.5960471589251810 4.1354157719547828 13.1740641890072716 2.0260624035590289 -0.3044103992015738 1.0358740265067037 -4.7489880622390963 -2.3678948492589598 6.3205698106560000 10.4691191366317593 -21.8166735105580898 -6.6549088008662221 12.9143523617026545 16.1415364026017301 -0.9650450593721833 0.2618159844471026 15.5537200012599115 1.2778668404156022 -18.5503350811963905 -0.0470735191165373 -0.4629986887210612 1.0791783837263818 0.5059242379927192 0.8306753420899794 -8.7352186910139356 5.9820606778371230 4.3429380142196896 -1.4547005644413944 -0.9958833511520663 -5.7559075468776202 -7.9273907368206196 4.5398430758248072 -1.1908121730566243 4.4365701407943163 -8.2042988495318134 0.2337660376075164 5.5002715701742604 -12.3985389552277354 -7.2103235615383197 11.0820136040261676 9.3874056697536208 9.3996197954814296 0.6851411930153970 -10.0976780611006607 -4.7693525204139009 6.8751013918098325 -1.9534574458297258 5.0530510475571262 7.1889972734875567 -3.2782027169343704 5.2820347999324264 -1.8235995212742517 -13.3789155824238062 2.7981504030906397 -0.4493655818776295 6.5680989340920224 -6.6411117743916348 0.8844260360558818 -10.6505715834478440 -0.9715529271076444 10.6909179489480746 9.1844330754393724 15.3420991651607661 -19.0938145110173352 3.2080894984320047 -11.8035902828699975 13.7317917996900540 -5.1964303480528713 6.2671845156587702
302.0000000000000000 0.4108996560521079 6.0000000000000000 10.0000000000000000 0.6450077082779929 -3.2273955580422604 5.7870380918141127 4.3200217922789657 1.1262244585738690 15.8716346874316834 2.4874691004166296 -5.7610362470002698 9.5081530742342881 3.7539915575742424 -8.2680404679967943 -7.7145125668162757 -2.1253740185586172 3.8542985698468901 13.3409260292162806 2.2100060123749192 -0.9742195407205767 1.7997269272698329 -4.6661052365938840 -2.1067665364243449 6.6379422881352372 9.5846634742036390 -21.2515241952682743 -6.5358322074168065 12.3686564030492878 16.3114073001335491 -1.4824989593374527 -0.2669089576040794 15.5317444082508800 0.2615245779827891 -18.2913385372665118 0.4438269480023873 -0.2625103737715473 1.0804438424541019 0.1953765223944470 1.1252665008883578 -8.6877943003243541 5.9098933441750088 3.6739246829588863 -0.9454171079179917 -0.3807507061527650 -4.7908909948929228 -7.8886246808464087 4.2366242319008780 -1.4689980270107785 4.6347493717524939 -8.2890003496920261 0.9012670665315303 5.0587451233745266 -13.2443257369506444 -6.9413743310741385 10.5283683175172609 9.7226050326406668 8.4478765062195471 0.5402151076473604 -11.1483440850864142 -5.4394995763011078 5.5215567013595956 -1.6061272550094567 4.3832612533114963 7.2797717915916103 -3.1850773334486764 4.3379325578121586 -1.8216382787607925 -13.2543194716400539 1.9876273847343744 -0.6248820881910377 6.7910595764731383 -6.0300321616558312 -0.2012224850760055 -10.5893111015566355 -0.8435058506652752 10.0569261236750034 9.0721904230517101 15.8284262737167065 -19.4971849175535716 3.3546041282683947 -11.3663607814051630 14.6636573625453543 -5.7684353520858513 7.1302769350345718
303.0000000000000000 0.4104890765942483 6.0000000000000000 10.0000000000000000 0.0857369100168498 -2.8024902354711174 5.4826946113744270 4.2177323554189643 1.3704758549478391 14.4793683202595584 2.3007649302411259 -5.6967312891503745 9.7434759896874699 3.8766486332234908 -9.0549911307966617 -8.1944606516922160 -2.3278762855662496 4.3749054995771690 13.3283866648797726 2.6622853064128846 -1.4795056198978769 1.6035669380046960 -4.6688417010585939 -2.7799933875715452 6.9307313107836626 9.4944645256575253 -21.8633148643062185 -7.2024397108530271 12.8239811893244884 16.8668282002040222 -1.5966194278893355 0.0613250382044693 14.3651276080186641 1.1941643489283587 -17.9641522788178243 0.4216918745080374 -0.5402628257941331 1.2251768144581177 -0.4347948049766379 0.3066421689308678 -8.9900825214047657 6.1925908236717913 4.4863024690500897 -0.6310208916743181 -1.0577598884818684 -5.5700682868800770 -8.2353634476487265 4.7346262341588643 -1.0844786894282299 4.4984768029605169 -8.1466010703027809 0.0580690511729103 5.6087770503074079 -13.0761352488947349 -7.0297464939738017 11.3357853488269118 8.8118175343791822 8.6148175729825311 0.9274504886123640 -11.0776689844072092 -5.6761523893861154 6.0778961723112586 -0.9419589111851706 4.0603364619060134 8.0478531135733498 -3.1393423089614156 4.8846110787374419 -2.0234689680921560 -12.6415108109940402 2.6315951910794548 -0.6448132074188686 5.9663303862605623 -6.1851213715375728 0.4122332011609885 -10.5599511388778797 -0.7547977058481685 10.0668282404397402 9.0984456917686121 15.6041448955037669 -19.5735012984145271 3.2980502874931141 -11.1408690493481455 13.8375692050320414 -5.2715340807941606 6.7989623825816281
304.0000000000000000 0.4102117953857800 6.0000000000000000 10.0000000000000000 0.0641827394505077 -2.4152472431402479 5.0199681500195865 4.3232100494150183 0.8565869531660981 15.5668112779847352 2.7900967366882039 -5.9414304304343943 9.8659777616171169 4.9258604083400579 -9.2129131899977708 -8.3413047573983903 -2.2051553273765352 4.0910533750019589 13.3520077690142749 2.4382312852780927 -1.4843491546459138 1.0954322660436357 -4.1963380081117672 -2.1104494467536257 7.0471859571704050 11.2060631988753308 -21.9531150022606987 -7.8083261131459070 12.5901526757594109 16.7558035355907968 -1.7813735070178673 -0.5571312145623766 15.7313996289279334 0.9298970925549567 -18.7249689989847568 0.3296803505313591 -0.1425619038040331 0.9570855980679589 0.5858392317940032 1.0690006066164308 -8.9650317876409655 6.3899196797360247 4.5243346501636825 -0.8017150685500658 -1.2563606185260614 -6.2580857666693284 -8.0812538672916556 3.3529614993697221 -0.7559310273382784 4.8013468622446887 -7.9070250893179281 -0.1320677555456767 4.5959693429797701 -12.7341550542305821 -7.4729984528442968 11.2747779428906014 9.1550093843446518 8.6091859711116321 0.1759244013730173 -10.9362852366253893 -5.0892120716081335 5.9522263292138131 -1.2408773250524257 4.5459686495824707 7.6482460909837791 -4.4899859626726757 5.1128590048112104 -2.3693034406104205 -13.5670254804768042 2.4410331901085560 -0.1190438558597924 6.7780914719610443 -7.0820498321839676 0.0812042146432547 -10.4994468206841916 -0.8873993699695114 9.3772590612393305 8.9566734361617009 15.9056142436118542 -19.4164607818147061 3.8963757633553255 -11.9742540880317030 14.8101557050465686 -5.6917672193220756 6.7303942344733940
305.0000000000000000 0.4101696853495211 6.0000000000000000 10.0000000000000000 -0.0108274891954955 -3.7612387826170020 5.2172150801364587 3.9575572284062406 1.3305157394715790 15.2593430114442015 2.4464571784475182 -6.4562451237109091 10.0248850112192400 3.8838818249219602 -8.7741078557366290 -8.9472903551037266 -2.2474344681653480 4.3226523429247115 13.5874133160532260 2.2764813391792988 -1.4315436240364094 1.4582075598667144 -4.5985804921771063 -1.8907307510923788 6.8436112477630786 10.1293009922892612 -21.7454183740981435 -9.0600893567036582 12.1763522856439632 16.4867743963282471 -2.0593391494706661 -0.1706142253999484 16.1426718572687911 0.5525329671077113 -17.4895485840984932 1.4845537623999745 -0.5344305299109989 0.6407521983250717 -0.0774989215363178 2.0197585687259374 -8.8970248331267818 4.8308136803085784 5.0460295587476089 -1.0406860686559984 -1.2056733649167533 -5.9802697578249875 -8.2735848468941811 4.4480319782145727 -1.2620667614343333 4.6676947217302649 -8.7171666760882331 0.4062757065218946 5.1979672819781735 -12.1175054589194957 -5.9950047681014027 11.9734466980885479 9.2172049217166538 8.1122890720145957 0.3292910331915431 -10.2089188349593893 -4.5263019998264671 6.5730205482067188 -1.0432851056096772 3.7637692014994961 7.5225143974067183 -3.5678445094309175 5.6019111393231391 -1.2767340463325167 -13.3846708301997896 1.8112581828132073 -0.6207621373524548 7.5144011158349189 -6.5116668311087675 0.9549759984156103 -10.4531298426699557 -1.6441768290194745 9.8111557729770702 9.8809723670843006 14.6844359796902921 -18.8590270407553575 3.9069674517885105 -11.7344698879599552 15.4339492308980741 -4.8890963250947532 6.4466754052490005
306.0000000000000000 0.4097883324904902 6.0000000000000000 10.0000000000000000 -0.2209148167523164 -2.8279738950969415 4.7070115665942405 4.1956319376407789 1.6490654762644150 15.0822773026088441 1.2246847525020106 -6.1092334887308652 9.6926740558002678 3.7047928796877034 -9.2232013510360886 -8.8382212320345026 -2.2313686091088809 4.9274145228230761 13.7439346812514049 2.6058150749428899 -0.8145506411207705 1.6697229343060005 -4.4659147922605795 -1.9434458109866177 6.2915236041426859 9.7260901525055932 -21.4777639547507739 -8.6541980975071926 11.8485715416073276 17.5366056637934875 -1.8941090229898092 0.0064868021776114 15.9313693682323585 1.4127410115922476 -18.4716874707749135 0.6913285901995836 -0.8694892461703296 1.4057572873065749 0.0746805292864586 1.2112200784133031 -8.8698332518078224 6.5503221049427829 4.3808027098090792 -0.3091485285962391 -1.4007712789819706 -6.1959186855270385 -7.9619424254523095 4.2344745216556472 -1.7489466137356673 4.6929036478355242 -8.6925944099977812 -0.9143749486528231 4.5701285373057523 -13.1025340998291924 -6.8924894009990059 11.1522727029985020 9.3293599672742946 9.0464682569994270 0.0762647342611257 -11.0509510653703469 -4.8654265075411356 5.3430564135830014 -1.6138070544031626 4.5068057729103419 7.9871452676228794 -3.9644348687735564 5.6402375741048916 -2.2372013090713008 -13.7473656294326965 2.0311636192970686 0.3137286280038715 6.6223174369940878 -6.3239683956222530 0.1775820930965213 -10.5033573941502514 -1.1153750183266546 10.3264072845936745 10.1480326964798593 15.5646897573113421 -19.8143409422371661 4.5105987070061087 -12.1351476373153400 14.2375814154762761 -4.9060401293266604 7.3582178803250358
307.0000000000000000 0.4101818192777972 6.0000000000000000 10.0000000000000000 -0.4310240808318517 -2.3702788109552246 5.2484979810280672 4.6423122837237427 1.0043965867040323 15.3036401529733386 1.9865279214619214 -6.1599491739152112 9.5940935931350584 4.1323995816731287 -8.7929595131107376 -8.8714916282032590 -2.3372814175621270 4.6550093295090198 12.9462066775130360 2.3937348516083339 -1.7004359210239761 1.6677679130584167 -4.8163618332672256 -2.7437781659998572 6.3743139726355809 10.4310086605062438 -21.4608471593014976 -8.6622393039130312 12.5340701798472924 17.0495429238407041 -2.1812257557782289 0.1629113285793869 16.4212576932568730 0.6203998356129912 -18.4815175329111341 0.3844614685506470 -0.6781907298444507 1.4815019079665501 1.2946913837025706 0.8556559942504557 -9.5435459882471161 6.0519611235727702 4.3673391488173365 -0.7579329833248415 -0.6448228297250318 -5.6489693116216637 -8.5953011805731414 3.7184464136006561 -1.0827509655348679 4.4170340958962324 -9.4376871742694259 0.1111569740158115 5.3721558566021246 -13.5340661574934007 -7.3879523345502145 11.3339236536858827 9.7559554340291310 9.2711947351118820 0.3028542156720766 -10.3195876877772470 -5.4926292559458236 6.1746293334670908 -1.5286814993289166 4.1778368829345549 7.8184375721995787 -3.7792736176779296 5.1344882899383313 -1.8046108314686735 -13.8496392932540431 2.3194479772158960 0.3866695581190456 7.1245873086650908 -6.4602471155938153 -0.0916189061219358 -10.5540864476187242 -0.7314439170399757 9.6495823208984230 9.1788334386244781 15.2158478574863860 -19.5822566229988126 4.2136984243285269 -11.8611942963291987 14.9437165838401125 -5.1760926972457844 7.2061287582917766
308.0000000000000000 0.4099135336450603 6.0000000000000000 10.0000000000000000 -0.0408977908606959 -2.7756410675779595 5.2689823537092391 4.8034092287657639 1.3175924817336364 15.8231950474776131 1.2333891399400687 -6.5485669719201001 9.8260599865574410 4.1205458616342288 -8.5154918638053090 -9.1445805347868721 -1.4640647312322339 4.9614943279110140 13.5216148118481296 3.3833883762594108 -0.2332465832159234 1.6226690663281640 -4.9969697428845947 -2.2109215307348693 6.1181420621514917 9.8809492796904745 -22.4217866365764422 -8.2635487994976433 11.2705760038381602 17.3645634949425869 -1.9943784633728281 -0.3932432443822171 15.2912670784600913 0.1284928777039989 -18.0253947294957335 -0.5344459897281137 -0.2643080073096639 0.3973844065219387 0.4637505126382294 1.3339754693353150 -9.5536143351410399 5.9572884625188509 4.1831146240271719 -1.1942921889029392 -1.0862909515052601 -5.4818634368944972 -8.0549941725847987 3.5052185019402953 -1.8016581340287816 5.2803918358872295 -8.9979428837045212 -0.2299034435062526 5.6532485579573555 -12.6413103240535829 -7.2702468593320262 11.5088317254227395 10.1071049518577283 7.5660625887830948 -0.2675421029329180 -9.8632650469249210 -5.0980613744190579 5.8811104822935825 -0.6097537265975275 4.2692377585491119 8.1541291796294963 -2.9990014920562480 5.1176263165602913 -2.2197132544112526 -13.8381207305927685 2.2279465808425796 0.6508456752076839 7.1411579014053759 -6.0336425202613722 -0.3679337617997174 -10.1095072072901253 -1.3198935336881306 10.0707336580198223 10.0036608646359078 15.9562213903442274 -19.5312269076386862 4.0385870476481500 -11.0799915934918687 15.6146324168088562 -5.7348878135236623 6.5487224539182707
309.0000000000000000 0.4099242353685228 6.0000000000000000 10.0000000000000000 -0.0933325971149305 -3.0812283306520469 4.4576688661205006 5.1995754460988470 1.7390329675238798 15.0634351435620157 1.9044818912808081 -5.8555004850183847 10.0273982965799267 4.5366072962736261 -8.6442015306239277 -8.6301709815081491 -1.3468210959281648 5.0733730186505488 13.1945068088126725 2.2132083212148652 -0.8070477142422446 1.5411049138442636 -5.4629248381155504 -1.4151604081584908 6.3333345659242442 10.2528613719678603 -22.0765670990506564 -9.4433387463148950 12.7006403693686529 17.6520176597837199 -1.5863046423958249 -1.0251776402858415 16.2799317118144771 -0.1621564957227006 -18.7417176539133479 -0.0584567082009525 -0.4208242518714335 0.4007575457196211 0.9363828351506137 1.5476730504069898 -9.3052532202103464 5.9511154151488856 5.6420893873524331 -1.2895059856546824 -0.4169664455301301 -5.4410088258016680 -8.1764436487272203 3.8055775320364331 -1.6805444150948907 4.3466640769927247 -8.7963785512669350 -0.1594190395035814 6.4602584234202913 -12.6776440602898024 -6.2022633121644830 10.4948131332949881 10.5882622425484065 9.1560957191602839 0.0151849296180411 -10.4617647386496380 -5.8014950500384810 6.0374999840742625 -1.3543987822185937 4.5471300423788952 8.3694480165494625 -3.8987215135118571 4.7215799807018524 -2.3588740490513502 -13.9249145184718319 2.5800028475895189 0.4288753781031427 6.8271095280847893 -6.8074876504891373 -0.3540523447039375 -10.3334233279400713 -1.8122226558242871 9.5872005910929001 9.8340078580642309 15.5728978494033292 -20.4734789306766771 4.0488995500584570 -10.7633298518769749 14.8971849178278291 -4.6224838219060524 7.2589619930723908
310.0000000000000000 0.4102948285448060 6.0000000000000000 10.0000000000000000 -0.2400679771228530 -2.4753008243401400 4.2319353385949130 4.2353197222071106 1.7328716367981354 15.0339832573232997 2.4936391927534816 -5.7202156803361657 10.5618670742507490 3.9792528619014247 -7.9549164735088462 -8.4826954687226603 -1.1712849140457910 5.0596510314245391 12.9674714833049567 2.5992257326770445 -0.1450435992520093 1.1116140415918692 -5.6418671635815754 -1.8917667941819722 6.4465802710560229 10.5702070211433874 -20.6905365098954483 -8.5325212462419504 12.0083515190338002 17.3289758926349684 -1.7707275851542441 -0.2563107287199550 15.9067289751685461 0.7780982665244796 -17.4274589208027670 0.1978180086525984 -0.6696856181074521 0.9088624346302607 0.9922589045771951 1.3040885555624502 -9.3634513398775248 5.8906825209855453 4.0191081211157957 -1.4063819503577268 -1.7347011224491997 -5.0260123632528630 -7.6048190965719238 4.0906537450717293 -2.1174760602758047 4.4768604300001353 -8.4470643410859676 0.0403801365754595 5.9578594484081586 -12.3792427239220046 -6.5207608866512885 10.4849320340844923 9.5952767501949534 7.9173416247889206 -0.2367658623095306 -10.3880467496840456 -5.2754733308683175 5.3654714481071526 -0.9989326061587506 4.6866015231424623 8.3473560975508008 -3.2534915239956343 4.9159201673196797 -1.9431033870861638 -13.7228316020417864 2.3233069502133912 0.5345130705735668 8.0073110755015513 -6.4415366567952708 0.0755665972495269 -9.8831564679860850 -1.0555679199112913 9.9256067916607442 8.9031668751388331 15.9884732857279506 -19.6650660297230502 3.7488825460889323 -11.3029592811993211 15.0961798222202273 -4.5253858503459812 6.2648364756393402
311.0000000000000000 0.4107429715620017 6.0000000000000000 10.0000000000000000 -0.4653313967330797 -2.5713889207775811 5.0232525544747126 5.2906134383432519 1.0337812421172878 14.8357007072385194 1.7752039635962120 -5.8403245562009758 9.3968041834194089 4.1341434813299731 -8.7603709608376334 -9.0843856943153103 -1.9247378782004081 5.2575395177221234 13.1693682386669284 2.4013877516602320 -0.4202936890871576 2.0466358811059182 -5.5758583590386950 -2.6202716313423724 5.8871328517191364 10.5585008525799058 -20.7441969744119454 -8.7456147808623079 11.8911858501881724 16.9151757503156830 -1.9030450542895396 0.6617592399448982 15.8834879568488176 0.4187359175993404 -17.2599397144531892 0.3706849025273068 -0.0634671500344405 0.9995376579832984 0.9728204627889033 1.0992957340143958 -9.4149143751612296 6.9184207007866663 4.5430488269738172 -1.2545317156435147 -0.9989968645031246 -5.5193068292419731 -8.5123254686511469 3.7377892519572784 -1.4695184869527831 4.5695092952003282 -9.0167392478562061 -0.5636078856943932 5.6678373790675893 -12.6727023064650641 -6.9098424334150366 10.4740926227207058 9.7454893895561341 8.8005239884875923 -0.2331840064029641 -10.7348317097987831 -5.1783729930650964 5.1888058523713321 -1.0859668799707551 5.0064136521766596 8.0960065005271176 -4.2157486306463881 5.1344679675318732 -2.1537611465210373 -13.7577997553556610 1.9769549979894872 0.3771758581044546 6.5153871339515641 -5.9723986685213264 0.4138532110528907 -9.6568819580681033 -1.2830201501290375 10.2417133731475687 9.2413412316461461 14.7184608773027197 -19.9065791878603235 4.3926969376538016 -10.9705088722864232 14.6259200733990582 -5.1753177996874546 6.5716744273747913
312.0000000000000000 0.4090922395432206 6.0000000000000000 10.0000000000000000 -0.0923918514260502 -2.8840079385032817 4.7232260330777027 5.0098905446936977 1.4959496269704144 15.9734717507832595 2.3409249587897296 -6.3012091077785355 10.1336125799357486 4.5598766691976618 -8.7776845698350332 -8.3812517455053808 -2.0672418198520250 5.0598062496510900 13.5924269146576719 2.5017639185956719 -1.1303478698701881 1.6832840097044404 -5.6342469219031948 -1.7506622112557473 5.4407737165643066 9.4539909570410732 -21.1071889935400137 -9.0865530129432059 11.5147231980843117 17.4244416475968258 -1.9580837614554867 -0.9684177174898547 16.3452963266673592 1.1574797122072422 -19.1073491814223466 -0.4112004154161247 0.1090890769321562 0.3360352820581610 0.8048693576680821 1.1811634635467541 -9.4444276981735129 6.1126744298312392 4.0448670792785153 -1.1717102794366125 -0.4743175252583366 -5.6371688519120235 -8.9347479467632045 4.2409518665384311 -0.9980753754719383 5.0424102195520932 -9.6703656999435079 -0.3818620783698659 5.0700166168934286 -13.3348420845592806 -7.2235495717235541 10.7812165001583367 10.5216740771997195 7.8846567848399109 0.4259825222241523 -10.8106519034147706 -4.4124490964433187 5.3049823313553759 -1.3686395907989728 4.5127935839819591 8.1436840145111926 -3.5609460007019251 4.6051861684492286 -2.1696050123121591 -14.0501127900507274 2.3118910983129020 -0.0063202007370847 6.5578848593257044 -6.1215782080444701 0.3233263190873914 -9.9829132354000993 -1.6748697693833439 10.3235309529020967 9.5567645956157925 15.8194619042422850 -20.4636622037337297 3.6472775952556882 -11.4112944551690738 15.5106283000931189 -5.1566828864220096 6.5252155930645088
313.0000000000000000 0.4103272560265099 6.0000000000000000 10.0000000000000000 -0.0354891673942919 -2.6285208956489412 4.3933084845331578 4.6392710170506408 2.1269247828777709 14.9439399336863659 1.7631843554181070 -5.7741096410964738 10.5591028125933253 4.5062168238206670 -8.6326768941184753 -9.1117062447294526 -2.1391746027170240 5.4223362918542666 12.5741200880641397 2.3619408430713955 -1.2253575517918200 2.1877206814614869 -5.3003506319545934 -1.6686664433544316 5.0833002036725556 10.0394808588850655 -21.5064714429302946 -9.4098445048026633 12.1752925098833309 16.4631865246282700 -2.1109660450601933 -0.6553289683510322 16.6205733447782222 0.7191966050386114 -18.5864559461232908 0.0985684709968638 0.4053875044632805 0.2971233885511382 1.3756335173922833 1.3347517098206030 -10.1202030766191413 5.8979659677332545 4.9455654303465257 -1.6496386751409813 -0.3617388899203323 -5.4433894599559745 -7.9609442863833317 4.0292488273507452 -1.5137918942491804 5.5524613167563182 -8.4578518313242590 -0.5906802715411587 5.0594054207932988 -13.1027885493816356 -6.6435635682976990 10.6671088184864420 10.0639758479662014 8.2499998554138418 -0.4202223749202967 -10.1328798447150916 -5.4148472185619632 4.8359860765674672 -1.4296835653315114 5.0579353817912418 7.6656353103717620 -3.2590615523641926 4.5461123663893837 -2.0683094934971917 -13.4678901389370189 2.1333272155479905 0.0848814490127160 6.8534501493269628 -6.4043796980203593 0.2166615124993699 -10.2088481390986985 -1.8406001869013782 9.5495323670328833 9.2702757022045645 15.6896245534082421 -20.8469239606990584 4.1118028902996286 -10.6844208707244803 14.9581964010947956 -5.0404802213470736 5.9859904759470544
314.0000000000000000 0.4102701518402851 6.0000000000000000 10.0000000000000000 0.3951630460278734 -3.4222344496475441 4.6066390571517992 4.6482825393269307 1.0191249784526204 14.6772062732065010 2.2356978458579411 -5.9649289199055655 10.2212546888538629 4.1655161133247569 -8.2747185243204200 -7.8420992891575168 -1.9644328213327307 6.0181704583219666 12.8226093556534373 1.5658189110155742 -1.1918707602031164 2.0137129624977006 -5.0794550727323777 -2.1734015103188726 5.5426059245663515 9.9673437237427081 -21.4686539544462640 -9.3800537821860441 11.3692716650675614 16.3892864454676435 -1.3764985006751744 -0.6820810610680941 15.6630583797222283 0.8010563341721599 -17.9018158326485342 -0.5204492381246629 -0.1447915379612704 0.4635006984470572 1.0937794715147855 1.2458452571304424 -9.9802963448049642 6.6482138672703668 4.0261283945947328 -1.7374211613205732 -0.8770092153321900 -5.5198223363774623 -8.3424642149147896 3.9566811409134894 -2.1169632405060974 5.1575970151142316 -9.1712482761883489 -0.5829335705565800 5.1074043188444351 -12.6283774958458128 -7.2662111029292209 10.3799923189233851 10.0216881634543622 7.8656868328980813 -0.1566596931617099 -10.4577936169375416 -5.1024333093508130 4.6686646283711628 -1.4007128209546980 4.7954056039193933 8.0825398052350508 -3.7155746641109362 5.1928405000635456 -1.6620090622835066 -13.4269428448450743 2.3853188297883077 0.2435211929431365 6.7620888663052510 -6.0454609686794756 0.3799335707499943 -9.3052852149211844 -1.2588067937840639 9.8157791673032264 9.0550030156141066 15.1401707968467303 -20.7903971671711219 3.6476915200591224 -11.3973259681545205 14.7095886168070376 -5.1476724992884337 6.6995149178988394
315.0000000000000000 0.4094168682335293 6.0000000000000000 10.0000000000000000 0.6514115957334208 -3.3402076207198150 4.5058936488230845 4.6537844526730066 1.4076124926801086 14.6938879098495239 2.1252388853186606 -6.0364010259440022 10.8444580031099296 4.1420430179823402 -8.8204925783839823 -8.6265717976876797 -1.7453981884478464 5.2925045955680234 12.7785495091755443 2.2207058486373437 -0.8669014895465004 2.5129673665873282 -5.2241705645972543 -1.8079338222666017 6.2166090341517588 10.0035123600054199 -22.0366374419088835 -9.1965442385726739 12.2173715422299018 16.5763948605286835 -1.8484769428626204 -0.7030802611656155 15.6294136636344980 1.0849891680103452 -18.6219253179635551 0.1935082327880221 0.2420273502074277 0.2862786711009411 1.0910991378961705 1.1561689276860252 -10.5650919363636628 6.5604476933381912 4.0072321882788513 -0.7464609260388452 -0.7580859558585040 -4.9219941901113380 -8.0131134794786689 4.0532642623487991 -1.4601567093120131 4.4584391650038038 -9.3601416783360722 -0.0090701882347525 5.7961088580944171 -13.0395469944868605 -6.4833930908268131 11.2132878780982512 10.3421940332576447 8.7202803527486434 -0.2529665920335274 -10.3346884551029632 -5.1378225118891772 5.1852356456147186 -1.4325485974348762 4.4987368811668382 8.6799082638760332 -2.9811419274062905 4.1622418564205859 -1.4310029609125789 -13.6642589439228761 2.6946366215592672 -0.3860037790460937 6.6697278031501819 -6.3343701560191539 0.5733387998608019 -9.9501635483648485 -1.1293573288616043 10.0717706931784061 9.3199266117447799 16.2810132622871748 -20.1879116112990822 4.0799724362876342 -11.5517932811929747 15.3459228310272771 -6.4233745386284307 6.7914706119554014
316.0000000000000000 0.4097963970259685 6.0000000000000000 10.0000000000000000 -0.1139989508794874 -3.3854946168335780 5.0602069568707710 5.0531439180967608 1.8536301541880038 15.0849001488417880 2.1071277145221496 -5.5578034556179263 9.8394068124471588 4.8608621548781237 -9.0124408442720565 -9.0538246342408968 -2.0847039830999265 5.1873164431782541 13.3803103198490749 2.6221156065393068 -1.5811354217238960 2.0179331802912501 -5.4539473421503022 -2.2682338538542148 6.3238741148941831 9.9245806193865551 -21.9541639626844081 -9.4453093159791308 12.7231191056439528 17.2999022771399460 -1.5620021521848886 -0.3367033279807459 15.8712001959785951 1.0668629798414135 -19.4055859160729192 -0.8353001785660706 0.4307069681789051 -0.3304662883857793 0.6532577118727363 1.3239931260179190 -9.6061617014202376 6.5645532921874272 4.2076811632345263 -0.6105434098084760 -0.6837055672583490 -5.5592839550807636 -8.1973570831251479 3.9161310593370757 -1.6579460051869139 5.2297118858930940 -8.5308677758910676 -1.5162017578049258 5.5103480938882266 -13.0968973880385509 -7.1073516829175309 11.1036853869818426 10.0909037226210128 8.8845044305160155 0.2434303961850418 -10.8845585307716668 -5.0084628914833571 5.6363806351501928 -1.5487252315283828 4.1502702393570585 9.0590030050824204 -3.1373198261153048 4.9197878503026757 -2.3485956693707903 -13.6560697619609730 2.1414304106434874 0.0386809581709039 7.2628268494287358 -6.2896664478872673 -0.0165129743857175 -10.1890471775853548 -1.7173530641428050 9.6533611010818472 8.7050338605782063 15.9788259403036275 -20.5924799945711428 3.2299950276893532 -10.9970370359945466 15.3714335849294930 -5.2260387564267372 6.4703516554867981
317.0000000000000000 0.4098262310318548 6.0000000000000000 10.0000000000000000 0.6205958375454771 -3.0171231467619428 5.5637734220487189 5.4475478283119338 1.0176602611383601 15.2503910983082562 2.1763332340674717 -5.6455998626484343 10.1176872757372287 4.7148474204870245 -9.4972847155830102 -8.0493456647117547 -2.9200429358455020 4.8462099051722678 13.3608489981980050 2.7677856045159377 -1.4598667326982404 1.4473744779519455 -5.5513855966159724 -1.8616769976488152 6.0920877440696701 10.7838840177784512 -22.3768963129782783 -9.1268556685232909 12.6543566085326216 17.2161039048796276 -1.1958129567578932 0.1760224597815906 15.8465482134973357 1.3506021150667029 -19.0457958578290310 -0.3102057224309817 0.9158620888034144 1.0112255158965600 0.9073323866601046 1.3585332960700303 -9.2178343823787685 6.5170764368970397 4.7265121995093224 -1.6622355584595105 0.0411771858599638 -5.8717786443028439 -8.4546737224368140 3.7095261676860090 -1.2967492254753155 5.2288371749263902 -9.5868674362287258 0.1624300095768162 6.0321092343735909 -13.5412535860295389 -7.6397557347471849 10.7698197538195188 9.9204195171377751 9.2817209028853327 0.0897301989870543 -11.1461289013420703 -5.3911879268966105 5.1533777384780715 -1.4963436465481865 5.1039856201334866 7.9698284627745783 -5.3649884309056306 4.7199515212829803 -1.4420888508437570 -13.8392069645483673 2.3623457198462701 -0.2082881527379782 6.8526695553161536 -6.1115615259787326 0.0573059081930829 -10.4419365642209101 -1.5615350458879336 9.8180296236722562 9.1538329025850054 16.0895785089359755 -20.5508789094276381 3.2953428826981863 -11.4265796150207599 14.9690424082195985 -5.5514743481268569 6.4879526454422125
318.0000000000000000 0.4093007836819811 6.0000000000000000 10.0000000000000000 0.1724083811892945 -2.6890449988909384 5.2886191959249063 5.0174739161341551 1.7632902439386124 15.6329711845138704 2.1624868129948762 -5.3599615310540027 10.2873904731271182 4.5973880214824954 -8.5649152434542994 -8.7288568027063640 -1.8578018862197561 5.1702783907502718 13.1408740035249618 2.1873382059176412 -1.1177883510424900 1.8806262296243104 -5.4117283386081541 -1.7474583748844470 6.4287609656732823 10.1997903250363393 -21.9811137431408810 -9.6578351479138504 12.9475636485297567 17.6257576980886448 -1.2241381512199281 -0.2421037678651856 16.1756016751311229 1.0315478955009056 -19.2910243948095363 0.1781184177070430 -0.2407136924792106 0.8476158347159390 1.4492606456314867 1.2058729292025057 -9.5519455260446975 6.9096270209198636 4.3827671072498751 -1.3240054846509470 -0.4214019188021819 -5.0594707086528548 -8.8247504896129989 3.9713402735942021 -1.1393458653220547 5.1373856912500067 -9.3984785014830088 0.0928127627199896 5.4457089487063035 -13.6609869420483037 -7.8035363040219146 11.3190458983973681 9.8764423665781980 9.3749126462364867 0.5574003991058568 -12.5661698109681925 -5.2688158215090670 5.8904659293292898 -0.8721664956265378 4.6383516993106610 9.0495160554265617 -3.6374655968850473 5.0775192092694406 -2.2959040344538391 -14.3270521259957864 2.6860196992735199 -0.2574722920233377 6.9929130646224200 -6.8166264213907972 0.0574733750436991 -10.1205042375855196 -0.7958131616133264 10.4225525626665618 9.8696658397741803 15.8583086957435206 -21.3010928513034514 3.3386669313458111 -11.7166798638628933 15.6087811865339265 -5.1551895146259792 6.9865584023795693
319.0000000000000000 0.4102568426371899 6.0000000000000000 10.0000000000000000 0.3197902307649136 -3.9182730043295062 4.9497425884298467 5.8012381147857424 1.6652930165884603 15.7015770548169815 2.9308803506935885 -5.4881788798596203 10.0899569956926367 5.2722792340523776 -9.2645061171624974 -8.2315318190279516 -1.5013498574394140 5.7016750576438406 13.3968129510352920 2.2558030192580110 -1.7607791273443429 2.1036022403481511 -5.8847283921556892 -1.7795513148501623 6.4146821859514382 11.2515182165858576 -22.2209337838220016 -9.4797121054720659 13.0955998856923159 17.2273052576330983 -2.1529155763019427 0.1239219317102020 16.5535803619256363 0.6604709011520792 -19.4354152932847413 -0.2565772048482498 0.0345184095997096 0.5232612706236389 1.5160586546941937 1.9895636682904230 -9.4632905745122748 5.9187349732507837 3.9127967930917640 -1.7719222561664685 -0.7365130229327659 -5.5776509101221281 -8.5762364821426988 3.0820736974677598 -1.5116007689065067 5.2422157028494629 -9.0282878544092124 -0.1373264818408980 5.4164716714537393 -13.3514800540065526 -7.6370173387038474 11.1218546030019159 10.2190732048880779 9.0194574723437562 -0.2495527542619927 -12.2301958311719101 -5.2348982839051832 5.5496466216957785 -0.6126740094521987 5.1803778203207358 8.9312229716628906 -4.1000647370482808 4.8801677216560932 -2.0238362719688392 -14.4701297422365407 2.1485283333540277 -0.7307073430246388 6.8466330020594217 -6.2549648615475162 -0.2098084319235562 -9.3209172749702969 -0.4955823275149016 9.2276557162966331 10.1195360685679265 16.8770468105079487 -21.9044718167960042 3.4310435831998296 -11.2356176701947703 16.1768599263928010 -5.5243577776973423 6.6310238814857270
320.0000000000000000 0.4091825419635768 6.0000000000000000 10.0000000000000000 0.5477309585035649 -3.2145507324465243 4.8772920542228402 5.6006691850089814 1.6352970760500298 15.4203238504103304 2.1727515937732016 -4.8268539130571799 10.5513519734995302 4.2718880326160020 -8.0167917988246451 -7.8385973284037780 -2.1085368711369448 4.9947701431075409 12.6118852547593399 1.5882692440445463 -1.5574933233112715 2.0039927841198479 -5.2959814719491218 -1.5406736588313785 5.8118193070917084 10.4643245396124343 -22.5180561423184464 -9.2394790211000011 12.3757075662601874 16.3843566780912120 -0.7821211630642333 0.1004363365739289 16.6604112275027987 1.2879686176529106 -19.5535699177681650 -0.9426353637871889 -0.5201413098625961 0.8777389358093490 1.2496971605715601 2.1356775115933644 -9.7353594382788824 5.6345932672211916 3.9120026421635359 -1.5043869358107185 -0.7690759241062461 -5.7367366373894040 -7.9587265976334072 3.8218889126649640 -0.8743585502301215 4.9687297697435691 -9.5983998871937555 -0.7345797525771197 5.0645690792754277 -13.3280222814381482 -6.5298345762472882 10.6931060264306872 9.8119690666071993 8.6654744743476044 0.6444902999390272 -11.4720933194638732 -4.6954390846055478 5.0827584662694445 -1.2352425371280698 5.0135941204030994 8.2593734107781458 -3.9012744420685368 4.9136687565456052 -2.0456933499145977 -13.5315017308164656 2.2226575724187461 -0.4111474622593112 6.1408121748978584 -6.2961027801356453 0.0099600743299402 -10.0928066775533942 -0.8218376226983265 9.3399645113594385 10.0824877026838990 15.7478054458995462 -21.2880852111970604 3.3903707917920740 -11.0673508197086186 14.3227467443585290 -5.4144970341025047 6.3581847225197254
321.0000000000000000 0.4091427647244618 6.0000000000000000 10.0000000000000000 0.0323882003281489 -3.4994709160906963 5.8858097824054356 5.5374733620285168 1.6754991261047432 14.9606902204839347 1.4849466970093843 -5.8217459896881056 9.7368835784119341 4.2815075425712692 -7.9687820176782926 -7.4340852125739723 -2.1648469792728204 5.8656212186812882 13.4420190122940202 2.3406089869470907 -0.8537278287716017 1.8656813685574125 -5.5385840869669529 -1.4511821150283422 6.1445604464160999 10.7958491486074024 -22.4628417824618829 -8.6587237994995814 11.9235077019645814 16.6344155413630475 -1.0899778591271589 0.2082880246449360 15.7642234156335377 1.7410961234163038 -18.6719915952948199 -0.8951318209653560 -0.1793639890821382 0.6832095711379084 1.1291378717781528 1.5472333280694111 -9.4445235140612951 6.1424179429791330 3.6392432111393518 -1.6830696029751964 -0.4625707833704553 -5.2693346092375828 -8.8513027858835169 3.4446751019599842 -1.7762349947857077 5.0292446755909248 -8.9529920219757582 -0.4816391319203566 4.7569600055789945 -13.2750776341078183 -7.4171471191951053 10.5130047436552516 9.9773958708566575 9.4210613816165587 0.4410435217584985 -12.2910146065741177 -4.7415327723450806 5.3694577029737092 -1.0860181764086574 4.4769204274545746 8.8214085422880260 -3.7570944834292672 5.1307892449570192 -2.3041563797719919 -14.2313316780014905 3.0380719821206057 -1.0259997990634249 6.6515535465855784 -6.1614155797965742 0.2922887004055564 -10.2491155690704403 -0.3860450146271934 10.1409799180307072 9.3105630968249731 16.0395127213407243 -21.3678350113443578 3.6699445015632968 -10.6412763506678232 14.7331958094766513 -5.1561757760691531 7.0726350096418873
322.0000000000000000 0.4093970925091965 6.0000000000000000 10.0000000000000000 0.9110460759173864 -3.5796206742964292 4.5243736277926700 4.8611618183392533 1.7722907740727729 15.3562487755186652 2.4156360930174969 -5.0219640463222479 9.7967640177212729 4.2176669583636874 -8.3317163808261903 -8.1069963378257910 -2.2934766548380714 5.5060041036119260 12.9077885862226527 1.9317582938251912 -1.9130373077464324 2.4533283654729630 -5.1342231738680661 -2.6863577961875418 6.0127484379482175 10.2618787141659276 -22.0878734582347818 -9.3836945953624848 11.4696401970998103 16.4687860841085865 -1.7639781377035351 0.7834831194836727 16.1000471192514070 0.7451185811085126 -18.8277656742105499 0.2336721204002057 0.2436076896010689 0.1597028153075479 1.2213009893743463 0.7336565048563637 -8.9989250067274167 6.7549779078516314 3.9116785530096343 -1.1560417907265592 -1.0012771376217011 -4.9864485661958602 -8.1987878106503693 3.0537312712673903 -1.4925962759682889 4.6749272203860572 -9.9342115369098227 -0.0184393349389984 5.3174064882148926 -13.8389497761330418 -7.3004433179862369 10.1533979223569570 10.4639912112131963 8.3366746117009534 0.0655444917319095 -11.2452652211573145 -4.7469037850715043 4.8744263375189947 -1.9284766893334626 5.3196921974593216 8.5289313283391106 -3.3326683623953750 4.7126474114142285 -2.5637699030484749 -13.8741146187114879 1.9703404549392332 -0.0838968455370098 6.9543574955087504 -6.7967817031374684 0.2233370335245419 -10.0649410250892721 -0.6554509353851878 9.3842985256866225 9.9661692824320749 16.5674651955811001 -20.9232799473680480 3.6152267830464644 -10.6419891193282012 14.9322028551544808 -4.8965932484377976 6.7614975626029192
323.0000000000000000 0.4090947860163122 6.0000000000000000 10.0000000000000000 0.2084663778028762 -4.0463306224963125 5.9582981581390335 5.3882795963566359 1.6726568979467269 14.6167527348077879 1.3001214936937180 -5.3790051457028429 10.7090338498127071 4.7526966251340967 -8.4349202276657778 -8.3286190093592509 -2.1014282938972326 5.9881740237133601 13.3345480235449632 1.8028533428622024 -2.1020900997700687 1.6902205504899244 -5.1631502350191134 -2.1055539770651679 5.8161471816317984 10.5907430411029022 -22.8765683369721806 -9.2405776776717659 11.6796371532576586 16.4242354582117756 -1.3566457605792919 0.7518226203936433 16.3873200549590230 0.8736835496368538 -19.4833296070916546 -0.0453796012099888 -0.5805955401414722 0.3552896518960618 0.4700433645238434 1.4276787899183039 -9.9486404775382447 5.5623395485215132 4.2577762657682969 -1.5500390934462132 -0.5287173423230799 -5.3533751476064779 -8.1218165902620250 3.5679000731233419 -1.6615306563267471 4.5432743927208215 -9.5142545516865589 0.0826293652640801 5.0585250948427438 -13.9487956151032968 -6.5969058881475071 11.3538803552654723 10.2688106456314880 8.7498367734159661 -0.7171371835611683 -11.6198146294335256 -4.8945259691280887 5.9399925156793509 -1.3416245441313397 5.3326871361693611 9.2494278939711556 -3.5898523072129636 5.3271617211292135 -2.2745665539579822 -13.6220546457006844 2.3815709809444519 -0.5844043482219837 6.1872048647706404 -6.3818406839529196 0.5104719653655343 -10.2011243744838804 -0.2263120176572787 10.0170503080690594 10.4091816779816639 16.1644407698773840 -20.9063987666203843 3.5425582286205475 -10.8389412475478935 14.9297277880550592 -5.6797896840620039 6.6434556976865400
324.0000000000000000 0.4098209449559481 6.0000000000000000 10.0000000000000000 0.9086097288709942 -3.2240467734085447 4.9924072557006909 5.0222382340954317 1.3990995170834135 15.0242451840743687 1.7065437540562796 -5.0337110724236087 10.0306874523754299 4.6045539684897703 -7.7359722119772707 -8.0076986267403676 -2.0325842456243182 5.2099663801988632 12.7370964256830757 2.4411819687929950 -1.0422519539050663 2.4256827906425675 -5.2517826719784129 -1.7142880571117725 6.1130449324810199 10.7853964755095717 -22.6255990161535081 -9.4255251007647765 11.1535838964721954 16.6096885406190964 -1.6163371717574593 0.8915742515339564 16.0943729304025318 1.4913389649169422 -19.4049105694002009 0.4576388025300348 0.0542839422094851 0.6313794040527446 1.1549978824350200 1.9377879113002561 -9.3090778541544363 5.9931135946051377 3.9908274948834470 -1.3117729194681369 -0.5730666410241878 -4.8229075177955192 -8.4636361597208776 3.8686895409313764 -1.9181636847407209 4.7105294121009083 -9.3936343619036595 0.3599731606114117 5.0361485125998913 -14.0085162715235771 -7.1073540231575434 10.7088614185065509 10.4457876228944979 8.9119600151129141 -0.4001299305850218 -11.0535916727067782 -4.4913871089268236 5.7788758447442090 -1.3721700548502920 5.6681224919006672 8.7591572456451701 -3.6526934529216484 4.5524974524660822 -2.5898467830923009 -13.5744228521824191 1.9858103808641170 -0.5078097325298159 6.3112771108832773 -6.4097385246038288 0.7232929902735228 -10.4167250681670502 -0.8308411856881779 9.7161410164564757 9.4877133989246811 16.0982500530846480 -20.0460066943868966 4.2337129784782359 -11.1141582396042207 14.9049673791252424 -6.5687682257073039 7.0015684069350153
325.0000000000000000 0.4097753296357334 6.0000000000000000 10.0000000000000000 0.1251952096331265 -2.6884289957550771 4.8919521072915204 4.9992367127210002 1.7296826425715381 14.2089770073774844 2.3433724190693428 -4.7438351738450937 10.2343525515145881 4.2416248613336514 -8.1432958331411118 -7.7919968065971874 -1.3130555541905520 5.2294153174037366 12.7938171721077438 1.8024049537011095 -1.5520914053115118 1.8783789357004643 -5.3241067201716756 -1.8230904762158273 5.2717922771814241 10.4799531726734720 -21.8499150796907884 -8.0218865273432591 11.9066071540410618 15.7541662527932296 -1.7338885032108939 0.9798612370057597 15.6771426107213898 1.0032854763382257 -19.5335082949995744 -0.4553394532643314 -0.0893508640880245 0.6074449635443956 0.9703155839632286 1.3705031667447440 -9.4330488468955451 6.1738303708752236 4.1896632322911005 -1.4154522997642609 -1.0401410521022232 -5.7006158807652199 -8.0549527132742860 3.9752547798676363 -1.8154938492501138 4.4918138144554982 -9.1366398972158880 -0.3459465205735861 5.0275780140873181 -13.5829212278302638 -7.2521726438169871 11.0613401558727507 10.1013197587333075 8.1973027225330082 0.2043380944265006 -11.4969996884041024 -4.8089445935210460 5.1864311451852743 -1.7369361387422775 5.4840478969414637 9.0615254494902686 -3.6174615468158700 4.5519010843353414 -2.2334323804216609 -13.5085186717303980 2.4034741413309488 -0.9986459643502039 6.3076244290873182 -6.0272526684886101 -0.1461678268286849 -9.2000563078499606 -0.4446842103385540 9.4181199489072132 10.1681611624590555 14.8312950342469847 -20.2200184379727368 3.2074675855935717 -11.5627000804021822 14.8156541449075405 -4.9161477615491203 6.4570525770261522
326.0000000000000000 0.4096508268252094 6.0000000000000000 10.0000000000000000 1.2285950576453493 -3.3698143483569640 4.8928285635773960 5.5680360490713490 1.7034601587641753 14.3044205328147616 1.6434412571937385 -4.8407465356105117 10.0592707546002469 4.6054512411857855 -8.8326803158990899 -7.9970486774553686 -2.0993907824536300 5.4142247401850891 12.4097112840342785 1.2167275691500317 -1.5069437685953810 2.3327564430199961 -5.4019811501044437 -1.4600351882879421 4.9572696381204784 10.5890947479027719 -22.2203765010558811 -8.8335082692022038 11.1923056976251694 15.7372072744081137 -1.6352207005235275 1.1248091786076029 15.3603060695084981 0.9381269930945709 -19.1600362092179211 0.2616718816226229 0.3549022568513162 0.8873892388958385 1.3005241300312811 1.8746185186392341 -9.6703311655724402 5.4922633144051476 5.0369781398475224 -1.5186231003858308 -0.0724114220770953 -5.4716959643097258 -8.5499408460860078 3.8437438837592106 -1.7023583681699261 4.7013573820356092 -8.7772084486375643 -0.2463902205936918 5.5858222202001748 -13.5358119178877949 -6.0322357292673709 10.7636962036812580 9.9646845726766813 8.5854313656440659 -1.0656000633248814 -11.3948344801212489 -4.5880950981279822 5.1989587897248803 -1.6257926400082083 4.5498845590367729 8.8789875145849440 -4.1761409959300408 4.1863694985364193 -2.3664336487434796 -13.3751150945741166 2.0235902248391384 -0.8860574542431454 6.4535507655509186 -6.0997001054478828 0.5180644753565271 -9.6630572419924672 -0.8618090381516268 9.3236001967290925 9.5833439626507158 15.1454803497955499 -20.7478098917397311 3.3290607582113996 -11.2489964233073820 15.0372770591439640 -5.1977110415800212 7.0605913534596194
327.0000000000000000 0.4091585170624876 6.0000000000000000 10.0000000000000000 0.0894284430583686 -4.3776593571713667 5.0461882075291067 4.9242991908915172 1.5363093617931667 14.5063683301194519 1.9790799214574792 -5.0385575052080531 9.7935309225964673 5.2447987493844090 -8.1404000072515696 -8.1427248055806576 -1.8922108581508210 5.4769293969745689 12.5069964198872849 1.8432376946719833 -1.1130411323839839 1.9190268454865687 -5.3286683037906011 -2.3393363923782902 5.7280692223872780 10.0843737450591018 -22.6956197481372612 -8.9950749159551346 12.1219354699118131 15.8836743505233375 -1.1402818007175772 0.8932167075265132 15.4872685749322905 1.8530043997602643 -19.3402675340172614 -0.5199326072713519 -0.1481798202994591 0.4011340936436973 1.3694766354162375 1.2185914246833507 -9.1014849736661105 5.7979628808423547 4.4210059336767475 -1.0914317226123895 -0.3008052254534694 -4.9392185294456992 -8.8921855455991050 3.0323705476950904 -1.9260088148051462 4.2332273350133365 -8.2588699428811676 -0.0908601496802595 4.6860287862036047 -13.2076994514868868 -6.0337177044523553 11.1386460381128884 10.8621212358146941 8.4046138477088643 -0.2637802048071749 -11.0156548121576900 -4.7611847031131092 5.7059491829896505 -1.4775775720351381 5.0720064016369504 8.9980833555696726 -3.5201928674852381 4.6418054143141667 -2.6599123659298050 -13.5610358988446027 2.4160141062090079 -0.2662919610665145 6.7615677085104542 -6.7565313631062649 0.7638197231000505 -9.5739947034783928 -1.0591065059067923 9.5743723577697342 9.5327749533323995 15.9463430828274682 -20.1128307316161887 4.2822855591500693 -10.8179635350649743 14.6460106072636176 -5.0025375403299268 6.3768243130324063
328.0000000000000000 0.4089453832246009 6.0000000000000000 10.0000000000000000 0.6766297933407946 -3.6316316110518416 4.9661709790733148 4.9218502524361876 1.9360926269142136 14.3916102504963579 1.7767660356114681 -4.9010940297814534 10.3917593847390890 4.7138483725505491 -8.3350409535588099 -8.0724286193877592 -1.4422456946978452 5.6486867963636653 13.0946342157894939 1.7760440882554165 -1.4235253648655881 2.2745439675071650 -5.6145769176157190 -1.3530064733107126 5.9736854856827195 10.2402017714998497 -22.8885504339284864 -9.1156769182528468 11.4522444901979199 16.3003731533993914 -1.4905524245681323 0.6515946105377710 15.9687126490706675 0.8737271797125954 -18.6372786720652428 0.1689598016377230 -0.0320933938822775 0.2776293832370726 0.5066983660554358 1.8414219162258756 -9.7747614488246484 5.9719628271157204 4.3292428392814699 -1.4918153369883194 -0.5830647446854603 -5.0935918266753148 -7.4724899634382540 3.3138228241726080 -1.3965742058467021 5.4235228363102159 -8.5021643654214873 -0.4917035678331710 5.3046472296434519 -12.6586268888426847 -6.7353381680281013 10.4861192889504924 11.1635830442658381 8.1264025033486273 -0.0652939269547554 -11.1250708136509360 -4.5363237606095703 5.3651995509820249 -1.1439817294953372 5.6282195582042434 9.2210973177961151 -4.3041133944672252 4.5612811056837517 -2.0647557571024540 -13.4276492551739803 2.3396058047848394 -0.6714945899514957 6.5737845689861487 -6.3628972653338955 0.5925184977921369 -8.8193663269226388 -1.4235082953576554 10.2260151231438421 10.2222263499733526 16.0219262604050456 -21.4817496274995463 3.3495331038627629 -10.6899583213008320 14.5486332204239446 -5.4172029473179295 6.1893067807250768
329.0000000000000000 0.4085856914686437 6.0000000000000000 10.0000000000000000 1.0993696265604915 -3.4038878294492312 4.3939054640931658 5.3636243542830639 1.6801713248484087 15.0542798740671042 2.4300594416710810 -4.7729779974652784 10.5347917254234034 4.8425455681391583 -8.2755380015985480 -9.1628857540955497 -1.2232298561134858 5.7148063470820345 12.3809487817128687 1.5500549763057834 -0.9177748471766261 2.3087201231439258 -5.6927214824645027 -1.8031970212826267 6.2872656344222193 11.0188321978913564 -22.4442574339510585 -8.0493360528741338 11.4828473252060625 15.6411300404664289 -1.1102746382075241 0.2909595666895373 15.6348872252595523 1.7510076690039795 -18.7143174489524249 -0.2613901611197007 -0.0100904714646706 0.2511056656607923 1.1185916023660329 1.8696169330287584 -9.3295127624603857 6.4077594029669793 4.1513717611588543 -1.4421487265209127 -0.5934699258381577 -5.0048426683467389 -8.4191603304274665 3.4444842168994736 -1.0858278714464547 4.9890087796007299 -8.7249917328333879 -0.7561639640930011 4.9770523657328303 -12.8895204781162196 -6.7243530308826918 10.6824615399490170 10.5166202524620171 9.0651599894768964 0.0531563828896569 -11.1183338105819054 -4.6790350756116785 5.7386128277192112 -1.6998479592519136 5.6197564282582491 8.2699940401443293 -3.9754442591361454 3.9242010334981865 -2.2638707318119069 -13.2501474686059613 2.4700244022883635 -1.6811734421376385 7.1600143661988360 -6.3556235915127921 1.1662955960426384 -9.8817288457078689 -1.0903235123482902 10.1837634534008874 9.6509865988832004 15.8683907372571067 -20.0544996364704211 3.4118700849422368 -11.0719095804948431 15.0586129816112138 -5.9399181979897664 6.6373164460807370
330.0000000000000000 0.4090735964131985 6.0000000000000000 10.0000000000000000 0.4017787881776467 -3.6262551170573465 4.4296307958483743 5.3152395858018302 1.2963059307146532 15.3545243265866702 2.7323845170716639 -5.0784483766677919 10.7017749698239388 5.0305353536089052 -8.8857096779185145 -8.2865162299707240 -1.4182514280921530 5.4912131949208147 12.3185711334720551 1.2258506958039108 -1.7682123298590759 2.0996714382818809 -5.2214958639571032 -1.3236003169916810 5.4653387654255221 11.0623232125807878 -22.6354680519013378 -8.5196838672289985 12.1751455698907680 15.3717242924841582 -1.8095708681243399 0.6178558055545683 15.8690070173724109 1.0978405434684904 -19.4699234518313595 0.0185555056700565 -0.0807101271278866 1.1923931031594828 0.8048842555611244 1.8242906277143249 -9.4915910289468020 6.1653837092652335 4.7021084475915629 -1.4544118588670374 -0.4550772297461127 -4.5973525576629326 -7.7738552531000922 3.3044068292935220 -1.1362101015401487 5.0550671092070463 -8.5401627757602494 -0.4583809126394221 5.3572919377718966 -13.0067630018191434 -6.5958118153901300 10.9464807347322299 10.8438653519515622 8.6731810809046888 -0.0437341537796495 -11.4320085181884963 -4.5105788941079243 5.4618899430009336 -2.1696966347703390 5.8755026691131231 8.6804267557503962 -4.1567345476358852 4.5587133993706193 -2.8381391668926961 -12.9582259023998390 2.4517445022581508 -0.8209350503254800 6.8457373891701243 -6.2877065947098272 0.3044098672876135 -10.1537595656820354 -1.5763836555149273 10.4123454839324801 9.4584354718057906 16.2919167498814623 -20.9500024355337864 3.6732542941384754 -10.2876094850216084 15.3802002513919298 -5.4375455450525889 6.5587377414851211
331.0000000000000000 0.4059105949291431 6.0000000000000000 10.0000000000000000 0.6086251746722890 -3.4252216617387399 4.9658790633933929 5.7316139091324096 1.7072660501280936 15.6511569758880178 2.1806819481747128 -4.7772984877036606 10.0120927432351685 5.2270831323699909 -8.8235129700175925 -8.7803410209461745 -1.6994248940585386 5.2152148085560208 12.2521688816860248 1.8100280560581241 -1.2714300943096593 3.0594997471787106 -5.1640016054630893 -1.4306591477301607 5.8058797034288698 10.1443612387808244 -22.0962902198497204 -7.8792186516233125 11.7622892819632678 15.4479893453834656 -1.2204913865038247 0.6759418067400124 15.2634445008038835 1.6169165550399136 -19.0184068054274782 -0.0415145013462506 0.3683299729937831 0.8653501918584177 1.1272772667186961 1.6362891168083382 -9.0190350554023517 6.6836802398743584 4.7172432954482488 -1.2838985054665923 -0.5297537101038686 -4.3117436709361119 -7.4522512391628242 3.5736879348987038 -1.3540472580824350 5.1804435106034168 -8.7136029283337688 -0.7716825054399616 5.5818426582217260 -13.2119220532737653 -6.2481082850948084 11.4018343140897063 10.7928570927374210 8.0761655492014892 0.0277164950470506 -10.8118530939593782 -4.6041869429402933 5.6212821068650456 -1.0227586162875584 5.6689200043444297 8.8616384713324088 -3.3040248792805720 4.2399130540657151 -2.8942204808874128 -13.2554081105571004 1.9447453701787401 -0.7160213327524700 6.9856944748668814 -6.8297273224305739 0.3719083279360916 -10.0691643059747555 -1.1700294466297425 9.9859399052899374 10.2158781764697544 16.2634981673684713 -20.6219494294074757 3.2441494419033474 -10.6580584092463884 14.1962122826136969 -5.3999668334179907 7.2152824781558884
332.0000000000000000 0.4085352229870531 6.0000000000000000 10.0000000000000000 0.9120919283780073 -3.1737440111562405 4.5619264732664062 5.7920101226308933 1.6461878448104501 15.4172096431632859 1.7307075046414266 -5.2290994161149200 10.3412138308584876 4.3655220793590148 -8.2289912834626922 -8.7555153818714029 -1.8896675320401326 5.5090230425884510 12.1291962523125800 1.4381730813145546 -1.1907825527287403 2.7672790487689167 -5.5354518584148904 -1.7760737372273963 4.8612795601110275 10.9225438456320134 -22.4607192426753173 -8.0858636986812034 11.2937493357294638 15.6803430178978136 -1.0814352660227922 0.2079005277645794 15.8028605622185410 1.0944637281339484 -19.7884032331500279 -0.4615147994718201 -0.0190569692685023 0.5723690375556015 0.7398932849795321 1.7470020479048842 -9.2247588650533903 6.6493151433849311 4.2120845724734002 -1.8292970834557034 -0.5138430439222635 -4.3146200172143496 -7.6858465990748881 3.3573818636654464 -1.6804508810727143 4.6096802473116645 -8.9237688785777891 -0.4737518778517623 5.0630575810484801 -13.4545764154092744 -6.0186112036519575 10.7375071893156360 10.5136990760703171 8.8722327067483402 -0.0262176403071378 -10.6751240740944109 -4.8743658250091801 5.7350501621464636 -1.5898756264166547 5.7925834894822232 8.4215224107467552 -4.0408374752905116 4.3584967287081007 -2.4511046346966694 -12.7638337733645209 2.5100776770531574 -1.0151497992214795 6.3439855773032017 -6.2017264876115110 0.6554928192499079 -10.0027844396913483 -1.9727272241621163 10.8609204556322361 9.4811541064073577 15.8392257054039831 -20.3653500658479381 3.1879875048253128 -10.6802779926217504 14.5055886880087641 -6.2552284932153324 7.1828380148724094
333.0000000000000000 0.4088589102995008 6.0000000000000000 10.0000000000000000 1.6804981046581471 -3.7463818879067379 4.6202738906611049 5.5955693754448488 1.4655176003253554 14.7224798932674545 2.2797749868712334 -5.1220101138989333 10.3197472958381891 4.5572222699211595 -8.6218093935326277 -8.8426213355029741 -1.8321615489617282 5.2100976763625928 11.7531653004727996 1.4232138958005740 -1.5699356021261979 2.5731717254359729 -4.8427909708394141 -1.4173959855573759 5.2094712490623438 11.2684183147253520 -22.8449720022438001 -8.1599377089705776 12.2371272106541085 14.9247407528700915 -0.6712991393329539 0.8950948121182335 15.4837823488494308 2.0891005387539354 -19.5102534964089855 -0.6833247938002123 0.6093891579144598 0.6013219587172794 1.0193546850809707 1.2202938511837571 -9.0507676118297162 6.6136966159776573 4.8640953073406443 -2.0831256356420225 -1.0669870896267581 -4.6735865615806578 -7.9140623482723553 3.2844815331741062 -1.7248245638625510 5.6370826262108809 -9.4370098499450901 -0.7617523602983461 5.1946389573369158 -13.6364096963759618 -5.7618904008405467 11.1483542679366145 10.4769819524556667 8.4977868718561798 0.0147078255426729 -10.8080352763924239 -4.8303856706707977 5.7714343603298275 -2.3937408641542977 5.3252305985698971 7.4359161146263819 -3.2140531421617409 4.3320617107891097 -2.8245600326066080 -12.6545876081816608 2.9288584566650031 -0.9949065167328384 6.8895237098524946 -6.5368416504854512 0.5218768326179113 -9.5280579023612155 -1.5187455059123254 10.3440953364400894 9.3900480672734030 15.4299519770709566 -20.6747056648721639 2.5917792347356632 -11.1832717213857737 14.3437117677239829 -5.5126491991140476 7.3927823003549866
334.0000000000000000 0.4067063386945614 6.0000000000000000 10.0000000000000000 1.0801301754033523 -2.9826927013755089 4.4361559490549318 5.3971780283368496 1.5007025507940457 15.3609942885272162 2.1058587524654726 -5.0602129698812872 10.6559514073870734 5.2624965570927271 -8.8128436573435565 -8.3661848166447559 -1.3821430214603765 4.9431494643231808 11.6807218614644093 1.5823661964192928 -1.9793923267174713 2.9476720860994918 -5.0454811895471963 -1.9500809071214382 5.6974531614092703 10.6408193220653899 -22.6360734477983527 -8.7294687938425497 10.7689769180452828 15.2954311928319679 -1.1498155928947471 0.2546605163973876 15.6424838398713195 1.4887608690842100 -19.5667458772137905 -1.0924346491537009 -0.2907349185464564 0.8770961216920619 1.2042443039392940 1.4243992391258093 -8.9090212024286437 7.1912183307674047 4.2796619395758864 -1.6625129247460568 -0.6207860116432440 -4.4765324720932087 -8.4526772311956559 3.7983772222652958 -2.2162496120471076 5.2199534707613697 -8.0829951420424599 -0.4883428808721179 4.8784381941731247 -13.8556532222275326 -5.6632983019389291 11.3541022565286074 10.4100695615000465 9.1862756510118135 0.2471973628161399 -10.6690218904989820 -5.2769297613470112 6.1846342302762451 -1.0200287408660964 6.0345752805772559 7.9424657696355228 -3.5769601420987294 3.8635007939749153 -2.9748141504411656 -12.8300893485881602 2.6981737788831159 -1.0801050086833830 6.6893494391484376 -6.9330508317111548 -0.0366798236868977 -9.6614207891445112 -1.6643613678554132 9.9499812394228027 10.1846327805252450 16.5152456840358930 -20.1715939852248134 2.9503308823978980 -10.8256903582924178 14.3517229443125842 -5.4210331142858461 7.4999077507829224
335.0000000000000000 0.4076869795957166 6.0000000000000000 10.0000000000000000 1.2573702981565675 -3.2701003898090786 4.7734270934867968 5.8185682429489427 1.9068275398614019 15.2024750617238595 1.9581522296658258 -4.7529437006360791 10.1471453428683365 4.9216951870183401 -8.3781434862906856 -9.2132222312075314 -1.6826748122494268 5.7421581456297703 12.1110867643224545 1.5002215927486793 -1.9647374775880726 2.7101987628137674 -5.5862609680820041 -1.8906507639199217 5.6543837033327851 10.7697152590875067 -22.5426148320827693 -8.0297250183932132 11.1755936208545279 15.5514112953777062 -1.3762641218126441 0.0544360769215052 15.9711666771944962 1.1710636910452255 -19.2656754050313062 -0.3977597444552781 0.5631109096315097 0.8587327199513657 0.7441480045637299 1.5375664069300119 -9.2217173165950914 6.7811921084827613 4.3941846184728739 -1.7109637434678049 -1.0939003045562783 -4.9113433086406326 -7.9788472675657163 3.3558159147461391 -0.8058946454492699 5.4390690573036951 -8.7324664843018986 -0.1314810638986600 4.8046064715825567 -13.9887959661290058 -6.0357352537986815 10.7647371755955081 10.3125199898650042 9.0641250168687293 -0.0904696070066021 -10.7990336061047767 -5.3812523157966563 5.3461692077470984 -1.5491446174956687 5.9534354236928264 7.9888633024170650 -3.4761808166292907 3.7909817090281619 -2.7721271839464734 -12.7384384555509875 2.5954685753374860 -0.5823924442637183 6.6324417721064339 -6.7810969350087849 1.0009144399155865 -10.0059945004612931 -1.0204628034912009 10.2824131958766944 9.5823629889221813 16.2465807027973206 -20.4218132638860510 3.3330487296567082 -11.4848443033962706 14.2654839955708237 -5.6278401020909010 7.1868498444854039
336.0000000000000000 0.4090865222789676 6.0000000000000000 10.0000000000000000 0.8361437627019008 -3.7910121914811454 4.5565063003695405 5.3055102922332988 1.4354455843556089 15.4856302854211769 1.7419239342627624 -4.5315571235820800 10.1884497330063173 4.5200044837746507 -8.3722442684090872 -8.5773139869115127 -1.2952373842322662 5.9493786577057337 11.8677345701169266 1.5959765752560935 -1.2549332197461815 2.1259812032330232 -5.1396823748964771 -1.4602437326388857 5.9006597200233903 11.1505336563034483 -22.8238117632237518 -9.3755113844683429 11.5540850771305408 15.2020608809379318 -1.6932241628738920 0.6685247800528690 14.8370770096158715 1.3253488870935286 -18.7312116302902254 0.2035786583149726 0.1316178705592194 0.7127233774060999 0.9988184102661330 1.6873183205153295 -9.6966153748977497 6.5463520847060206 4.3808981179131896 -0.8598140349539712 -1.0080783294222873 -4.3694255332040157 -8.5359586417423561 2.8626662391612907 -2.1749178074100306 5.7727550178992129 -8.9102967530345403 -0.4040836566928487 4.7568340093197374 -13.6557488150172244 -6.1919022673478583 10.6218994138919438 11.1089502422337869 8.3237058772231389 0.1260967630449628 -9.9969584077816585 -5.4897043048486021 4.9249100402565373 -1.2643678432009537 5.3122882627656951 8.5754006836276933 -3.2258257582457093 3.9306820815962698 -2.4030016009606694 -12.7255067674437292 2.5683051251790774 -1.0495650440906246 6.9279806928252174 -6.1504691182516513 0.5517895947784187 -9.6286049810476602 -1.3578111021884622 9.9126971685519258 10.3634304973706861 16.3817387282623272 -20.6767622461287708 3.4150142075246750 -10.9502555596030042 14.1469234621896405 -5.9166655759376106 7.6053685454424294
337.0000000000000000 0.4079003134366536 6.0000000000000000 10.0000000000000000 1.1518461796516064 -3.0589976724455759 4.0397671392399443 5.7311674798603764 2.1620297333163068 16.3096907961574722 2.1947113382328336 -4.4346375549910135 10.8265304676931873 4.7503739632237236 -8.9198640260027862 -8.6789798414122501 -0.9880521687822511 6.2321728810604711 11.8702240609902745 1.5781572385833125 -2.4876847317080610 2.1577296347021089 -4.9589465475050920 -1.3497187168692066 5.9465461412328509 11.0370740633549929 -23.2075673029111123 -8.2441648533839178 11.7519893896751224 15.3329218946013199 -1.3668099471710724 0.9699313318932604 15.1249677069644015 1.0951549399442440 -19.7968400162173133 0.6617702858454686 -0.8104230157391772 0.8075048904654532 1.4323964267358837 1.0591167387518872 -9.8326200389775220 6.5849941437984603 4.0493676264448304 -1.6201320594369686 -1.0448389797399287 -4.1013436200487039 -8.2093438605546130 3.3544293979995370 -2.0161353489844460 5.0181410038212046 -8.8556929681952123 -0.5582180873529399 5.6071794663993515 -13.1008406792458647 -6.3677488280071648 11.1091580582512020 11.1404481935926754 8.4301549218084979 0.1847641315827112 -11.2133469620848008 -4.6604215073164621 4.8739870660149727 -1.5208859442127924 5.3159943388076520 7.7565796606275361 -3.6131712862146932 4.3935155127567667 -2.4490230486683853 -13.1665393414478924 2.8986109584221547 -1.2320645282568661 6.4731275503099655 -6.4805014546255535 0.0579127839422786 -9.4132287425789318 -0.9434672320286699 9.9066559380206556 10.2054514395916858 16.9380040897256734 -20.3371193648149422 3.4212214407127455 -11.3401453104901080 14.7588324521715641 -5.6900721001038654 7.1013611324998314
338.0000000000000000 0.4077173576411885 6.0000000000000000 10.0000000000000000 1.3110147246391497 -3.5343748748749881 3.7933760103093155 5.9429615942008507 1.9396687960549297 15.4430608463846930 2.4467869182506572 -4.4293692219720970 10.0308275851499502 4.6092944943911380 -8.9720847455902657 -8.9626490929018932 -0.7565625863322077 5.5196646858659362 11.4838001813833959 1.2620510737351747 -2.2677576907903383 1.9666581723947378 -5.2417832291264288 -1.3621745032085948 5.8553693347873388 11.2187717429340754 -22.4970060629124475 -7.9794097569952394 11.9867623857622245 15.2663338355251934 -1.8006662985678170 0.6439780870509541 15.3454839860219945 1.7884902770552285 -18.6924644048370361 -0.0805852126202051 -0.6955334098720398 0.7291272937132377 1.4275620960923021 2.0915609354243627 -10.0537908191224208 6.6486657690954321 4.2856795187032910 -1.0628068997083739 -1.1417794453435230 -3.7421964160800725 -8.6695338201821084 3.1875919378473196 -2.0034607127903468 5.5354232571615123 -8.4451623038648105 -0.4183798857833911 5.1006128181758950 -13.7527189664554523 -5.7831581437694579 10.2324779603935063 10.7686368589651806 8.9904246768859650 -0.3245742435017577 -10.6813567439026098 -4.9177855667160442 4.5997262711286853 -1.7589548292168964 5.7710612316055494 8.0217040307119127 -3.2254631524985391 4.1002215243717206 -2.1305522353754198 -12.7705414622419440 2.3855803513257077 -1.3029436325420902 6.7318463971751168 -6.5184891560066482 0.4409441470175747 -10.0120908157166806 -0.9824781079149694 9.9017005928561979 9.5318568335776810 16.4820382490301505 -19.4502578458320556 3.3902539431212917 -11.4109873646371334 15.0748682408737604 -6.0289670156473800 6.7427701177217880
339.0000000000000000 0.4063541087231667 6.0000000000000000 10.0000000000000000 1.5523280556653392 -2.9448406764521562 4.1587798514652823 5.7823182285388590 1.9575743074749350 16.0438717151162571 2.3653399046490189 -4.4085968026793054 10.8034885280060067 4.4400534346672877 -9.1083937480141550 -9.0766260402688790 -1.0379743365137863 6.2079676674781803 11.4013927619819917 1.2209410408923835 -1.6688039179966954 2.4726453990298771 -5.4289823263872448 -0.9802889550103611 5.9966017115410137 11.1848815791138900 -22.8918822491626379 -7.9529809699178031 11.3006276135865775 15.4572016750263597 -1.3581479773762908 0.0219744173393649 15.0387271968780922 1.4202401261655624 -18.8682271811215223 0.1027979299551568 -0.0416750311423790 0.7901555745451170 1.1676309079204603 1.6591923272165867 -9.5955452827280823 6.6792897046747557 4.0250055030525109 -1.2447418643309278 -1.4795781332500497 -3.7824893207365635 -8.0437515169038463 3.1135971877920805 -1.5888647591276026 4.9360431789701575 -8.2676879437584070 0.7414272928890080 4.9110627862772489 -13.1173503023277682 -5.3207034554691166 11.0194813064096166 10.1124009067935869 9.1666233701581028 -0.3409006447131324 -10.7086086693644393 -5.0137700899283120 4.5774136935781335 -1.7740496682368041 5.2008503483289292 7.8213325694444080 -3.3496495503013022 4.4444400820474081 -2.8439879634110881 -12.4820462281142710 2.8407456949047223 -1.2864311021777386 6.2022338517726556 -6.6112924698486166 0.4498422111216098 -9.9044879004033479 -1.4680340753993413 10.3440042789678142 10.4948915050381135 16.4267257655737247 -20.2620259850607987 3.3494518494194048 -11.7458976543727793 14.9047133730515746 -5.9282900315000937 7.5991393735906057
340.0000000000000000 0.4076898319818510 6.0000000000000000 10.0000000000000000 1.3663533516393258 -3.2183500963981091 4.5720881605496295 5.5422349596073186 1.5903719886814744 15.0784129484573519 2.3156860792541747 -5.0033213753176407 9.8496368016824221 4.3150214065875101 -8.8873552963977129 -9.1557837265074689 -1.3999249666119038 6.3658515832989968 11.5770596249205440 2.1392358827119882 -2.5560475346702742 1.8869096595140431 -5.7582955090164702 -0.9089005414284894 6.0889812514570458 10.8367089956753428 -22.5801288473307729 -8.0402154205045537 11.3552522460382406 15.2085445495921334 -1.2247007913530952 0.1244663965305542 15.1970780454385856 1.1794935730587215 -19.4460592065299593 0.1361912036152866 -0.2728837429965806 0.3332044864015073 1.6933017577392069 1.5839875163498778 -10.3122642510159430 6.4867505521521291 4.0585582877422439 -0.9744392534118923 -0.9830726989385660 -4.7251848264560774 -8.3758016961837480 2.7870898531412283 -1.4993366494788207 5.2464920454096884 -7.8429612127661894 -0.3924279736896726 4.5364387242097699 -13.2736644860636428 -5.4600115638067912 10.4729940905537635 10.8253053590498762 8.7306523535557776 -0.0568267997207111 -10.2865655753561818 -5.5421627262112940 5.2679256302666158 -1.3881163668696945 5.8994863666600432 8.2447524162649657 -3.5691930573602244 4.4134497721535420 -1.9586637116065264 -13.1141457518477456 2.1957039941524510 -1.3386138816417907 6.3363585512039888 -6.2272581852788251 0.5254555262801923 -9.5604771738665679 -1.3421984026678349 10.9699249192910813 10.2414750627599638 16.2473500343083508 -20.3480193840117671 3.6540153205808368 -11.9667779974818416 14.7904644811273762 -5.6691356710321381 6.8691078530002780
341.0000000000000000 0.4087883152898874 6.0000000000000000 10.0000000000000000 1.4726465610310873 -3.7011684513903660 4.3636628353011320 5.5930830340693376 2.0187912090508799 15.1454747385155635 2.2458811754132531 -5.0797906650329532 9.8424523371534800 4.1764701032855269 -8.8910702230473859 -9.0219076686430828 -0.9278178515585380 5.9060203004261771 11.5762160225290440 2.2823952176939217 -1.3762725681729895 1.9629676089411936 -4.4982465014855828 -0.9153134166907435 6.1478501791189917 10.2369513042076985 -22.8241000515508325 -7.5615502722436050 11.4554098993748656 14.7808321421252096 -0.8719876059443825 0.8462285407054846 14.9999467404877027 1.3466499788556647 -18.8383482454330071 -0.2787904921801708 -0.3264633124946059 0.2123792781947783 1.1365195134379968 1.0746006795271796 -9.1352841508780855 6.6545885006317569 3.7687169274491188 -0.9383087900776904 -0.7159327050087609 -5.1620482104640004 -8.1067053259404496 2.3932319329390821 -1.9334823233421199 5.2601977405064630 -8.4163897047769947 0.6285531429405442 5.0479725664057042 -13.6319733990715335 -5.6692378564629751 9.9534364668402144 10.4748637618967173 8.9618160419570820 -0.4223004991942123 -10.1512138877302380 -4.5201332448378322 4.7676886960616720 -1.8557195947302549 5.0485017848219282 7.9788776324110655 -3.5479414890384291 4.6603961641688381 -2.7589639472552734 -12.5222896380905304 2.0290601705345988 -1.3977029808327284 6.5487741776503352 -6.0210286171609413 0.3402195933400731 -10.0092743399654438 -0.6338314744343406 10.8379402355397314 10.0812058435892187 15.9580984021133752 -19.9896329907055623 3.0324150727538615 -11.5794373999059594 15.3790441271605438 -6.0238762488418089 6.8148729160106676
342.0000000000000000 0.4086978266194343 6.0000000000000000 10.0000000000000000 1.0291915396010625 -3.0599137335274009 3.9808240304549409 5.7540456428176032 2.2089203258171040 15.6265820569674450 2.4640070119095356 -4.1650886663750342 9.8148292154677517 4.0306498029550584 -9.3616254431695172 -8.9719183642850986 -1.7429211302494796 6.0597025939071667 12.1017159535588323 1.2150666919764284 -2.2595115926964811 1.6831232426195002 -5.6094520134384043 -1.5332412497128258 5.7924886883073903 11.5132046528744620 -23.1537257491871564 -8.3827471705685994 11.1476728624595349 14.7529109010860733 -1.1217143645872651 1.2773189625699035 14.8237167795332550 1.0369772969094651 -18.9581136409256921 -0.1812535507390804 -0.0814519913856441 -0.3643579883959252 1.2090701770172236 1.6810778704673610 -9.6485166963436892 6.7585583315889295 4.7169347850263117 -0.7147106994558944 -0.7652179722408649 -4.5814425932403484 -8.2008943430731485 2.7893638830917546 -2.8736946542304942 4.7123098396173031 -7.8350438370390663 0.1383313165255269 5.2654803203988907 -14.0185540890279530 -4.8952589822916073 10.6855007203032049 11.3136772255089912 8.3605450320282628 -0.2072572895904733 -10.3261832754052794 -4.7888263457037761 5.2029116430233673 -1.2001228988280219 5.1519305955914252 8.1943919326416736 -2.8810359671498667 4.5509550372595173 -2.4331609575078330 -13.1433707609955341 2.0419414881876836 -1.0792691910507195 6.1070056722520878 -6.2276833588308698 0.2896461737163616 -10.5280978906778611 -1.3829949385011830 10.2110863509762133 9.4342279851407902 16.4022321869627667 -20.0123279184753962 4.2297409570545277 -11.8206171228745820 15.0911698271225809 -5.0688163589986290 7.4750745732061032
343.0000000000000000 0.4098054845526216 6.0000000000000000 10.0000000000000000 0.6266647413748110 -3.3147599689339473 4.1594797995366539 5.7973597196019346 1.9072950648427227 15.2325723054615256 2.4786647732057112 -4.7382610868087021 10.2848146215860652 4.0737972916281784 -8.6466208168799596 -8.7262294195658274 -1.2122978790075121 5.3687306313664953 11.2057195771116493 1.8307802859364282 -1.2649243235395491 1.7313970604947857 -5.3375456851183953 -1.4340064562412229 6.1540595868796570 11.5703461471623061 -23.2037976747531332 -7.9689282755011126 11.0490682006620116 15.1688001076399850 -1.9093331229966717 0.6703132719821828 14.2882849837919874 1.3240762172394678 -18.1690376893867729 -0.0446605939272353 -0.2292120508700270 0.4234645655722331 1.6142496370810873 1.4929585742624623 -10.0667952183724285 6.9100217659742036 4.4890873824698030 -0.4404365060013962 -1.6456328548593691 -4.4563366829479598 -8.2266104756834224 3.3375667189242075 -2.0347164016063770 5.5593456568872979 -8.2776009897952036 0.2970809177638359 5.5088597352400006 -13.0725129102658304 -5.4368487767440721 10.2300306463729083 11.0801595833225139 8.6951537203755453 -0.8860717630344065 -10.3279050276356532 -5.8845738437625421 4.0292814535485739 -1.0153656042378620 4.7368635180250651 8.0471855897428206 -3.4131874258253387 4.4153638031234381 -2.9085878006990895 -12.6020857071714882 2.2171883007997573 -0.6587523942471593 6.6098221656535925 -5.5673291952190409 0.2114068449537972 -9.9605328843547216 -1.8065171469892845 10.4314203313862599 9.1965439191257605 16.1132912416429406 -19.3253572359965595 4.0321908421857691 -12.5766083775330415 15.2502171682327408 -5.4852991190772897 6.8977954756872215
344.0000000000000000 0.4084052603397321 6.0000000000000000 10.0000000000000000 1.2272459973417225 -2.9581734785877911 3.7618174087285872 5.7501519333867321 1.6510209186723090 15.8212053215545225 2.2645835135525707 -4.3153269627036641 9.4786931099790515 4.5749410029241036 -9.3154221281572216 -8.7041073943206548 -0.8873645769733967 6.0263329004931565 11.0132114621868400 1.8397909133082595 -1.9488109133626506 2.0214605416425750 -5.1026735282571671 -1.2366513196819613 5.9189170581705310 10.5077627128230553 -22.2351606850280668 -8.3723736779933287 11.5862835020358208 15.3084815656113271 -1.6470778976351832 0.2072966104565832 15.1106548035973507 0.9973375092332292 -18.7617370528159171 -0.3299043894578030 -0.8641726566526556 0.0605802589897743 1.2975080780100674 1.5990525690280115 -9.6037316348321653 6.7337155396657469 5.1341310959187956 -0.9704204285822590 -0.4069222519581920 -4.7844665787881269 -7.7374129101239983 3.5415717022765536 -2.3803935913229255 4.4548195756235849 -8.5947495601349502 0.4563599796104774 5.2129803968051815 -13.2656274021067873 -5.7050024150342349 10.7949326326884432 11.3247007161259496 8.6013212009590561 -0.3499844900601283 -10.2415348272877225 -4.8313823568157543 4.5567962354270444 -1.2609687161799406 4.8651327633436852 7.9670581025514933 -2.9652042754661818 4.5242196904317238 -1.9782019497361194 -12.1251457687164308 2.3560355268042952 -1.0059148437438039 6.2380362451842357 -6.3428228844882817 0.5603092393693081 -10.1539856565223818 -1.5729853119240098 10.2436385458301569 9.6264282823536522 16.4958920831634579 -20.4223516977881694 3.3952039941364118 -12.2134527159090300 14.9711249096681431 -5.1976449562880589 7.3948767586959132
345.0000000000000000 0.4077219354167330 6.0000000000000000 10.0000000000000000 1.3510982221227037 -3.5077804543309252 3.2168424217380926 6.4368394845453256 1.6612612025070492 15.6373324294772083 1.8608628823463462 -4.6734501957564758 10.2056580538550197 4.0570435904237021 -8.5904084055163761 -8.7779956020208783 -1.6313410011010474 6.0429797614804217 10.9565809267465273 2.2059633945315213 -1.9844415592973066 1.5245042035944909 -4.9181166845446214 -0.9323545996752896 6.2089662574960149 11.0740578387849133 -22.8796688115574405 -7.7643361022788877 10.9497818457232761 15.1226816964245643 -1.2591569208878906 0.5655399864070509 15.0532136710894928 1.4967261710713413 -18.9483521874603014 0.2346225789506652 -0.3395391719864623 0.4458987437797572 1.3817836214412771 1.4315311601909384 -9.6439261111122843 6.6132003777578694 4.2685233497137309 -1.8948106744616715 -1.3131865844089026 -3.8698933511063700 -7.9733172290011085 2.6804443511386387 -2.0974064157003265 5.0856980543750945 -8.2925836800646486 0.5882288600526567 5.0151295660528872 -12.8709721495479581 -5.7683347544013150 10.0368651692137405 10.9433024844409488 8.0735997089550970 -0.0413682644659609 -10.6150028593498842 -5.6601436290375151 5.0342443400202415 -1.4809725547686923 4.9245815545275082 7.8402538867511682 -2.7692998005251805 4.7450074080638807 -2.4385230542056755 -12.1121090923332044 2.0704396395968558 -1.2544553857639926 6.2594505112596064 -6.1293610228608593 0.0777837346662046 -10.0686993188772060 -1.7559149609637814 10.6724087421847180 10.1203986824516416 16.1663120883254123 -21.0836757945168820 3.3717519291741289 -11.9822153205398898 14.5620167534649454 -5.2340152607494232 6.8836524664062830
346.0000000000000000 0.4098890921021248 6.0000000000000000 10.0000000000000000 0.9600972859123325 -3.2329251132678256 4.0704328928386468 4.9710326182122966 1.7509703589431391 15.3483662835980521 2.3661408530177863 -4.0561497217683424 10.8983446343155315 4.2005815073042836 -9.1930655249897573 -8.6518121846650420 -1.2420534594713382 6.0384178594693267 11.0166378264563249 2.1529100809950927 -2.6283737725797898 1.7362890175295602 -5.0780463041242596 -1.2909357311216423 6.4733228916572187 11.4064807360157321 -23.0893515490335943 -7.4444097470875983 11.4691903962130795 14.6604668852469420 -1.8236082401471654 1.6283011387178263 15.0208911226583748 1.3694129619962854 -18.5209540227502139 -0.1598673031013631 0.3644416815379266 -0.1277802695341876 1.1782448760254181 1.9417289067672601 -10.0312310117096555 6.1591250117534138 4.0007883276456999 -1.2531736213243572 -1.0563167235878326 -4.4643655377049125 -8.5076607568586411 2.8312054168039515 -2.2243406001930786 5.1053436716945964 -8.5871477521170192 0.8473438326485155 5.2238048599450160 -12.9843402970480053 -5.2054501039277312 9.8473880364215898 10.9515180411253930 8.4690395990101219 -0.2123875099631308 -9.4078599394853129 -5.7304500319730165 5.4751152723159864 -1.1505008963672609 5.0471571028908997 7.7173634102538342 -3.5002354797640183 3.9398786238563770 -2.0021600233586079 -11.8889805618291842 2.2760819614395582 -1.3976299545380719 6.2014791225278350 -7.0991319787153113 -0.2740377478443776 -9.7507250990645193 -2.0829133078585418 10.1144870587119708 9.4898486539827793 16.0973237754780918 -20.1496809304780555 3.9959775893229046 -11.8981367306371713 15.0757468952765574 -5.1644227162629948 7.4339102109983095
347.0000000000000000 0.4085814907460042 6.0000000000000000 10.0000000000000000 0.4616452896962159 -3.6873139704245634 4.1123831440230196 5.2722860966079317 1.5900536260801816 15.4779566013547054 3.0031923682620736 -4.0334331848084766 10.6492006851686885 4.3709373826393199 -9.6274549668700811 -8.2448123233759585 -1.0416086601122603 5.8681650954874121 11.5380531753140740 2.0972654585936636 -2.4994877316098205 1.3656336343658046 -5.2486707215293107 -1.2717949616398638 6.4444517575479292 11.4591555689426734 -22.4498735287822804 -7.8800109595175334 11.9779446661721760 14.8761492728134552 -1.1393088007377052 0.9484763317089209 15.4235851105520130 1.4735578940323855 -19.3222834997365389 -0.0165746185423612 -0.4390833942442229 0.1325095471563383 1.4606387490935282 1.8423722114156775 -10.1658903332166997 5.9493624045595119 4.4748265252099406 -0.7847704244682789 -1.5231241513996097 -4.0918567537675736 -8.0466267956196731 2.9971546364071751 -1.6363868843976628 4.9712013573798757 -8.4569295209859909 0.6338420060723740 4.8016099704172976 -13.2895119735236253 -6.3610629156707210 11.2038708209790716 11.1704161132585682 8.4023539858090448 0.0287269334560605 -11.0209139429483169 -5.3265831055961792 4.9065350771223439 -1.3917778071473808 5.9136875040647530 7.4158365558982702 -3.7777669713234165 4.4301733312927905 -2.0950893588944512 -12.7940096252300002 2.3460553465858407 -0.9212973409296361 6.2668993911069926 -6.9705588703662453 0.0130128858862066 -10.4977753790635173 -1.5058880003679362 11.4240593123603116 8.9064477458443356 16.0600443595900018 -19.7855039879951100 3.2238461849613129 -11.8841229275833804 14.8292854399483591 -4.7770389480497846 6.6615805647683262
348.0000000000000000 0.4086150656937620 6.0000000000000000 10.0000000000000000 0.7860024107107746 -3.2691810018739575 4.0125050010901289 5.0532980655071222 1.6056786011820574 15.3560047361398517 2.5556458902162662 -4.2322541516870391 11.5304136170153377 4.5744367013107512 -8.6260015116521647 -8.1816872115090042 -2.0422795489028820 5.5068877934650340 11.3337332297068212 1.6271753085386151 -2.3928019246259273 1.7563474021089200 -5.3415301198426093 -1.2262985385735026 6.7305727805190845 11.9519586825083124 -22.9048371262652317 -7.5220598502169995 11.1263733949720187 14.5326039776381943 -1.4755505870700745 0.5113994972465170 16.5372875638538979 0.5602962030662058 -19.3479035180083230 0.0315479313146013 0.1018198712913741 -0.0005169890197719 1.2465798318807155 1.6704585379716728 -9.4265186577317905 6.6047417941761379 4.3539477831114173 -1.8532219265507295 -1.4108752611193360 -4.0982387215753446 -7.7847846782642343 2.4198901502051711 -1.9923543750000692 4.7499252782605907 -9.2256185203107943 0.9553362389761736 4.7138239321535993 -13.9596789438201334 -6.0355813514538630 10.6421542383906758 11.2219106736573568 9.1466189075214412 -0.0600091183908247 -11.0398152799214575 -5.0502947354207901 5.3987039145239057 -1.8547928779320888 5.1132780722588471 7.7580956874435332 -3.3216160084646460 4.9242357506308316 -2.5051758888994100 -12.4414749591717317 2.0896244371587960 -0.2260176556019545 6.1699471311487022 -7.2789800348663425 0.9311299482447185 -10.5081745046671386 -1.4230471853067646 11.0301482491078175 10.3617196381312358 15.8915974184178985 -20.3764338303785202 4.2351932590016235 -12.4608283746843824 15.3034273335589308 -4.7758619683954944 6.5745180969430130
349.0000000000000000 0.4090260315141453 6.0000000000000000 10.0000000000000000 0.7883521281972143 -3.8342345715662205 3.4231702591891451 5.3311602943225145 1.8306273133957454 16.0000235543294629 2.5629351724604947 -4.3809242780891147 10.5643029312348453 4.6319765294314106 -8.8753406181298153 -8.1230257352685289 -1.5136046050622678 5.9479452317254067 11.5159599904880334 1.6064213462696606 -1.9238228866269595 1.8325874050125999 -4.7107575487818494 -1.1678616637741952 6.4005481422726529 11.0645544777993852 -22.5472358366511259 -7.8561933823372980 10.8041612934839346 14.9268759475318227 -1.1966805696812770 0.3684566295727469 15.9134490493502074 0.7973357423239883 -18.6583841561976271 -0.3754258025213195 -0.2098853569352796 0.0033403317586685 1.4097676777658601 1.9341994282008064 -9.4112194077182032 6.7736998946932969 4.1728896341878050 -1.4669880615091195 -0.7358101831993029 -3.5728487694445628 -8.1251588455238384 2.6396570044652616 -1.9109566380844583 4.1589470706182867 -8.0349452992836063 1.1203904829074580 4.6381049352786645 -13.3357793649242780 -5.6952759600978249 10.5817177468376968 11.1965540549772467 9.0204944569894998 0.1859497446805873 -9.7835248733978339 -5.9032690123105729 4.7755207360910736 -1.4203172599954399 5.7783789640892298 8.0053901613621576 -3.1515012315530924 5.0387703036722735 -1.4386540815662163 -12.7161124634386411 2.1743998993848757 -1.1630548458343775 6.0662805592046070 -6.5144894139603657 0.1572598390715106 -9.4391253087757967 -1.3637859325049426 10.4455752593877502 9.3282423281431353 15.8633985439296250 -20.3701988232452464 3.6445585802291447 -12.1475599680561679 15.0093937919485629 -4.5421774066180767 6.8742612520392656
350.0000000000000000 0.4086022725554248 6.0000000000000000 10.0000000000000000 0.9183698488461048 -3.5257664002762437 4.3839007989634249 4.3619852821509664 1.0363629341418501 15.7399675207136109 2.7604578479683628 -4.2713153253735658 10.8481403767340883 4.2935997696107089 -8.5867902550156714 -7.6906419551821941 -1.7549284427764185 5.5982134153332392 11.1574494875520038 1.3561202102440344 -1.8035741916025465 2.1428299836415468 -4.0640522117725340 -0.9132014019929275 6.3797097168903383 11.0746226874421119 -21.7089924388836160 -8.1468130651453894 9.7699747116500006 14.4682702404943893 -1.5304133431372697 -0.0206462946415861 15.6198448065820568 0.5978779462916037 -18.6551852655539996 -0.0770241417915804 0.1207066713464340 -0.0366029091192358 1.6720203200921684 1.7609298019531170 -9.7589340995706326 6.6115708433984839 4.0556417350549241 -1.2749724443679196 -0.7517089642742487 -3.6085787527493540 -8.2076943199708126 1.9741535639441055 -2.0072493904964457 4.3580380884423278 -9.0628476391919754 0.8629468788795425 4.8106533149979755 -13.4360346165977376 -5.3881887864658742 10.5153657683551245 10.4070318008048197 9.0132313961711361 -0.3844904453208617 -10.1325470078245239 -5.1340701560272421 4.4874343094814702 -0.9412247298231166 5.3740031994510060 7.6888796283026171 -3.6199875425567156 4.3089275002492311 -1.6450506085554655 -12.4792599686215713 2.8169904342475540 -0.6030202055628301 5.1339212541707280 -6.7488011730964121 0.2706130630154527 -10.0942692258685174 -1.6287375303902576 10.5993059122379094 9.6222072957618892 16.5395656645209712 -19.9600976741714788 3.2220823599565773 -12.7678633182820143 15.1642407580810978 -4.7601013689500444 6.8907090575529644
351.0000000000000000 0.4086036619353462 6.0000000000000000 10.0000000000000000 1.1580435741600317 -3.0336371268477276 3.4075171541005140 4.8571932161985858 1.0500095232203654 15.8017380846735005 2.6189022378675908 -3.9835146285815068 10.7571419665920605 4.7118404282223878 -8.7485793910217975 -8.1478050971247704 -1.5385956853750991 5.8544980497606813 10.9951233823936327 1.8984526649423359 -2.7158856771235254 1.6434261279524243 -4.3257071201510566 -0.7150086037971330 6.9163784251387286 11.0017171405662513 -21.6558412706277288 -8.5231865110985279 10.1609614800373986 14.3925059820186885 -1.3731132885125699 0.6613911654654324 15.9219474603297488 0.5738408032538942 -18.2460372233129426 0.1868639913545982 -0.6367227266819205 -0.2524771641955740 1.6852471920966665 2.3073481318710147 -9.0585546354979254 7.6050381928686130 4.4172457236457561 -1.4035681672800118 -1.2213527915561275 -3.7765415469307744 -8.2987747127609008 2.2823364054921833 -2.8128884305788180 4.9850324837874300 -8.7540797454373855 0.5618064481932162 4.7638653535398472 -12.8864425640563063 -5.7534446883364607 9.9778650389335901 11.3624318688272279 8.9867257650575798 -0.6025145706638148 -9.5506631442816428 -5.3673143587898267 4.1422047672754196 -0.9574128592203233 5.0129439248210925 7.9705528731857127 -3.5582029929777743 4.4209909845025601 -2.1087603399882187 -12.4331198815471478 1.9317426683133880 -1.3063901538036897 5.8295607648531513 -7.1062248950257505 0.3603879024408410 -10.4794310344405144 -1.4885212196222939 11.2660723361331616 9.5889046050205096 16.8571183198533916 -19.9689560551736847 3.6196704997434574 -12.2881154945795785 14.9086477830931514 -4.8753364896875890 6.8077887708723477
352.0000000000000000 0.4067905945780644 6.0000000000000000 10.0000000000000000 1.2533148615960106 -3.3201608096460116 4.0082962632467556 5.7098844041942360 1.4255740661787011 15.6117105718872580 2.9532075792609049 -3.4587446635403039 10.2674872357114122 4.9372361105173272 -8.3749988577562267 -8.1554769318440208 -1.8658200502025617 5.5351109934335865 11.4763053079801853 1.7395185624872977 -2.3082062511196355 1.6005552651878845 -5.2097090198344551 -1.2888791323115651 6.7709184598360936 11.6320385196511715 -22.5523054818634918 -8.3960038058118425 10.8433775815689248 14.8304290409071964 -1.2176328512591519 -0.1226591939280357 15.7380315025772042 0.5497254735746609 -19.0573633762528445 0.1004480032592319 -0.3104785909793348 -0.5478873420008147 1.6657958798066481 2.0572033219853187 -9.5190454137862961 6.9087595568673290 4.2642903288803424 -1.7733729768428828 -1.2924232666668307 -3.7337934432102795 -8.6251517329276766 1.7839258406863596 -2.1498657014894618 5.1451475008427012 -9.2083235061086999 0.7064600838682468 4.2889716246554030 -13.6088800389473121 -5.7979359055888517 10.2440314087816891 11.7651673789833886 9.3985549522543188 -0.8157706415536865 -10.4291631348388218 -5.4404091690916436 5.7270439132997968 -1.5447058117228030 5.9920067373501249 8.1398161167968315 -2.6897900763380069 4.1225568821104517 -1.9226949015212793 -12.9430872505511214 2.3056982834478976 -1.8305431556824721 5.8501956838858344 -7.1484905756872621 0.6066915046848567 -10.2320057495909396 -1.8083080315600086 11.2688673693888948 9.8535391339307932 16.1564159486295189 -20.2114009893504658 3.3042942114801956 -11.8305806714010764 14.9517649895270885 -5.0880033252902850 7.1454258889667193
353.0000000000000000 0.4093370776589237 6.0000000000000000 10.0000000000000000 1.5883978943008268 -3.2396637218168460 3.7486655578437689 5.3031845329851564 1.5688457973584129 15.5024514964159295 2.6107271464780726 -3.4575174108005142 10.5001551293300590 4.1340257168724044 -8.7730068500421616 -7.3081427637144811 -1.2219746489802821 5.6690418044913837 11.2442395075739601 1.3825591112048246 -2.4815624559399336 1.6738203879938778 -5.3806056599002980 -1.1185522501931497 6.6159033427354270 11.7818964225926930 -22.2927262639117245 -8.4287473157200292 10.6733335054776219 14.8038804577541754 -1.3935922066989868 1.1462688031910879 15.2719013703692834 0.2987271318452948 -18.3896172170375145 0.0839316569048035 -0.3869370669451712 0.1684315254964618 1.3669369609488449 1.0115161232215142 -9.4684839751248049 6.8182247927531510 4.7199437914284434 -1.4322547843567495 -0.6518859942843152 -3.2892498691447010 -8.1119991997773901 2.0876390565006808 -1.1663379980417581 4.1878952267143701 -9.0490989170771243 1.4272345884897129 5.1310847136772404 -13.0662115753598869 -5.6160753096343372 9.8307246193005362 10.7436605392650026 8.6169680459246045 -0.4259307019133268 -10.6168588631038876 -5.0640577919794509 5.6299363619533835 -2.1592805783506783 4.9461474532108074 7.2750013971468936 -3.6976446428219290 4.1313116836492938 -1.1316396565276055 -12.4592264494775176 2.6323398497292199 -1.9382514032994613 5.8162704884663636 -7.0491015940564337 0.7216005982179492 -9.6416873425338778 -1.6390852521775476 11.3549413111716611 10.0229809841933903 17.6011514607634361 -19.7071191241317933 3.6048461946276040 -12.6000282621203183 15.5809150252600173 -5.5729564192802830 7.0672719327680271
354.0000000000000000 0.4076744907112793 6.0000000000000000 10.0000000000000000 1.5512069948200873 -2.8379050231071448 4.5906770349402484 5.2928089290683085 1.9247105108753002 15.8189037225824016 2.9607043748247039 -3.3227749393425707 9.7459867286215243 3.9201770947959447 -8.2945935384426477 -7.5592514639197894 -2.0340327896711634 5.1343001210824255 10.9120649266072665 1.5395511012799210 -1.9399658336640420 1.9411359582175178 -5.0932419037193490 -0.6588333910581735 6.5515012181668961 11.3234828584116496 -21.7079294903439752 -7.8323252119035658 10.3663818222114728 13.9236357124330539 -1.3618671936280657 0.1774148150668474 15.6316598290674484 0.3810771939436577 -18.2747972834971506 0.2742719333039252 -0.1427032054894092 -0.2337141054614737 1.8112665728545867 1.5073718841731210 -9.5441268514918907 6.6643132771701508 4.0882174124000867 -1.5961246269400837 -0.2902616693372588 -3.4932655160028383 -7.9920895657307351 1.8784166944270932 -2.1767351715089438 4.1514822953597879 -8.3528436890757209 1.1256572170941821 4.0341759832312407 -12.8817482060115971 -5.7805138204240967 10.3731880339885940 11.5810761608708823 8.7211813253681694 0.0635808738400689 -10.2758438636918079 -5.1852803127136511 5.0620301727134587 -2.1438949165862446 5.4524745620264961 6.9798975591585180 -2.8793372908401338 4.8431543939109618 -2.5386027242549920 -12.6433556179022446 2.3213507569772003 -1.8822068358005692 6.0779825682602482 -6.6280328952512004 1.2918603026899689 -10.6510807276167530 -1.6382781086351192 10.9999705659086082 9.4626300441948246 16.6669411483120768 -19.5145232007359155 3.7395929295355699 -11.5689846718399512 15.0403226909940244 -5.6608883109959747 6.7328106785233626
355.0000000000000000 0.4076244603934703 6.0000000000000000 10.0000000000000000 0.9434392362810605 -3.7820750396140297 4.0881451224712224 5.6934472077152032 1.7269241220748754 16.2383997919784058 2.3907893453482525 -3.2897944849714817 10.8058038916836043 4.0756561933958260 -8.1116178494308624 -7.8843884117883842 -1.6959199783829564 5.4297718251862230 11.0257807793326421 1.5754265241796794 -1.9081135172828005 1.7298497175300338 -5.5705848495807402 -0.1914629213101758 5.9716548887451948 11.6731126650379604 -21.8561370913197521 -7.9098695525709761 10.5782823998286464 14.1760321636125752 -1.5158269482729561 -0.1272794671941164 15.4849133238919112 0.3544567031999186 -18.5667779169511284 0.3928756083378143 -0.3907900439139710 -0.1711156000817981 1.6948192120605670 1.9424737996328227 -10.1308324177766984 6.7931660508291314 4.8949909295272835 -2.0397214862075099 -0.8131400934657034 -3.7471194338636011 -8.2895782376432567 1.9754800269058634 -2.3284883306080872 4.7968094987992771 -8.4042977156987941 0.5864189680299594 4.6862605374447144 -12.8776872281156383 -5.3195904224966650 9.7539511035394284 11.2118383683436331 8.9258495600425540 -0.0697998161675528 -11.2072377631878588 -5.1948212326016163 5.0724583138497836 -1.5409303556795526 5.2778677438950767 7.2243963914132214 -3.2826259533625679 4.7299570423201871 -2.2101237518899439 -12.4726674509457762 2.5817805942558647 -1.5045452611997170 5.9904771519926321 -6.1577441945528557 0.9843171813389273 -9.8061354963884781 -1.3024364194893185 10.9465886542940591 9.9546601074481202 16.2628776893486986 -19.9785275965352653 3.5959600580350259 -11.2835896843253742 15.2657696545541466 -5.1100145943460245 6.6037906147713832
356.0000000000000000 0.4076107401175419 6.0000000000000000 10.0000000000000000 0.9801912103666305 -3.5640982196267945 4.0899773223410509 5.8645211913572135 1.4066570793682431 15.0820923262754931 3.0262121969270450 -3.2876510886285319 11.1270681825733817 4.9426041696077077 -8.6196061670186328 -7.4212383430889970 -2.2504651646421863 6.0020038331419689 11.3201617964100247 1.3337205978650093 -1.8523923689879169 1.8075968124958985 -4.9171049011692594 -0.4714854482059933 6.7262924267638073 11.3924934294677804 -22.7051738927165800 -7.6556193119695504 10.6036745278061257 14.6158522620085680 -1.6627526552334200 1.0327098385118882 15.2316970873716055 0.3853977282979775 -19.0931862862336992 -0.3957128714095473 0.2468634579479645 -0.0386290137920691 1.6721128012342565 1.8638725653497059 -9.6669728367481440 7.2764610746788163 3.9075679645258798 -1.8503442327365653 -0.6394083274952378 -3.5508850345532568 -7.8706903543340374 1.8501693119458922 -2.5991125713355268 4.7705388212103070 -8.7325769794058914 0.4802652373951267 4.3890457898075033 -13.0583891657280518 -5.8027511169202555 10.3329610139457220 11.6309058213180538 9.5578138987066268 -0.3446316808469699 -11.2558080152121178 -5.2367476944647260 5.2961694156460597 -2.1312593307698262 5.0641241114267546 7.7564445932387951 -3.6731797908078074 4.6325735177045697 -2.6117862462084842 -12.8611902884667515 2.2647727236603936 -2.2549935976956652 4.9289460652577137 -6.6490341841246678 0.4820939568870536 -9.4562313555292281 -2.1577750093513153 10.7997676881849287 9.7089430246291926 16.9843551384658227 -20.3624849078141139 2.7862152189658351 -11.4812132174701933 15.7419289185472593 -4.9043727579549534 6.3121409754425342
357.0000000000000000 0.4077264387104976 6.0000000000000000 10.0000000000000000 1.6951968369221353 -3.5729569156933469 4.0876026877371858 5.7979732994110993 2.5407336262128606 16.2344237954850712 2.7100935286507406 -3.7962505863757423 10.9528434683383384 4.4127899761216716 -9.3410335315230490 -7.1393326188722792 -1.5324944569591634 6.0039704271799286 11.6842895557355817 1.7565096324350058 -2.0436857648665914 2.4582503414361510 -5.0627799519485146 -0.4234766532432381 6.6571366703190069 11.8483377452359786 -22.5545669003655860 -7.5330596330256592 10.7124046327414337 15.1143317251275775 -1.3451762945922539 0.4211655898515241 15.5116043231994176 0.8720841979436036 -18.3841750425491313 -0.6500545781025201 -0.3206690727008750 -0.1080986131818483 1.2522647734310719 1.0020723012852313 -9.7298927653404963 7.3913653536136339 4.5739153636008609 -1.4898334629506276 -0.9593355957435370 -3.5205712592712493 -7.8765144449601605 2.6138524823637819 -1.9548167491590120 4.8455108146163663 -8.6063832076473101 0.7728770664130572 4.3815645842985607 -13.4840183920550736 -4.8772972728690185 10.3213517919095938 11.4254472537291569 9.2557125705249899 -0.7426037799732064 -11.1333416569072767 -5.5901672030720206 4.3895507444005091 -1.6901633923319410 6.1478918985677158 7.6271710567437276 -2.8845981732833690 5.0166805727345736 -1.9421206477426223 -12.7595024438430311 2.4721018591104951 -1.5405027461652478 5.1860749910655333 -7.0332166466236750 0.5863019708629835 -10.2418360616321049 -1.5996629808948617 10.7095206748375524 9.9381673009002789 17.2775037426077560 -20.8030136334186864 3.7103713332333301 -12.1167170466538785 14.9933648038856564 -4.5419502539946981 6.8352976077826186
358.0000000000000000 0.4085554889499382 6.0000000000000000 10.0000000000000000 1.6916530787818806 -3.3167309439684916 4.2309138742429937 5.2524535005825941 2.1506608020452544 15.1686495828778014 2.9709539303034922 -3.2453309740446592 10.9666219658011954 5.1438544238680333 -9.0862693973986861 -7.2850300437485362 -1.5285055976520481 4.9071714786676131 10.8821968828380449 1.0250137071144090 -1.4420347664685003 1.6289385149496944 -5.5896214685622239 -0.1950730620391724 7.2065241605955119 11.6963362332862353 -22.1027653817620298 -6.8865034226575563 10.8314045592767858 14.9607915597187269 -1.9249639657087769 0.1923968977504243 15.8727156072665245 0.7177975742384239 -19.1341688438762709 0.0801417148558511 -0.8493967129821959 -0.3865099599211018 1.9872576618840150 2.2949519156578138 -9.5960603246340384 6.3718816926901152 4.1291493283470855 -1.7742186266690281 -1.3121873358626084 -3.6822842619991270 -7.8430193454577743 2.4360805609255469 -2.6742131144159429 4.9569458362886945 -8.4349979424560075 0.6121766927591353 4.2976160441689677 -12.8898181216299701 -4.3991480207829907 10.0797215771149524 11.6382366174358562 9.6042480309043690 -1.0766510325518373 -10.4604214368752206 -5.4110170222642360 4.3076757131710961 -1.9072537737230311 5.3288390240677215 7.1511330109016864 -3.2409567994175736 4.7753210261440886 -1.9667034737948816 -12.6251081641182488 2.1785719956493690 -1.8052135031457568 6.1995053505665361 -5.8465664666217663 1.0018134227212321 -10.1531947177364756 -1.5610400557858115 10.1508874127449555 9.8047046520614778 17.4317339227839732 -19.7004502046427206 4.0568867229446752 -11.5137766809357220 15.8294405482153078 -5.0157068446481619 7.0068209594237620
359.0000000000000000 0.4070602961432574 6.0000000000000000 10.0000000000000000 2.0566575099808748 -3.0234548266007599 4.5889921468270494 5.2474615943851983 1.6397268657064255 16.4825633398123514 3.0141233498470168 -2.9899231884049899 10.8496028907350244 5.1305711675450398 -8.1830264456429820 -7.4468487055319947 -1.2034910973822348 5.5114271347992894 11.6783760240445105 1.5841278597629334 -2.4228699543684660 1.2181643819075521 -4.9720992988530073 -0.4795395324055542 6.7881590943612116 11.6355959360508159 -22.6645805063501022 -7.0718039629781346 10.1377455183078897 14.3541922586946722 -0.9693586638035517 1.1665134565447097 15.2234826107271086 -0.2805909457089374 -18.7587445560997494 0.3691386168186226 -0.5008376058958168 -0.1506385541512447 1.7651844745806149 1.3051547573062716 -10.0759927841337067 7.4010322436678138 4.1089985695709759 -1.7035938628851104 -1.1942798510734147 -3.1950552894603841 -8.3742934905628541 2.1312665122254333 -1.8725205101083766 5.0535826991825825 -8.5380730738039077 1.0541866903987549 4.5496754128103731 -13.8073114476596324 -5.8698829815818447 9.8047229489605208 11.3149497854298584 9.6404534798833570 -0.3468284416321602 -10.6361395425193752 -5.6936236545126446 4.7503633500324547 -1.2901667121410076 5.3784018128709192 7.8996315353891147 -3.3771611236700045 4.7791927243965526 -2.1953168121221394 -13.2995221755404014 2.7585827797288349 -1.5370202782095477 5.4527923248856824 -6.4052650542395293 0.3092258052095171 -9.6924533721886572 -1.3996628983219239 11.0233009344696118 10.4746168244708286 17.2608093752109077 -20.6253578941032920 3.5437340631227237 -12.3125570579123611 15.3998216155181833 -5.0256556035340454 7.4571388697697927
360.0000000000000000 0.4080471626415645 6.0000000000000000 10.0000000000000000 1.5321579496359639 -3.4004419999763384 3.8765564004089770 5.3696059253268107 1.9457091732982239 15.7704619756261639 3.1681537823679027 -3.5287075348831873 10.8459373904452416 4.1814121139816196 -8.1804322099553737 -7.0654902949982032 -2.1005336231953642 5.4693139513523290 10.5672674660006525 1.3414748780444983 -1.1867589685527278 1.2651589716164555 -4.8374508663173517 -0.0660756817928986 5.9421254737612133 11.5208424060682262 -22.4668316746236094 -7.2572486074388607 10.2995049073228770 13.9587082186411013 -1.6486857755541595 1.0182200500310690 14.3721694274540130 0.7595707657227901 -18.7369231517647918 0.1527810519772174 -0.5705560014426079 -0.2679902137079205 1.9293330082205042 1.5347802561520227 -9.6132640878627935 6.6466043549759428 4.2102617603110621 -1.0621944037741078 -0.9084630494227278 -3.2843623999554881 -8.5275426799542462 2.1196047738128576 -3.6977813718101107 5.4923500810538890 -8.9528226426411397 1.9193976953565470 3.6514488087226216 -13.7706989260455810 -4.8290385067395443 10.3352368189162824 11.8035245304410914 9.3568389483346959 -0.6414528456717588 -10.4292885481967428 -5.2867636310321302 5.0029945090480732 -1.5711682539237120 5.1816647650662127 6.8568702012747380 -3.4783592320316044 4.6396514119532126 -2.1066543933046686 -12.3551308843386014 2.4410852193105153 -1.6449479889499550 5.0096411388500490 -6.3879731004569660 0.5125660673939215 -9.9359366829955089 -1.1792459495450907 10.1524030234835223 9.5042709005126724 17.1013187912171070 -19.8443529238401801 4.2475144490983547 -11.0362403156841200 15.4818908816998810 -4.9485599577650126 6.7758056724451929
361.0000000000000000 0.4084540086649059 6.0000000000000000 10.0000000000000000 1.3393162805882022 -3.4009394175155818 4.3166499932815983 5.5891318760443998 1.9185773553184544 16.3745464452794423 2.4681132463698594 -2.7722786807386659 10.9955598544540329 5.3574297497570766 -8.1559661009920763 -6.9827648368018496 -1.6939862488912680 5.2032983487988531 11.4579211208407656 1.5263958320539270 -2.1435047784251773 1.5427651119271355 -5.1266155972712388 -0.4474618950792336 5.9236524013409921 11.5240782388297944 -22.9178259612010251 -7.3547686974357687 10.4587865962309667 14.7290912375422796 -1.1906598663919059 0.6757581495659984 15.4389339024229706 -0.3774296418228262 -18.3865084103425609 0.6507912651723586 -0.6786828932156940 -0.9442619542542552 1.5406022973219606 1.0109821210937286 -9.5637562541628505 6.3023979573849704 3.9343922785792316 -1.6228771793006487 -0.7440565516290850 -3.9798940191718359 -9.3091269480691547 2.6342926595687208 -2.2755342939178500 4.6744318892339951 -9.5196281605293720 1.1802572812365555 4.7421779654531635 -13.8076288835260055 -5.3131345797057330 9.8170383683319979 12.5266456125410333 9.2027813011150421 -0.6110743708657425 -10.9410726190806642 -5.2221401805135379 5.0873235723382173 -1.8494428021678653 4.8072131485254816 6.8790793226978781 -3.4618313706085804 4.9448063505884940 -1.6420088094465677 -12.8086824290166454 2.5888179410352747 -1.5688539323414366 5.5938695079534160 -6.1211385503966715 0.9608215350745004 -9.5846557245241559 -1.1584299255639103 11.2279106354558333 9.6775260890217627 17.4856946255105079 -20.0340981884568095 3.3280044015613246 -12.5077175956730322 15.2739898815916213 -4.6560858761478201 7.4694105172261311
362.0000000000000000 0.4079428506132574 6.0000000000000000 10.0000000000000000 1.4180223921391815 -2.9995732840512348 4.0043712132686027 4.8988940742302782 1.2121374824561273 15.5688126705226573 3.5198326271144218 -3.0753378767325770 10.6359422347214014 5.5725766953918745 -8.5704244598389714 -7.1114139077790437 -1.8025053175425070 5.5628523256302875 11.0458229153842051 1.4601592062175406 -1.8674231686387364 1.9363105537778711 -4.8999285835601434 -1.9895823906482952 5.8031280654935342 11.9522544671735371 -22.3333425304013424 -6.8987275025538910 10.5117158352458606 14.1249449611516358 -1.0300659491858468 1.1408895583215091 14.5821983215442579 -0.3315117404143728 -18.4572873195791232 0.6819774799234044 -0.1326093834149778 -0.7043056421067652 1.7739591607089122 1.7244300925462133 -9.4914220564363170 6.7748454040206507 4.8960510878495533 -1.2341863323309508 -0.8365736636493059 -3.0643704486320624 -7.7225334137815249 2.7755898920804607 -1.8150515072898390 4.4800437838634259 -9.1270263595261429 1.0141973674197584 4.6704089603892394 -13.2812671809628373 -4.2490071991875809 10.1865144314628253 12.4090393765958371 8.6836229163983312 -0.2735294508297465 -10.2783024371571976 -6.0238590240218528 4.9288655128490308 -1.3573811067112800 6.3877842001061982 7.5226984796371967 -2.9906388667348316 4.5333300897211259 -1.9793737170943180 -12.6113819453880396 2.5580975580530119 -0.8664042096195349 5.4326045442845121 -6.7406529543204989 -0.0133838067869871 -9.4656392642582290 -2.0813430950875578 11.1248180554958758 9.7228374605883374 17.4922258410525124 -19.7807133980487286 3.3503922156761456 -11.6533897998730698 15.1670463101993391 -5.5161441345977913 6.9716421682780512
363.0000000000000000 0.4085762729685610 6.0000000000000000 10.0000000000000000 0.6779135917069260 -3.4897474533211112 4.6116382683027703 5.3958453160026822 2.1370516410700593 15.2081515770147657 3.1640642480542462 -2.8265087417264492 10.9140525111755622 4.7850005835068963 -8.7271785315515906 -7.3573401542084458 -1.9815422683391619 5.6130232044085879 11.6556450052376412 1.3721925583937014 -2.2435608041433412 1.1480146102889770 -5.2099714416387330 -0.8281967132221981 6.5404623718531116 11.7343078312293780 -22.8793267778259910 -8.0629966240242634 10.0913147474614462 14.2828953482204195 -1.7339450063681090 1.2047677075886631 15.0846069256508297 -0.0686227446283354 -19.6240886936463177 0.6063898183056138 -0.3069104344916008 -0.2608242010992701 1.6349882282068127 1.5198307938551392 -9.5009389530737778 6.7697080889486783 4.4645394436788175 -1.0725182288720911 -1.4638900835206980 -3.4310940042849025 -8.1938929913521719 2.7075063162081494 -2.8168535970717463 4.9875616278222541 -8.6891142566033004 0.4065473318147277 4.0996266214459309 -13.6958321199213469 -4.1642374719001625 10.2362821956040122 12.1228667680972322 9.2058849013629551 -0.7354980271825490 -10.6533451356193183 -5.6540809845931941 4.4371758232481966 -1.4006863317648817 5.8603133234141040 7.1986375138822432 -3.5563234684935856 5.5664718639726569 -2.3338683934887889 -12.9831404278561227 2.9901362084933534 -0.8459355081891307 4.9592246994462119 -6.9682411356371698 0.6977239421302277 -10.4154255405074672 -1.3858368955720659 10.6889368222260615 9.8833049359821104 17.3848562716842352 -20.6460568210057644 4.7982401554200234 -11.7494574708455595 14.9777290492708399 -4.8021818154353921 6.9646163883521490
364.0000000000000000 0.4068815043410062 6.0000000000000000 10.0000000000000000 0.5096407647694990 -3.0578740257071391 4.2059204983493306 5.7476567063372963 2.1704115322393900 15.8024555374731186 2.4845292285298921 -2.5906691770743016 10.5771192064262820 4.9336878144791303 -8.2473070857448043 -7.0866722874926786 -2.2337395328093388 5.3458889718362244 11.6315072778245110 1.8193870191516042 -1.3467413608386225 1.7320072711410355 -5.0908984732640912 -0.7639833636489378 6.6066049614272027 11.5285992050499466 -22.5054574187739789 -7.7604625386331216 10.4106210881734516 15.6707371682756662 -1.4014982257501349 1.0052160326363404 15.1722897518252271 0.3198364808928648 -18.9750467199849986 0.3338016767319905 -0.0706162675601641 0.4449567193101181 1.4106359167769265 1.8255582174621754 -9.4213162710168241 6.8487569437735232 3.7014422647486804 -1.0541281437235239 -1.6053905130394899 -4.2043116674227372 -7.9724284330521327 2.2890603944325334 -2.4459292261174861 4.3061477162404502 -9.4826443456379224 0.6022513696237288 4.1511179129279965 -13.3021705271688973 -4.9914124922484264 10.3561288911475327 11.6697583369487408 10.1320402656418782 -0.5068108156526404 -10.6270689531975098 -5.2595406980663366 4.7515286831243069 -2.1026694677507152 6.0021762036333968 7.5951521830017255 -4.0540458646454276 5.0304053991159083 -2.6356675596076613 -12.8428177783895112 2.7556319253284407 -0.4926262044201979 5.4650144955613031 -6.2501154912820622 -0.5496090790667288 -9.9702331353127125 -2.1129961867193892 10.1570928167883814 10.3435375414066115 17.8077255164994384 -20.0125151762685647 4.3227301371279001 -11.8557977465290136 14.6977403137075484 -5.1878228236580828 6.9556706046913135
365.0000000000000000 0.4074489790249100 6.0000000000000000 10.0000000000000000 1.1821214557004669 -3.0810994313092124 4.0099139050201158 5.2705398233466081 2.3754577474243574 16.4691757313608846 3.0545218931516382 -3.6473266015527770 11.0890015111115527 5.3066251654106029 -9.3944121037063653 -7.9561183502923072 -1.8064595037261952 4.8719451242510141 12.3415996674135471 1.7719677107956517 -1.1992671496375964 1.0611923242953996 -5.3555556571395160 -0.6576914346398626 7.5624178864425895 11.3696202501340391 -22.9156354297390799 -7.7564251403497977 10.2595029365112591 15.4624062923765297 -1.8471784212925684 0.3437783299828255 15.2481321425189265 0.1088611193333032 -19.0146956307925485 0.5624805780777437 -0.3562566644860089 -0.1419751115113272 1.1137988056275592 1.9753750756234061 -10.2074634187570386 6.4358967315523046 4.5106171460867799 -0.6651920435291678 -1.8400927317162541 -3.7024090359354123 -8.3431371444183924 3.0725107481373493 -2.8443600956696709 5.1759060326966511 -8.6241821259783311 0.8201161319503960 4.4249850835950584 -14.1017904563240961 -4.2947912344234069 10.7845412956577160 11.5852230208859019 9.6817670277090642 0.0251882906004267 -11.3881053566019066 -5.2811599390029444 4.8231469123657602 -1.7090004703949266 6.2736468349426273 7.5141447964073755 -3.0068718236548584 5.7652219143185324 -2.3672034151565069 -13.3323111888928771 3.3480395312230957 -1.3706919533176560 5.7648027734259584 -6.8686537973288111 0.3025990810601389 -9.8979129124355829 -2.2967186803698096 11.0683906971515515 10.4476041913393125 17.5062201348240514 -19.9428959132369137 4.1571062099359795 -12.0741446685366114 15.3698443860414695 -4.2123821656841489 6.6518573554617735
366.0000000000000000 0.4103431209803999 6.0000000000000000 10.0000000000000000 0.7794446631191779 -2.9788601561338948 4.4486225874885221 5.3689335150299167 2.4884238897880775 16.0902896910224449 2.5155971785543754 -2.4041151861676040 11.5338449152636908 4.9971519796955457 -8.8368173118882236 -7.4674955983036622 -2.0510833361248593 5.5267208766112130 11.6835645238641881 1.7538303925254304 -2.1446945076785680 1.4973541428393764 -5.1847966486705523 -0.8874411968892598 6.9784949589091507 11.9221098437649964 -21.9805054233333692 -7.7785514630846242 10.1708456921606842 15.7193637917508795 -1.4664328013913115 0.9343158045923672 15.6429798072599411 -0.2951832483830599 -19.2898356884294415 0.4197244384470198 0.1255544761609532 -0.3116987401621217 2.0578574538918546 1.5427683085362716 -10.0996567966022397 6.8180392290641256 4.0827872478916332 -0.6856839535600097 -0.9771770496996888 -3.7459964421272414 -8.3458575148480847 2.2494983959742592 -2.3107908175276290 5.7043392865315994 -8.4212907291624042 0.4537316766820973 4.6371094620994882 -13.7501713418840392 -4.0147014492106310 10.2902526995155448 11.8767083698116469 10.1181713905317050 -1.3357355942175051 -10.8040350036024506 -5.7824525486546872 4.9897501443661669 -2.0223299923235434 6.1672046584878837 7.3208619449711874 -3.8177953379284202 5.1727006334928873 -2.1116925758211318 -13.6096714023716565 3.1605500116743959 -1.0932648478089355 4.4200504305456239 -5.9007845687433456 0.0219445979087011 -9.7987386574442059 -1.7709706287738729 11.0350063001498508 9.7389033395768543 18.0793667868734218 -19.9895668948887995 4.1150427708452533 -12.1944143550606139 14.4657405968273522 -4.6971595769318988 6.6044211906521486
367.0000000000000000 0.4100689326532299 6.0000000000000000 10.0000000000000000 0.9742794492344991 -2.9380743833283152 4.3470618790560502 4.8851138324749002 2.3548055587071688 15.7623865368729295 3.1057288468129718 -3.3847938367005246 10.9033473040463349 4.9252779544504950 -9.0913076871566307 -7.4856087459122236 -1.9730425635829940 5.1273142343234843 12.0867434233617335 1.4329731871095770 -2.4613288515478993 2.2331622995015046 -5.3476794802984777 -0.6417453640501228 6.1772761214406575 11.4652888466978649 -22.5476492441772045 -7.9912409954956640 9.9821980327621844 15.1222656815789698 -2.1105204538869300 0.9095596579735548 15.5001257335058362 -0.6036303004425937 -18.7223884560718119 0.9909386369345573 -0.5750996966897681 -0.2758211340235753 1.0445651852935063 1.9510130897896965 -10.4046536490178596 6.4131825468562367 4.4908049774148289 -1.3482685408673487 -0.9618766510284387 -3.6093781113082941 -8.9479886054372511 2.6254075980502325 -2.2916067949044190 5.4230789212784725 -9.0242802878459951 1.0524826527619286 4.1967608020811102 -13.6910541120232292 -4.0884084116258261 10.2584060639163894 11.4314783802808737 8.9504190865193518 -0.7084636920046160 -11.1689694478482977 -5.6291208420766701 5.0001499572147994 -1.2146097454714049 5.1197490748396781 7.1595299770650369 -3.3257430781187738 5.1374893235739005 -2.2337266727241740 -12.9173590686912991 2.5985292071625654 -1.6399591180554722 5.3311907458231849 -6.2724061156392912 -0.3727572471659273 -10.1225232367618929 -1.2287400861825071 11.0183753960059185 9.5184222235906315 18.0975109066642474 -19.6050009934514478 4.2059721842665283 -11.7738612031392069 14.6401836032674186 -4.0355575354288931 7.0601531755133706
368.0000000000000000 0.4104994266992544 6.0000000000000000 10.0000000000000000 1.1156989377097015 -2.4027494294722200 4.0597159843867194 5.6626276409355585 2.0098336370053969 15.7191501578169319 2.3825228010210822 -2.8901149340317613 11.3044706626546851 5.1022987460683362 -8.4623050030785976 -7.9905280135009900 -1.6915285361150929 5.3034286528381704 11.8947702113031877 1.1805983430215368 -2.0456914702575482 2.3947953863624116 -5.4561106296689488 -0.9823847513615753 6.4326984883642613 11.6741331713081848 -22.3808423721948877 -7.9667531529160440 10.9011645923046405 15.6822774860026417 -1.4574816345751305 1.1062909216556815 15.6259001186710336 0.1583857290370063 -18.3826632720649350 0.6414391328505512 0.2566407555420128 0.0832871971513821 1.7890454486507457 1.4855459675893745 -9.9451600846892472 6.9539180782875496 4.1613453086630248 -1.8983345603993587 -1.0901764935792060 -3.3058428507864557 -8.5310047190243807 2.8467419095855839 -2.1419712846256966 5.1523302167169849 -8.7713892566641150 0.3431998660186958 4.1906996553227946 -14.1983567585687442 -4.2083674188015854 10.1012918467481843 11.6167792476189060 9.4249447197740501 -1.0680131183443555 -10.9820642820548908 -5.6240013332445962 5.0613114884502197 -1.6940137861381059 5.6227016118437820 7.6445421240373639 -3.5674683189054952 4.3791612720528938 -2.5584941276550888 -13.3359064194078520 3.0534472837422708 -1.3848123362276705 4.7183294721101028 -5.9183189600204464 -0.5622234155641084 -10.1446942827846183 -1.6847114005824926 11.0042275714461155 9.4325773403936832 17.3291151289408418 -20.1353932205268151 4.1544788412119287 -12.5632959687255941 15.0857931117448842 -5.0675862946934389 6.8786463231424122
369.0000000000000000 0.4089486164895642 6.0000000000000000 10.0000000000000000 0.7857197021401737 -3.5217620705721542 3.8576886569942226 5.1688511616439881 2.0170525119773233 16.2233030151791588 3.5324821972108595 -2.8627921629993933 11.2816916015753872 4.7898001939551103 -8.4789816004389262 -6.7055920519388144 -1.7777263419964333 5.3051046106896198 12.3280784117900435 1.6424990304604761 -2.0664657442057743 1.8139657754880911 -5.2744359449319571 -1.3321233612887668 6.4656959369264806 11.3543787239522018 -22.2014526817124569 -7.7068555544689339 10.0420758426039978 15.2161838501802151 -1.7042915697106455 1.0076023886688501 15.0964585172883918 -0.5226870520221164 -18.5732948393549115 0.9331536970263896 -0.1152337146398540 -0.0189849783777769 1.0420107562374596 1.5914584097118143 -10.0640035308461133 6.4709178957812030 4.3011919963939533 -1.1569352954548104 -1.1923264825322490 -3.5968794716132866 -7.9339535147238927 2.3769563973573518 -1.9171456856283267 5.5348408775863440 -9.1813007974227823 1.1973669559666937 3.8963669802367606 -13.9811476222367546 -4.7232358882063039 10.2291431033674520 11.8278944478693617 8.8956588070852511 -0.5086914002181737 -10.4259293951081631 -5.2980293524643614 4.2782144237219866 -1.7186181697298688 4.9822430422573136 7.6110130983710551 -3.3027596496026002 4.8668119825016243 -2.5938603168837688 -13.2727103075584232 2.8368298982519886 -1.6257413672351775 5.6018364787206121 -6.6201981905162874 -0.8623812146344707 -9.5175970294799246 -0.9663545298137435 10.3462968697524342 10.0626610833268781 18.0301546950791298 -20.3115688099891187 3.3154579687468351 -11.8326070316536800 14.9545238743357185 -4.3774124475369955 7.1362195684878031
370.0000000000000000 0.4084887613415141 6.0000000000000000 10.0000000000000000 0.8552237911643387 -3.6143562997140490 4.2759156251448918 5.4095504054171357 1.8273935010011397 15.7550831804858600 2.8581977116458526 -3.4972080401062464 10.9654824202273335 5.4462192865166736 -8.4899874256265697 -6.8494246578793048 -1.9193714288281860 5.7740582380086538 11.8607404118184885 1.6316813160944410 -2.1283494438214534 2.3298427107895989 -6.4603032112373553 -1.3150511448522302 6.4757111133913581 10.9823795400057360 -23.4351654374441551 -8.5846152873570478 10.3676319633787770 15.1163543692502333 -2.3257955990544290 0.9389801228615126 16.4535995998017164 -0.2319770922250272 -19.6801334984776233 0.8704098736129412 -0.1727270749398875 -0.1761595246018524 1.1914957516357230 1.5071668953940585 -10.3893220494185545 6.5322026164359217 4.7245177693681608 -1.2463619619757631 -1.6012808116998283 -3.0738625673141886 -8.4406274770917218 2.3941859968413399 -2.6854119702685706 6.2840369423280427 -9.3730639797800119 1.0518398052791200 4.1592170951595664 -14.3095729038779087 -4.8843400481885855 10.8434244320673940 12.3396471465650723 8.5980864077428922 -0.6714026455140768 -11.1593862276181977 -6.5946103658090003 4.3061029509837701 -1.5314652980081009 4.8748408632942892 7.9032016724785459 -2.9376807625285517 4.9123426119148847 -2.3378394330061401 -12.8922927536255720 2.6583285744486114 -1.7923845892008019 5.3808631913902323 -6.6770967675310136 -0.7735812963398738 -9.9020096533406594 -1.7173718621386909 11.0265014877176597 9.9526459732666286 18.6525408721096575 -20.7590854082479552 4.0534468857660020 -12.6565202690388414 15.4733737466909798 -5.1364538865234604 7.2941771051611211
371.0000000000000000 0.4078966960469402 6.0000000000000000 10.0000000000000000 0.9017847778088443 -3.7954118025758103 4.7739630093408500 5.5543618923827438 1.5530413496514885 15.5663793763464735 3.0087839550357187 -2.6838185476418568 11.0976661990221430 4.4760813922724791 -9.0072408859025010 -7.9706450937820392 -1.5910702493106745 5.5048062195248493 12.1834652711325422 1.4364304790667970 -2.3725210568721335 1.9479461155995539 -5.6334983862494799 -1.6413472937567801 5.9015677510218403 11.8192255073028125 -23.0758003513030658 -7.8717470789590491 9.8723160110435746 15.0070340412085841 -1.9256097415424094 1.3771643085108587 15.5523021827075674 -0.4249167879236598 -19.1898047174341393 0.8442596040771984 -0.4759279840387799 -0.0655364156573392 1.4637716661090461 2.0493000314320473 -10.6470047890455426 5.9445234056837837 4.6758708894534555 -1.6429023413547232 -1.0016821513662713 -3.0708470994770356 -8.3972443551552516 2.9764072502630223 -2.4218512218880917 5.7240183989260514 -8.9384793396103071 1.6909104557088925 4.3477052795476681 -13.5596313106415849 -4.7240548771322963 10.1750938844643954 11.7993800964201974 8.6030514791878989 -0.5155388089339513 -11.3609966564322118 -5.9440082794497648 4.5002118454946132 -2.4192145149756303 5.3931792115743429 7.6592366130439560 -3.1295623036219991 4.9847616947157585 -2.3383115491705442 -13.6005168361043705 2.2367975904873854 -1.2551497055090151 4.9695221228495345 -6.6200594101975119 -0.0513737145261415 -8.7115711135216465 -1.5162115591554068 11.1528392752810905 9.7471582584289322 18.1552666126354154 -19.6888288993270280 3.2118565040476392 -11.7881461209103513 14.8027641588874541 -5.0090771301620682 7.2737568725716129
372.0000000000000000 0.4077339381881095 6.0000000000000000 10.0000000000000000 1.5286441723719748 -3.3776938356783526 4.5346713225588138 5.9257436281952280 1.2587035330164591 16.4822228247034808 3.1973914636013236 -2.8764933720132602 11.2244371558937317 4.9130548971834838 -9.0423110128539275 -7.0100687235756434 -2.2691227827384641 5.9292747468575611 11.5093410655338548 1.1956075754206794 -1.5401542063883782 1.6925571830901587 -5.8145288294299613 -1.3698605139771323 6.2835248286434364 12.3723693527845011 -23.6482746898490852 -7.7844286478566618 10.8036357504379161 15.1200854767591881 -1.8290654194203306 1.4729141831673807 15.4516413862302215 -0.0576664187862737 -19.2805620021125677 0.7658913868215178 -0.0286907180391044 0.1205868326169800 1.7681954754088112 1.5430744764574760 -10.8208556328597751 6.9323678156701334 4.8079208085164069 -1.3757891198133305 -1.4688710759820658 -2.8265185574060587 -8.6302602552740098 2.9736229850304317 -2.0663035860154140 5.9669151076476030 -8.6725610039406540 0.5950680966069444 4.1720827775783986 -14.1140853896099188 -4.3166251977074142 9.9967511460386973 11.7976745520654269 8.6427322215760913 -0.7705519308559718 -11.4404296718793095 -5.9940380753511029 4.0721846172146412 -1.8208427942587819 5.2515185417263481 7.2108765056819486 -3.2032700035227641 4.8114549254060304 -2.4604077252309593 -13.1982993117735763 3.0050175955544276 -1.2509539784728889 5.1825973061947233 -6.4261010421952216 -1.1055304531547359 -9.4479066760113142 -1.5679913538338972 11.0990535311970344 9.8758129645484392 18.7721984082021009 -20.7934666770033978 4.2402380154939499 -12.1441987438788388 14.6693260538624539 -4.5882534238709480 7.6051675492836104
373.0000000000000000 0.4080595180938583 6.0000000000000000 10.0000000000000000 1.1233329354262449 -3.4353978239965377 4.2850337858078138 4.9370570344748339 1.6045197502863222 15.1706255138042003 3.0834067811355541 -3.3496920812866766 10.7066959613841739 5.3725380241158396 -8.7535261157170332 -7.2390036538780693 -2.0233511393477466 5.2917844113533139 11.7979907207705672 1.0194240414891416 -2.1641736185926730 2.2565195393308977 -5.8526267194215871 -0.5479048098096176 6.4096965876545511 11.4289621455215826 -23.0947016171110882 -7.0548138156535387 10.3741530924573286 14.8855809540070698 -1.6543981681904070 1.1299105227836495 15.3019727624847661 -1.0526074619276105 -18.9154871095634078 1.1745954673120111 0.3440546555359283 0.1166941104457940 1.1080852460252060 2.0755184629884731 -10.3652577317564027 5.8115093648709673 4.7166577366464635 -1.4208500657989709 -1.1988627120906568 -3.3048377079492464 -8.4708555896205144 2.8429779576942646 -1.7488030536947552 6.3104487533168605 -8.3871530608102329 0.9502568946598871 4.0635248570778693 -13.4688059281130865 -3.8408165798199274 10.4027946523316857 11.9856475034513448 8.8623318930884185 0.1835259310672736 -10.7149858879172903 -5.7206530319843774 4.0237637952875707 -1.4385473160688123 4.8039935907065923 7.1068771475749735 -3.5455004096529565 5.1908322105194911 -2.4594690899801530 -12.6535929222144183 2.2701664234379115 -1.5431183695761053 5.4343143987146174 -6.5819997276742068 -0.2079693048146883 -8.9220439139473591 -1.4413349946216554 10.7636888453790291 9.5460439448885115 18.0418792952037883 -19.6539957346856511 3.3750041673373423 -12.6881881664589731 14.9992117963553699 -4.1962229419501051 6.8846346032710812
374.0000000000000000 0.4077987435464275 6.0000000000000000 10.0000000000000000 1.1874465357213344 -3.1010669994709166 4.5029818173306548 5.6072687014491853 1.8528014587325732 16.0122895089488217 3.0256974519401370 -2.9436253078443264 11.0648795384339778 4.6152250716228025 -9.3188280347536683 -7.0607853505794482 -2.7692877129673175 5.4217160018031558 11.8154221789263367 1.1061465293524899 -1.9226805645942391 2.4785191202321930 -5.9975086368238211 -1.1815912054095450 6.2261226665052032 12.5358226093004959 -23.0036578096821636 -7.5439574696968483 10.5650759607776799 15.2925522497864019 -1.3145558038790703 1.5225091124388137 15.7936361017775688 -0.6318086955085028 -18.3194643095278593 0.9862118248912882 0.1095831550153357 0.3336430338831556 1.4624990158942102 1.6983970019939878 -10.0015028937867285 6.4254300341251671 4.9267609899498268 -1.3722473714755949 -1.9681837847726888 -3.6997001408881629 -9.0211938190268111 2.1550783329071530 -1.9987032709176396 5.9443202930279657 -8.9165202496252451 0.9280913052830021 4.4133593229774988 -13.9922496606233935 -4.5121000621739205 10.6700784460160722 11.8885652599310383 8.9805726730362121 -0.4642762482947933 -10.6135607825257097 -5.9759579984312845 5.2147170252870527 -1.4092934662967107 6.0040486594051918 7.0573297291790551 -2.9836979653837172 5.3424259511937109 -2.5924535015460455 -13.0659468853792635 3.0268031744914605 -0.9393753471296069 5.2980867495460986 -7.0096549104270984 -0.6369133141556308 -9.3744704667480043 -1.4072468370313884 11.3290673122781591 9.8506026986411914 18.4505169454550213 -20.5130351514368705 3.5498052969116038 -12.4544265080915704 14.8316729328994565 -4.4777114523846775 7.3910127531842811
375.0000000000000000 0.4074164047829978 6.0000000000000000 10.0000000000000000 0.9511494111633523 -3.7994258849392555 4.1700090743889824 5.5773210143912193 1.8757399589757309 16.0137747026744357 2.9084660421459199 -3.0650722363433234 11.0074767696673916 5.0029626724167997 -8.9445146653810763 -7.1873486639600781 -2.4457613857596257 5.6834198765937893 12.0368244405089744 1.3319323804146039 -1.7132116400838617 2.0829188053314192 -5.6946913451634797 -0.9965783819916675 6.2046837033332141 12.5995736605349649 -22.8207670512278717 -8.2194736678521174 10.7670299470781998 16.2136594523996180 -1.7468992838245545 0.5211342405012986 15.6396410660382585 -0.6558916538263527 -18.4137713388862210 0.7942050241917412 0.5574115615693291 0.6481254662502023 1.1117485691059745 1.7481152945486278 -10.5546367913035883 6.6078480400650061 4.3472907786113035 -1.4422497628811117 -1.7406108164524272 -3.6285861440476381 -8.7944382964626850 2.3448561980131801 -1.9636218169978377 6.7073354912740104 -8.9851402690814037 0.7591980546015726 4.4958745115329073 -14.6285698961834676 -4.3869753127148865 10.5228046131140935 12.0404326671010100 9.4412505157301894 -0.8083940636851863 -10.4593078139476638 -5.9614735363986364 3.9150168437417969 -2.0143271246575560 4.9707647279659399 7.9055849922281656 -3.9595121357239642 4.6927700076402559 -2.3402794190625347 -12.9971475147098214 2.3420241615433368 -0.7499432749222550 5.8043775071448236 -6.7692769580070644 -1.2782808766658651 -8.7585720914811098 -1.4133621745973728 10.6978663481284251 10.0932782103231258 18.1269775642710549 -20.1380817301477322 4.0013172631169036 -12.3641450505986921 14.5253486196914690 -4.2398050763700947 6.7859566478473514
376.0000000000000000 0.4071614833258734 6.0000000000000000 10.0000000000000000 0.9391229007499544 -4.3355957225272377 4.0801220830155627 5.4371264565308737 1.6988302811905893 16.1032019342879167 2.7437608631130033 -3.2770591856680915 10.9353232566598297 4.8567190996594123 -9.0314511490790697 -6.9034317466332835 -2.5773065813565781 5.7933489570846897 12.0085150085077679 1.1512048270867128 -2.4103269694315363 2.3435916460558395 -5.4478934965016341 -1.2823876302120234 5.8323447609152188 12.2126003951693729 -22.5235723679756603 -8.4886819508432847 10.6753697732674464 15.4864144761830360 -1.4137836411678459 0.7971969939808854 15.9957732994403603 -0.9256490663628223 -17.9935971721091192 0.6761628387121268 0.3952364222187038 0.7070083593974152 1.4368886071888751 1.6190797648613704 -9.5810394503414571 6.9264005308200769 4.1267990153337850 -1.3301782786496039 -1.7802271466876889 -4.2369474080074321 -9.0995857393352058 2.7373462126581209 -2.0422283671392307 5.8084335576693471 -9.0660596764997656 0.9450069965805816 5.1695920801256534 -14.1587849207335630 -5.1580689624283274 10.9776341704435918 12.1344405766905172 8.2583678769636375 -0.0637207959442752 -10.1137998834805369 -5.9132069800604485 4.4170480127052656 -1.6235750533951272 5.2281767693352243 8.4996091092455863 -3.5471173929549438 4.8240233817162199 -2.1765472187103003 -13.3274956507296825 3.0407701448282198 -0.7944945540221882 5.1109571703276213 -6.4756535612058270 -0.5964414095666235 -8.9233441447878548 -0.7739203715215901 10.2813588689325304 10.5008217610212888 16.9204629016817343 -19.8511560504063276 3.6376244027811779 -12.6292885035773352 15.5280016606639890 -4.1140529396642540 7.0953846349765968
377.0000000000000000 0.4069447840456863 6.0000000000000000 10.0000000000000000 1.1666074447553678 -3.7184225657146333 4.6966393496385592 5.6844553560377200 1.3934396421840196 16.6535228470743419 3.2605623677266760 -3.6365641536686417 10.8283233647891297 4.7600661755432530 -8.9147941610011898 -7.0498945218326137 -2.5257418957197055 6.0540511903923262 11.8448095833065228 1.0106090699580841 -1.9404352739862072 2.5189521691459573 -6.0625478423678150 -0.8916469875178992 5.5289526356091185 11.9164209360960278 -22.5926957361412697 -8.3991937215357826 10.4410812064087946 15.2448210205594545 -1.4866307991716836 0.9202632549568417 16.0799394662911794 -0.6182437825331595 -19.3039987343400448 0.8870576735761629 0.1654273897160982 0.4963455097435589 1.4288123514954241 1.6175228050456338 -10.8702380583313278 7.1555605172142656 4.4040371974389156 -1.2902298324474808 -1.3883974168803466 -3.3849548460312531 -8.7900227678062528 3.2127247408127211 -1.8838454089600698 6.1377069085416993 -9.5044334950474045 0.6931052469285595 5.0130036210211175 -14.8958889820549416 -5.0033158481857267 10.9258820503229419 10.9495810355695475 8.5470886355927096 0.1197165432807431 -10.6877548728867922 -5.7453828623582233 4.3016452642831728 -1.8253509819388403 5.3913586699229477 7.5296868069900258 -3.3035253780274232 5.0634797534339686 -2.5306854945736510 -13.0306438843094750 3.0475853937099244 -1.1530132462032301 5.3821465650667895 -6.4258225266282913 -1.4239480141487992 -8.8859926608053570 -1.3174059360027059 10.3145906894889183 10.3884521289360698 16.9975820951731080 -20.3409316934854694 3.7019109790643783 -12.6571423131307572 14.1842311730938917 -3.8728189847445611 8.0794274189129602
378.0000000000000000 0.4080411119194823 6.0000000000000000 10.0000000000000000 1.1738264594634931 -3.1329663312923657 4.0078212419067105 5.6865056260876319 1.9580241714808115 16.4524594798217549 2.4617254505096193 -3.4703068170894409 10.9370156076242875 4.6399769160337483 -9.7599591231432878 -6.9976722124069202 -2.5402739110901225 6.3621385721629213 12.1072902051417746 1.2012816073153187 -2.2660560432636552 2.3883991661234205 -5.9214956595485342 -1.4141808270734004 5.2732187456530202 12.6452640748644498 -22.8051654651880149 -7.8621495154106418 10.9712656535917397 15.6283371342598141 -1.3220721863227869 1.4808120308808199 15.7430521907103422 -1.0178204393111820 -18.9565805280799395 1.3362788062774205 0.1478748246360738 -0.1793384033416625 1.5042163377634810 1.3278528599055561 -10.9453413405125861 7.2422776176158079 4.4726563539722974 -1.1745864079026569 -1.5660003459923220 -3.7504144645504738 -9.1288527134022921 3.4412787073558082 -1.6231373499838710 6.4858487716870075 -9.9019473091493921 0.6809394647079408 4.8144386733191382 -14.7962555146289123 -4.6132811428570264 10.2719672800220021 11.0854904179981375 8.6133995331570965 -0.6146954344860781 -11.2402449166561560 -5.2980422984648756 4.7530039555608150 -2.2690761460992430 5.1256189590198247 7.7325245242132299 -3.8256329791282644 4.6629362493638427 -2.7319983381523341 -13.2612229482978030 3.2260066467029849 -0.5493077801168620 5.5406752387938312 -6.8498939657670288 -1.1406788060637669 -8.9037477970025218 -1.0730457373106754 10.6734088554205204 10.2826253959073757 17.2296124637941688 -20.4827807168788887 3.9235200123323386 -12.8955194846115919 14.8089922781260288 -4.8807848974947143 7.3039707528140232
379.0000000000000000 0.4074260001847993 6.0000000000000000 10.0000000000000000 1.8858271914729199 -3.1685367304662884 4.6817462920201187 5.1668305957686425 1.8000690877602177 16.3050175684015990 2.1017457375092552 -2.9946417535736201 11.2818503353224102 5.3601442273932074 -9.7404478798048117 -6.8890082328825581 -2.6330207687034393 5.8121929481379402 11.2954912565935111 1.1813726055347775 -2.3610120560219774 2.9833957573767753 -5.5226608137789492 -0.8698078995560035 5.3244934741030381 11.9329849809672375 -21.9608014086906813 -7.8296103819226897 10.7369179480054147 15.5306876127145248 -1.4787216228748759 1.5759052977527519 15.5793734864217122 -0.8899957787532529 -18.9339719023620177 1.2328399450837775 0.6632891327521501 0.3229823273998858 1.7150667652968463 1.2039735142340586 -10.2317518787215551 7.7693461459367601 3.8147190513197362 -1.3852002734656004 -1.9827071569772157 -3.5465811992495593 -9.0456862113790084 3.2659369728922196 -1.6077176859949529 5.8727466192927862 -9.3701469319783168 1.0566728835213339 4.5666207368017959 -14.8688343888119263 -4.6169481686654725 10.3434723391296597 11.5952893439638469 8.8385591952101432 -0.7152640916207385 -10.5495971463380585 -5.4005071635672479 4.5594965101014848 -2.1318894540713123 5.0949294485064902 6.9629081741300975 -3.8248131220482984 4.6665237434429772 -2.4576753306320795 -12.8600051549720664 2.7859164900354036 -0.9951610646115248 4.6194092475985702 -6.0757239120902584 -1.4301982176159360 -9.3879095807228943 -0.9267690413587781 10.5578258207025861 9.6865978173216938 17.7041726773588799 -19.3432552237265973 4.2730139649870083 -13.5046375086215580 14.5398566841284644 -4.3737751054911174 7.5816961256732149
380.0000000000000000 0.4076192646273971 6.0000000000000000 10.0000000000000000 1.5234686241797535 -3.1274226493978050 4.1270430774527211 4.8285696929845949 1.8707067770325709 16.5544837874344353 2.5208681152807983 -3.6410067938232364 10.6943735942907487 5.2916264205664651 -9.2378489917122888 -7.0449358251805725 -2.8174956207798521 5.5420378733595568 11.1116477095235702 1.6266264815856013 -2.7154678803920285 2.7839095947096997 -5.1980513156746291 -1.0305515253519180 5.1668954251920454 11.7999917841412483 -22.7154580858554098 -7.8269311195801006 10.6581765049722090 15.3175797640598468 -1.1083975232630705 0.7622052097896416 16.1077681753845425 -1.6197555503504357 -18.4026887599631124 0.6869296509801031 0.9139192098979545 0.1545696382841156 1.8202374655498834 1.1447175530810472 -9.8390828995725048 6.2803944585582290 3.7519819330173334 -1.3397416848394370 -2.1784021751649050 -3.6232222904170679 -8.8785008569968884 3.5547816241029517 -1.4343209832138248 6.1615241942972760 -8.4007151558883990 1.0652044913973004 5.2274989986350233 -14.9138639830529360 -3.6281947566702848 10.7028562612888045 11.4545993816484586 9.0499649454799247 0.0972115581954763 -10.9037470499826004 -5.3460361018761064 4.3541525944737485 -1.9345324073471295 5.3485446120745097 7.6376234469876403 -3.4560340187689924 4.6391704577565633 -2.4477050633761892 -12.8394453126801888 3.3982510608727523 -0.7618528890968678 5.5176673552514321 -6.6836852595453040 -1.2387856524008725 -9.6073439853658584 -1.5206478700301340 10.4421329379637857 10.2355262055287461 17.4481139910354912 -19.4473217169721373 3.8838052180023581 -12.8026630174903531 14.7362408460242644 -4.0269818895813829 7.5112006494697985
381.0000000000000000 0.4074958613107388 6.0000000000000000 10.0000000000000000 1.1207933143541737 -3.8608855658082097 4.3810442166810013 5.7337542817288769 2.1548938054101305 16.7356774552670338 3.3711755897043716 -3.0653391005625203 10.9353624818355719 4.9163867481430534 -9.3191371509334804 -7.1511767243550404 -2.9723311595388893 5.9051862808734166 11.7155976334533101 0.7571687955224204 -2.3576657625294914 3.0956482235736500 -5.7307220569102277 -0.6035029451709627 4.9838458532127978 12.5502949064114588 -22.9994224778586194 -8.0365261502982932 10.3973250454365704 15.0351922939189873 -1.5798370704938447 1.5863318728370441 15.9296208944609390 -0.7090508720121375 -18.3296253303468966 0.7619484443167674 0.4220688196245774 0.4706872604534938 1.4727895994114011 1.6968539819885153 -10.4671781300694988 6.6121830737618739 4.0768985214409454 -1.2337569770402463 -1.8389300774729682 -3.5434335603464868 -9.5307798023390049 3.5875650651825688 -2.0869077905022864 6.1147718657047472 -8.8432653224745135 0.7988339909976826 5.1536378856532163 -15.0132979527107082 -4.1796517770083543 11.1511707229643218 11.1524439352905471 9.1896420239150149 0.0008430924057327 -10.7914619219909476 -4.6791334805606164 4.4105259551670075 -2.5195153809068658 5.5209577339134368 7.2640534213182359 -3.1131743252105424 4.9069299867459204 -2.1403718025112912 -13.0876704095883429 3.4378309036961632 -0.8440478321871887 5.0453566756245252 -6.7886262990522885 -0.7249457125393839 -9.3744361330131678 -1.3094254449594633 10.5449203024510290 9.9824257443317261 18.3983277526716513 -19.8666328663061869 4.6909398570542473 -13.5256064836631023 14.4272826979532649 -3.9287618104505269 7.6385466334035730
382.0000000000000000 0.4075551607399506 6.0000000000000000 10.0000000000000000 1.9015886817504875 -3.0772767341467704 4.3456251827034365 6.1998332113755996 1.7506364012924442 16.4411725044407042 3.2219396315573028 -3.1904864076682533 11.3597816341810045 5.2305104469428807 -9.9408696572590074 -6.9610604034797747 -2.4050619023471369 5.5438424506973920 11.7309684322602248 0.6259079713881264 -3.0512694134861640 2.4873579861405442 -5.8584677769165081 -0.2666716044612322 4.6427573641000208 12.8525585688997612 -23.6124164827938756 -8.2167103257480232 10.9870424785433514 15.4040875795722645 -1.7250534021095942 1.6518576608281308 15.8934299661865666 -1.5541738397411928 -18.8151161197796881 0.7552118492039224 0.6467785874198022 0.0740191164890502 1.7193896627737999 1.2945545396655085 -10.0662280324400033 7.0760757399308902 4.7866673252505567 -1.5169736908506850 -2.0023935353781255 -3.7255053174224404 -8.6874971027778400 2.8938429362331251 -2.1432562065932044 6.3887248689159710 -9.4102486290210319 1.3592884519406447 5.4462466116770791 -14.4504899237828006 -5.4697612425844273 10.4203621602006304 12.0400457816265636 8.5720604174858988 -0.2484175670684501 -11.2042421377065722 -5.0274792354018576 4.1490609529723974 -1.9385500898590409 5.1426289473340825 7.0098569870219913 -3.4140586108811397 4.5161254465373784 -2.0772545864874807 -13.3328751255917339 3.3924387451981595 -1.1759452884871189 5.2861501255832604 -6.6013794644268486 -0.2267602263599003 -9.5790995787195001 -1.2891414892096726 10.9895641987533672 10.7221385777076961 18.1532079641492601 -20.7322963297633436 4.0408895793256798 -13.5935999902346918 15.7200985726512013 -4.2298807690725635 7.3744184720356376
383.0000000000000000 0.4083071028951965 6.0000000000000000 10.0000000000000000 1.7173304754414063 -3.0941993260057181 4.9568421122271085 5.7417375073166932 2.3077228665851353 16.8937838976863333 3.1241428752282472 -3.4555061477735158 11.6125904294605302 5.4590171015396667 -9.6857518849947404 -7.6784965275512436 -2.3224096776858043 6.1845151985710132 11.5248836690768215 0.4965074635709126 -2.7837206212373737 2.8764154563299678 -5.6239232652843620 -0.7106984636766377 5.1863119765459498 12.9464558480652716 -24.2927089515431014 -9.0629620042109202 10.5804411104760394 15.4985307649622790 -1.0553616645283153 0.9334333450677432 15.9892530760673921 -0.5405009990528920 -19.5764078481866726 0.8988019779002828 0.2963479861589471 -0.2070453423385667 2.1607547051826548 2.0132896643529090 -10.2915530510284672 7.3550457591123646 4.4727700352263460 -1.3560463889671512 -1.2575820892888672 -4.1247595066670160 -9.0105543105579233 3.1483703629632291 -1.7676785277444125 6.4323176742588730 -9.0579326852518793 0.9120220509827304 4.2748657163284838 -14.4951020225908511 -4.8984049620895549 10.7452973830993805 11.7857932223441821 9.0851718190402249 -0.1979597637078617 -11.1452648892805417 -5.6678634863017230 3.9641603066937341 -2.0446211357033186 5.5070421854603087 7.1788839614781192 -4.0890825978203873 5.4158120887221477 -2.3805006710859815 -13.6327184102963450 2.9157981480285997 -1.0639037057338814 4.8495690836983041 -6.9343792395636497 -0.7865641923982838 -9.3379283661332781 -1.0635672933542242 11.1306619954053883 10.9623843645604442 19.4362228492860325 -20.1212594357469818 4.4015289456914743 -13.0724715933214668 15.3707873816352141 -4.2677250316109614 7.7599113735008194
384.0000000000000000 0.4077895822951172 6.0000000000000000 10.0000000000000000 1.4901629279151432 -3.3256965708295274 4.7372927500470219 5.2543271828558300 2.1545792883620782 16.3718731627325198 2.9327662085438706 -2.8814234270087127 10.9400563784306684 4.3517886097218383 -9.9131720910903987 -7.5161159494013372 -2.5821479244153904 5.9496849070399138 11.9366638945401906 0.9329324030627487 -2.3564013820775891 2.7196686336680642 -5.9473134631796825 -0.5593074722875548 4.7993011943317079 12.7550962213722361 -23.6186776084610095 -8.9130549179469352 10.7968570948560316 15.0667801125475549 -1.6129152041944521 1.1976446399458553 16.0474357433774522 -0.7925702333013722 -18.8752579625597825 0.5509544325060216 0.5351314816663216 0.1194709094828059 1.7030232473594091 1.0266178073137653 -10.4982637258080889 6.6170535701745701 4.4468329555148580 -0.6644397433260367 -1.6314007654171452 -3.8107252489951078 -8.6906395194942192 3.6144031774610870 -2.0634223662422380 6.0008045344845611 -8.2436049198628591 1.4391906728238650 5.5120601360881221 -13.9250792967832506 -5.0786556082415162 10.5036867825128173 11.2714177262882540 8.7940726960772331 -0.1221916476307524 -11.0671222719776665 -5.4776152025747349 4.3957003351872501 -1.7373305458832957 5.5152761557559238 6.5102430229708652 -4.1866311407024996 4.6870128500393777 -1.9177976496389877 -13.3900818472143115 4.1146862709060361 -1.3266687579464995 4.5454532386141269 -7.0201239550197476 -0.6973686021857776 -9.3016892358920344 -1.9555493911229145 10.6649184769329910 9.5825532552834520 18.4476090704204587 -19.5124523733978350 4.0724592378158020 -13.1046889242973226 14.4514732876449514 -4.6991628394222333 7.7657055881011052
385.0000000000000000 0.4078107411459297 6.0000000000000000 10.0000000000000000 1.2601207962538119 -3.2617020020385863 4.0620331672718990 5.5063362133373381 1.9811274182474246 16.5568243533208594 2.5293155364791526 -2.6682767302295622 10.8917721544246042 4.7142324464064256 -9.2139858117304136 -7.2889917664721837 -2.8697406575924074 5.5382392348242053 11.3566261284408903 0.7072675803976507 -3.3041799828078493 2.5373963766243426 -5.4283940844739167 -0.6805786208830159 4.9149960605902523 13.0950344547307367 -23.1787633846062562 -8.7322387646721022 10.4712572230329890 15.0734187304809097 -1.5258902001250509 0.6258269185309713 16.9066596975075072 -0.9741636333955159 -18.7370313254163072 0.9457917975834944 0.5639513290878386 -0.2549223119857017 1.7101613248077079 1.4963962080555111 -9.8159028272854361 7.4157473101853943 4.4167120007319420 -0.8893351187761291 -1.1219556505587640 -4.3468587908203782 -8.5628119620122014 3.2318840934146338 -2.1716688518614529 6.5464145014896751 -8.6722418892368704 0.6150939358641749 5.4327882947729238 -15.3284209761046064 -4.9255300735815144 10.4956547836398926 11.0302881273753428 9.0499824208251276 -0.7173316846110396 -11.1315921432329805 -5.2214562468586347 4.8325140456939426 -2.5923515957560426 5.4167143952209340 6.5884946073985375 -3.4604286401661390 4.7730620401418316 -2.0841676946414216 -12.9014426988607873 3.2015038133908811 -1.6063921680058675 4.5164595932830620 -6.8876311229764990 -0.9363215126223932 -9.2187493579371598 -1.5151112424687896 10.9190146821562060 10.9210382587200971 18.5921064213238232 -19.3875498909109432 3.7607719230065966 -13.2277513151181498 14.7908390475896336 -4.3425749254419319 7.4219764860936177
386.0000000000000000 0.4072884444092287 6.0000000000000000 10.0000000000000000 0.9274031644021616 -2.7698209126501703 4.5216522708565474 5.2983622677324451 1.6574741143933671 16.7926830315571642 2.9957606453856336 -2.8359365629412157 10.7181103781863758 5.2912816203625646 -9.6920083614493695 -7.3006578852000672 -2.8199592316737183 6.0111926417187131 12.0592294073754172 1.3723535518569685 -2.7044675504918030 2.3987255637395832 -5.8098676460905665 -0.2630050053377649 5.3054696404734152 13.3884910469091913 -23.4131360192115245 -8.4145327668418570 10.4780040267581338 15.0377765969240613 -1.9896519772914005 1.1446204801943005 16.3125658857352462 -0.6835089411160307 -18.8370651235920938 0.0138026565025610 0.2470600554845804 0.2860874321170017 1.5849538755139170 1.0843496598147149 -9.7807658782655373 6.8046053850863109 4.0001082260999752 -1.0997167673748960 -1.4592974069971598 -3.7910207325720382 -9.0174744982304329 3.7893910108703173 -2.2835535469551953 6.1371704652031793 -8.7123755164872740 1.3976446997544640 5.3373743004642344 -15.4104595408144256 -4.0735408307566781 10.9412185872478247 11.4878443580660079 8.6765560193057905 -0.6067357064602886 -10.8955675283069091 -5.8133972126783737 5.1013467859626065 -2.0567594279247507 5.2661112783084558 6.9657120383700013 -3.6716059031681763 4.9346930439895509 -2.0575589789726534 -13.4169993050124337 3.4270194829903295 -1.1854598507148006 4.6659983694146563 -6.6331593854662625 -0.3322224125636360 -9.2324125673914725 -0.8857059777004945 11.1274027181989581 9.8698279599408814 18.2629812366560458 -20.2462702090557620 4.1599176723650313 -13.5282558376898798 14.8181598975910909 -4.2986862740582641 7.8312963388230603
387.0000000000000000 0.4076620817563116 6.0000000000000000 10.0000000000000000 0.3526843096131855 -3.0146198690694357 3.8166849865514796 5.7687672711716731 1.6862142139719574 16.0058274405817400 3.1122364752999458 -2.3653787462072087 11.0413698883860221 4.5772407149503342 -9.5192907352561829 -7.4191982753295136 -2.7774188986935755 5.9062011095115308 11.8097165715696022 0.3313134434270392 -2.6994391419991679 2.9224034131543188 -5.8719528125543627 -0.8098724552921837 5.2103307882137120 12.3804224656124457 -24.1627033324706986 -8.4851613434701054 10.6351202622582672 15.0485440467979785 -1.7825386236110285 0.9846442615225475 16.7873570990229695 -0.9406302937081802 -18.6935394698447439 0.5136031344705090 0.5191360917689851 0.3778705740810528 1.5837870873827880 1.3223343743806852 -10.1048999984703602 6.5156316748318792 4.5723127192145991 -0.9332663696968945 -1.4990325258187851 -3.3878003901378992 -9.1092885345704051 3.2724384528295660 -2.0825725663130177 6.5574314512315759 -9.5171270227221214 0.5973830020740354 4.5619628888031345 -13.9034585437338176 -4.9952545340841761 10.7541379518366416 11.4221380747154182 8.1119477380164007 -0.5389560702415909 -11.6477969695974455 -5.6375460510433522 3.9527037013755120 -1.6614509030537103 5.4465882117101145 6.8401219654038066 -3.2627429186302361 4.7282104866680070 -2.4170374392027094 -13.0984990784746138 3.2555961262050537 -0.7888260036721519 5.3261812071664201 -6.6657949910622651 -1.3677230963549500 -9.2529568338323589 -1.4880436375524178 10.5600811142094724 10.4348705252594449 18.5365187013946269 -20.4950755358702956 3.7105327849817038 -13.3505839618272670 14.9877732041816092 -4.6305176599670217 7.3210179197997247
388.0000000000000000 0.4075262727539968 6.0000000000000000 10.0000000000000000 0.7834865067313681 -3.0439711134449356 4.5607457276799526 5.6054338878335033 1.7326801418883564 16.3858000648641635 2.9236709170621387 -2.9722688084987667 10.7705611366223621 4.8799305094504932 -8.9440071497059233 -6.8221366325061235 -2.0118985987608529 5.8836960139409520 11.9117185574731419 0.7945084246266624 -2.9793913286233824 2.7552542715253368 -5.9391698306937917 -0.6876966518003853 4.5306637147590267 13.2353175056219889 -23.8444415720215979 -7.6876308314846549 10.4848793640298421 14.8997228927134699 -1.6031925359393748 1.7300462364665741 16.4445712653063154 -0.6510223334047140 -19.4179592200714382 0.3877495090454132 -0.0058148147146564 -0.3981320079744194 1.4887563694180814 1.6102880528399837 -10.4162667156136770 7.2575005413098630 4.6532060849105390 -1.1088775457003766 -1.7928502398775528 -3.8323204349025191 -9.9574104999217443 3.6968184571496341 -2.3603082719135817 5.9812168373699004 -8.9141092607613093 0.3542801791144086 4.2401183983685797 -15.0209917388791308 -4.1778996299143030 10.6528621341677603 11.7859986467674709 8.4681704515738065 -1.1941705508572542 -11.1107232849091382 -5.7493518775930630 4.6027082800891517 -2.4471646119247632 5.3806061128643456 5.9136512836142145 -3.2613589108910084 5.0163655788684869 -1.6544645070541866 -13.2475988987138251 3.0535046068323561 -0.8032802086063958 5.1736854001716015 -7.6075203727341840 -1.2368183370373147 -8.6033011207640424 -1.6857192823357721 10.4400643856168180 10.1423379069729904 18.5012875253282658 -19.7498788025564238 4.2502217782787941 -13.2163133966562469 14.8825754396722711 -4.3734244310480435 7.5898874702639780
389.0000000000000000 0.4071797166881978 6.0000000000000000 10.0000000000000000 0.7796543594286982 -3.4736604604284089 4.3226882082540454 5.2358322890494495 2.1723246051724074 17.3035201569532191 2.4836053399102442 -3.0279267496676612 11.1406523373256121 5.1682822282677163 -9.5495389689357104 -7.4706241094566357 -2.1594989254242987 5.6159894407309476 12.0094982110193929 1.0885303338935304 -3.4564228571769822 2.4051423337180786 -5.7505463374644945 -0.2497944598971375 4.9957890150713720 13.2870102254788858 -23.7522147922598066 -8.5144948024228135 9.7378730647437131 15.1535032631585018 -1.9376137236807569 1.2875126649058224 16.6962375077738585 -0.7790936647947792 -18.7388795903140135 0.3439826147668004 0.0348121534304554 0.0922105517458909 1.1541496941736118 1.3760282615261048 -10.1467520422136648 6.7850429068219187 4.0197656409859288 -0.6596877754117979 -2.0787760701412554 -3.6381740760485570 -9.3247513360660736 3.6840083721609473 -2.2240613659814201 6.5656885163528056 -9.3388164548962553 0.9361354261635639 4.7306591018564745 -14.6743718978291220 -3.8273457248571874 11.5025802557170689 11.6527310597571105 9.2719953427385828 -0.4824905070392860 -11.5806173291430294 -5.9780963953232948 4.4574086848723073 -2.0367403173696097 5.3285770898908398 6.3542653508686557 -3.1145298103019656 4.7711968474463937 -2.4606019385519851 -13.0071901876719718 3.3457671997534102 -0.7701230554423042 5.1326048819579446 -7.0717965162967253 -0.5241802028417650 -9.0262276515902649 -1.6388706134809914 11.0791197543250188 10.0015112430199871 18.5767749990393298 -19.3291540194212423 3.9076395336687222 -13.3683924879607687 15.2372927691494819 -4.0345460517545595 6.9097009158300402
390.0000000000000000 0.4071989060049861 6.0000000000000000 10.0000000000000000 0.7228241224152094 -2.3766577539712399 4.4809955843529146 5.4593839548311927 2.0541266880988469 17.2200428659436717 2.8474198140104012 -3.7148643548909224 11.0819445608525609 5.4781720835754353 -9.6187764964217397 -7.3536672236591425 -2.6814846947754001 5.5923917569034112 12.1479320930001418 0.9918781623722311 -2.9243597335168166 2.4592500109439386 -5.6765884530966053 -0.3343305801556316 5.6927803457252235 13.4561436885389529 -24.1564795293386076 -8.3007515169331718 10.5237744348285034 15.5761990669444739 -2.2663743515682961 0.9524130759103516 16.8150282033676532 -1.0665065395400612 -19.3112329372268583 0.6267078789794864 0.1130027284775118 0.2403571751605332 1.6475847039580767 1.6852961931276091 -10.2336116289877470 7.4800714990355130 4.0749251911833779 -0.3002307563627377 -1.7660721756306705 -4.3028556768378072 -9.8728449999098338 3.8298547776782863 -2.1612283885702932 7.5412653293842560 -9.0239203418007428 0.5800049918677552 4.7854888571086196 -14.8991315558817501 -4.8355827504077844 11.2872561504439144 11.8099707151706994 8.6115777660255954 -0.3977790407706339 -11.2964942141465112 -5.6246203180118632 5.1909142511175723 -2.1374574786450893 5.6304335325936146 6.9388054587726486 -3.4084212506672178 5.1450288779107920 -1.9046229147454790 -13.5980541599968330 3.1076511277716010 -0.5518307489787138 4.8748857532652172 -6.5454747767189509 -1.2062902351678448 -9.1700240309069585 -2.0013023658292557 10.9253615366819563 10.0772382284317885 19.2023924448449428 -20.3106703904067309 4.1087095115277492 -13.1389720645229904 15.1165165935696422 -4.1278918057292975 6.8376033700232890
391.0000000000000000 0.4066714994024996 6.0000000000000000 10.0000000000000000 1.2597835387924712 -3.1333329027667403 4.5242851734880043 5.3272591379542575 2.0736256433231195 16.5265170730700071 3.0884336943819903 -3.8338662883752774 10.3176440755185563 4.8691741452558102 -9.5097068774115510 -6.4582777148447770 -1.9645441527999221 5.8724621065049458 11.9608306653657852 0.4703692804596404 -3.0402291035026505 2.1935052290915174 -6.1764649301867438 -0.6577347850747641 5.2511231809989329 13.1623400695477510 -23.7070242702410567 -8.0506634991678165 10.3510762993112522 14.6339786726661760 -1.5811647775391124 1.0381042088909269 16.0138060626396168 -0.6940267010220349 -18.4112333223615785 0.5248300998009274 -0.2801999835075706 -0.4291569421312312 1.6039246619376095 1.4962101808115531 -10.1346554985971533 7.7449199942381313 4.3590980650065445 -1.0363347253559834 -2.1569342237540789 -3.5876231281642097 -8.7637706215063353 3.8219041761886907 -3.2659567233046625 6.0598772607983511 -9.0601048511409132 0.9253775095922661 4.6218432524138464 -14.9167961383265286 -4.0553469897198751 11.5403793976712485 11.6999341144506772 8.9176048806191606 -0.1273106432313621 -10.9547704562727777 -5.7788314086169041 4.8706607736172636 -1.6309109990971762 5.5486518374708229 6.7051276570297142 -3.0344973622611535 5.5928629131415581 -2.1937020534856444 -13.4232483516770191 3.0749846999765982 -0.8305100172053866 4.8798154356036907 -6.5815415062403577 -1.2740412074094976 -8.5430847491504487 -1.7962522161080656 10.5676320198046270 10.3250294618639966 18.7472409890849825 -20.1234689082553473 4.3779885318615435 -13.0442408565118519 15.2852926926693655 -4.2339188537202439 6.8958536651232869
392.0000000000000000 0.4073056831569678 6.0000000000000000 10.0000000000000000 1.0499279301996063 -3.3440692232416143 4.3604004311966893 5.5201186109872520 2.0000127416362785 16.7796303945943457 3.1843655872334629 -3.5541912143468379 10.6222094369203113 5.1707996519874211 -10.0630080267823967 -6.8462358504776191 -2.6656374683085140 5.9011149951354591 12.0304770550293103 0.5616886413618469 -3.0124136993431576 2.9306779771065981 -5.8484719226931334 -0.4129907394697162 4.9143934836157603 13.4801567183649045 -23.7204599946601817 -8.0956343092713681 10.3770935327713616 14.4244079215418708 -2.4312928066762747 1.3369243936291619 16.7660254348461457 -1.1476690133479663 -19.9399030876507766 0.2317056118329711 -0.2982418950200652 -0.4638228264150231 1.3675429900855969 1.3573209115692679 -10.2396858346310360 7.4711398410430512 4.3390436584014829 -0.5574309067252154 -2.2432837393285627 -3.4662394469731912 -9.8027574921233391 4.0730762681656714 -2.7925317800845417 6.8185215958240590 -9.3375661835034229 0.3787821361026112 4.2841880662261742 -15.3548333142036419 -4.1076556772574984 11.1363940351727013 11.5610647708973762 8.9755698630510423 -0.6628203230755446 -10.9077597625401328 -5.9057456332763056 4.3236247411823800 -2.2912313039693517 5.0883520881349575 6.6766285322474239 -3.2003823785597953 5.6588864786491602 -1.5524591529448750 -13.1447554331182932 3.7884302681156297 -0.6738226932979949 5.1775154216386330 -6.7755797901747101 -0.6220815578054713 -8.5642751545865146 -1.4186725931122843 10.6247828286744532 10.1525107888829762 18.6763485109190022 -19.7956952526917398 4.2829150603454558 -14.2123403070866221 14.9497418176397474 -4.0682742196322819 7.2456782653370420
393.0000000000000000 0.4068958022620972 6.0000000000000000 10.0000000000000000 1.2623066368884566 -3.4152602478234830 4.2167583119353553 5.9389219152147410 2.0725112490458084 17.0834749467547589 2.8137977071903455 -2.9769631603874744 10.2682014564947188 5.5084781984943012 -9.4304867114556590 -7.0583866704226104 -3.1031190787813099 5.2664503107660430 11.9275034980938273 0.9630337455807981 -2.9687908887167866 2.6818526550000463 -5.3201702899478489 -0.3925113715455001 4.6766014544230572 12.8067202460292204 -23.7669008657468126 -8.2120725288923904 10.4398257921113657 14.5969755561729517 -1.3443546784494036 0.6560614332813918 16.1128146681181441 -0.7219878225528948 -19.0017403075494613 -0.3728759726171735 0.1266660937033922 -0.0665106409892088 1.2607123622101484 1.3864543769802526 -9.9361811752674551 7.3741261361004771 4.4177439119187856 -0.4210055536548759 -1.9326361732820931 -3.3210397689152913 -9.5361594415510353 4.0979104213503472 -1.4401212639436225 7.0272074364315769 -8.7157631225835281 0.7167132142163419 4.1808767906898998 -14.9314766784547945 -4.2283653086501136 11.0246267296392961 11.3435690774343989 8.6871380914851439 -0.2927143300245548 -10.7318856170809198 -6.2869623715906009 5.0500642482874891 -1.9502926187100009 5.1014923874284541 7.1143707090528254 -3.8884134047487002 5.6947084139243360 -2.5202072638257542 -13.0280934325609490 3.2364764599348388 -0.4751279778084381 5.0957043748501007 -6.1468881553824879 -0.3145809617230066 -9.3763723522648146 -1.5209457053739215 11.0185878020257917 10.0551389390051842 18.8647322157326478 -20.6935298404687451 3.6123163850573996 -13.5276626309253292 15.1654196246139694 -4.1884442610510932 7.4157588330210409
394.0000000000000000 0.4064986852312728 6.0000000000000000 10.0000000000000000 1.6370718900180310 -2.4854576764809702 4.4256148488196594 5.5456280163660718 1.7575248601228493 16.2165695003597179 2.4728045356324904 -3.6722263725267821 10.4031022755419151 5.1694313220993084 -10.5263925080609511 -6.6176205110008741 -2.4524434281285945 6.1386666089523247 11.8908851928281809 0.1728970159143743 -3.2261243909283914 2.4323159562636358 -5.9750125560543834 -0.5410687749616619 4.9737322581019994 13.1077457390850025 -22.9548744864577188 -8.5562237532792729 10.2236586585056397 14.2779322796055332 -2.1170596809081816 0.5680506803914748 16.2354301338563118 -1.0827548670571892 -19.3886081713663536 -0.3413964051586206 0.2924147375459695 -0.2645495130884403 1.6807227835166949 1.6829394432919931 -10.0556115128110140 7.0324806011126917 4.9450867486902172 -0.4009485790237068 -2.2089395434208536 -3.5606685274739540 -9.3699454731484657 3.3974389411556949 -1.9536059542229380 6.5619256888176638 -8.6866233065764238 0.4657274804426414 4.7151145013490661 -14.9707396162106967 -4.8023824103770032 10.5907883307238304 11.0685794935719422 8.8152870941163535 -1.1318422253832972 -11.4028478508433455 -5.2460951461894130 4.7806667396370157 -2.2528915910883054 5.6083641451487161 6.4960665146478558 -3.2833383459285939 5.0669084062893450 -2.3443216109172376 -13.4940747209101843 3.0392692747042589 -0.8586326924406644 4.8999967177920833 -7.2319964201922708 -0.4242573563823194 -8.9238571338125201 -1.3961247668170591 10.8575543208909213 10.3169418295325368 19.0047486517815187 -19.8728987516142297 4.2197977938473823 -13.4254457836792405 15.5067196547939297 -4.4126175813698394 7.3995578360175855
395.0000000000000000 0.4065595685488113 6.0000000000000000 10.0000000000000000 1.0915499672983091 -2.6143657950333474 3.9033462010531403 5.3855678325748393 1.9176339459311786 17.1475809716598491 2.5360183864535513 -3.6425575151752989 10.6403324352369424 5.6946130091811611 -10.1843867019417580 -6.5739285776417207 -2.6795405526816500 5.8644301492400546 11.6296919403376151 1.0904096861983872 -3.4809569179178919 2.2170029557946713 -5.6958768618410636 -0.8818437404989425 4.9175427943008616 13.3403441737662281 -23.2912069461087263 -8.5173518550483518 10.2844345385213920 14.8066069492115968 -1.5610586599400413 0.8285233339336141 16.5890465105003422 -1.2377859246424974 -18.8793853605655677 0.2119191300998980 0.3983436848409605 -0.5637786793154231 1.6389940324963475 0.9121118248660974 -9.8565343687873668 7.0533199624979099 4.2729634700526899 -1.4889503476597015 -1.6778969645028814 -3.5117763980382670 -9.3993081211677776 4.1072738475802177 -1.8413956655997517 6.6840230314533855 -8.6536056997469419 0.8128258439813631 5.4819607686068679 -14.7681573463628322 -4.4340948589171072 11.0603695421280062 11.0887919745483430 8.6813328868004991 -1.5507983328603583 -10.9920972606194205 -5.3828283131245964 4.8562273946527048 -1.9839161815812003 5.4635034136271834 6.4811433056785592 -3.8782879735220464 4.6288420225938784 -1.8524463297982883 -13.0474531368304003 3.5803489251748961 -0.5903639511830744 4.3448119245371002 -6.9026452676970065 -0.4294473287423074 -8.3968675449010988 -1.3594455030668933 11.4992684108157981 10.6846294338752426 18.8798399215238000 -20.5547231249222797 3.8182247025458040 -13.5993120066961257 15.4912203464512856 -3.7351971084611244 7.2788454707353756
396.0000000000000000 0.4072538244904694 6.0000000000000000 10.0000000000000000 1.2215833527853608 -2.5930860026983606 4.6213411607148993 6.1028141831358154 1.8265181999119402 16.7034124446376708 2.7936851293635616 -3.7003063558928098 10.6967995049421116 5.9366894816514781 -9.9948545629615673 -6.3305212235342001 -2.8950584868928342 6.5513785940819851 11.8416424375335794 0.8336119804663189 -2.3567392974402530 2.4807679333316193 -5.8472524778246111 -0.3551056226616713 5.5061917067528183 13.5913957478544472 -23.4460705705297130 -8.3987000588131604 10.3711290015806057 14.7806760841754308 -1.7042918182961910 1.0354506019364795 15.6803623317312439 -1.5842438136749635 -18.7331325753413722 0.2044490835869732 0.3145629109314961 0.3019994743555463 1.7493303802041318 1.0484231630097238 -10.2110460644674745 6.9681296356048534 4.0973914278258849 -0.8307000942608815 -1.9131207197594073 -3.2655631028272230 -9.2560301614781686 4.6526171017742319 -2.6194755962550795 6.7508709951362276 -8.9033635142821534 0.4052597252863985 5.0824108563652741 -14.4704373690720107 -4.2367019597827635 10.5492523530437268 11.2479209232853705 8.5108717879067619 -1.3340000595724266 -10.8065212225347000 -5.3398225331541278 4.6898216916073485 -1.8435806170213096 5.3764225127443614 6.5011533310990641 -3.4267109282067931 5.6372664876396321 -2.3579284887895735 -13.3956050860218472 3.5591439947596610 -0.4895442244431502 4.6223831866080571 -6.2488340952036054 -0.3214658188277422 -8.4712024569455000 -1.4771493651762722 10.7362713253760447 10.3921311746698226 18.0777113357176553 -20.3098608561168739 4.0795629937011473 -13.1347140009803969 15.4927461676368843 -3.9342851230343743 7.5579017786150740
397.0000000000000000 0.4064412350408134 6.0000000000000000 10.0000000000000000 1.4117127363990341 -3.3960839385398338 4.6785577961429237 5.3975365367394730 2.0445258690181443 16.4210181109611248 2.1148236456053997 -3.7917704118996998 10.2996519698330786 5.5986089405624400 -10.0795680211159482 -6.8092291665707796 -2.4845160450168136 5.7366903744724365 12.0069729713068476 0.2153974543486682 -2.6831164229397313 2.3968433520089771 -5.9427950115366270 -0.0459720587834915 4.5722483351863863 13.5090082129083022 -23.4638889634387944 -7.2396714947553509 10.7669005645803306 14.7410553321807800 -1.7677262157354900 1.0965979602079141 16.3732729647362909 -1.5589206223831940 -18.9883821213675184 0.3953761467898276 0.4158832363369133 -0.2589776699194359 0.9989916463363322 1.1818588068576585 -10.0581528906735329 6.5887628363388435 4.3332783945879765 -0.4506006867662339 -2.1107138214527033 -3.1502660568492153 -8.9880114268375042 3.8640318081247429 -2.8677256818125505 6.8516471816562774 -8.7986254912560327 0.5440340281879195 4.7060768266077284 -14.9518533183652327 -4.2305397828477505 11.3978590669405691 11.2227382216783713 8.2745835270423473 -1.5575527189419989 -11.1160801666789766 -5.7771760858972447 4.7270725221578074 -1.6092900926315938 5.1421192987872377 7.3113287297387464 -3.2570415643001178 4.8453023782281663 -2.0078055541825854 -12.8222081767660594 3.2990230820784028 -0.7042166977392010 4.3617920562460908 -5.9906432614699572 -0.5221467881618405 -8.1829491839278727 -1.3561211348343445 10.4035175656420087 9.9557046040406068 19.0017918342218657 -19.8773493878162952 4.4961150096773546 -13.6783375403672611 15.5048481237416809 -3.7308395826284539 7.7738604859729445
398.0000000000000000 0.4071420115172224 6.0000000000000000 10.0000000000000000 1.3261315658113946 -2.5880294899782572 5.1793279015304945 5.9727984079805827 1.9687823122658916 16.1948605807318096 1.9242723780442592 -3.1313497751758219 11.3837880848253317 5.3735029047446430 -9.8877223873327331 -6.6390172174050059 -2.8207445148178620 6.2337495775978109 11.8892267314992903 0.8702623652082658 -2.9076042879075406 2.0085755809201711 -5.9500999312291887 -0.2273183846473202 4.8699492189692606 12.9609709697574083 -23.4371656209818156 -8.5054627622045498 10.3143544923658546 14.9716832865767309 -1.8268577606308363 0.9519195500456543 15.9784231424380199 -0.8680737902218676 -19.1821983158081935 0.4202956602872658 0.5452966737365308 -0.1545399617638606 1.2934971760500091 1.3457713784416043 -9.6206218634882514 6.9759310515256407 4.4224073223921447 -0.6474146655205154 -2.0624716501087224 -3.3565574183766196 -9.3309283236967371 4.6046529038147099 -2.2613461284799605 6.3439942441472335 -9.0712012688970400 0.8268396252926256 4.8862493498239346 -15.5200626875222341 -4.7265573411902055 10.7686220561207442 10.8006605254446111 8.9504908974465440 -0.6339913705534967 -11.3036795054231511 -5.9285909954176219 4.4873263300742998 -1.9290157659341223 6.0462375752970043 6.7714826747276620 -3.7097234742552230 4.9835508644410833 -2.2218144521749457 -13.0921021362528673 3.5397664465734753 -0.9774157757671197 4.8057077488626705 -6.1838873878267968 -0.3531589797688007 -8.9645183542488098 -0.5811069647121426 10.5645539774602550 11.0284125464359786 18.6278695556574476 -20.5689619977794145 4.0429638651931015 -13.0778803425354777 14.8670993866219838 -4.0642682209142524 7.2892041257620006
399.0000000000000000 0.4069660014914753 6.0000000000000000 10.0000000000000000 1.1053339379074913 -2.7612856637781071 4.8596978560606550 5.6502024215503113 2.0670935937721113 16.9151727700159427 2.3810975464362110 -3.4416539310698258 10.6848111276650357 5.5853901223261051 -9.7566438675498262 -6.8572531981777818 -2.4580403901575054 5.8945454915757178 11.9157599073370726 0.4494328340840403 -2.4679188994181338 2.2974700678026125 -5.8168375492573681 -0.1343769548900595 5.0934272468162645 12.8914580974819888 -23.5869831206864724 -8.5102396407111627 10.7404924743541024 15.4038515688168793 -1.5865192906930243 1.1104504010566003 16.4357933762579087 -1.7261594944563075 -18.8882509708627317 0.2168222974684112 0.7307575034818413 -0.0234393880042971 1.9381217574805907 1.2211760475655729 -9.9409207118521099 6.8127212703374642 4.0510383347202925 -0.2934573740837844 -1.3252419936277233 -3.7985667436572426 -8.5472124404678205 3.7328729416141284 -2.0102230356045503 6.2410503378767945 -9.5107349323854198 0.4413995974990174 4.6832461579435911 -14.7558544248386578 -4.7116232065374390 11.0996369367810495 11.2534601025234036 9.0843109296038946 -0.7928226074571847 -11.0512221055541389 -5.8134482724555490 4.9947585330211108 -2.2270249086967526 6.0636272102051176 6.5981267266397321 -3.6327827191866793 4.6997791775996518 -2.1518875951444656 -13.6833614460489983 3.6715585858029125 -0.8539334209167591 4.2580320604014883 -6.2463402660208587 -0.4089381181470824 -9.2885347894950989 -1.2468459528806768 11.3179416019847672 10.5623938872388035 18.6846259605007816 -19.9513688205326929 4.4414532286860826 -13.3402975006626860 15.1568909652177730 -3.8202523495363816 6.8474084599880767
400.0000000000000000 0.4072283025366929 6.0000000000000000 10.0000000000000000 0.9702136022843622 -2.8330361474199139 5.1891129747999010 6.0368160167196381 1.9347170503334721 16.8409377002984186 2.1673066005099750 -3.8090847135918051 10.8507705759807696 5.1054067229699456 -9.7901408693776606 -6.8305227208980002 -2.6082388056389232 5.6138146911938485 12.0305746091156038 0.3827715312893495 -2.8100367260572439 1.9606524794315299 -5.4679003897429350 -0.6036111919766047 4.5353056939803569 12.3914635823415527 -23.2137515833878716 -8.4209256513534054 10.1635333916814297 14.8771264726244397 -1.6614023599344494 0.8405567827848625 16.5514014152249693 -0.7440761323791347 -19.2691481819882355 -0.2736383093783321 0.9617278666631534 -0.0630813981354400 1.2159034207693920 1.1693506442029189 -9.6629223473508468 7.2722287128796239 4.3017832280866841 -0.3231430549233155 -1.6183339154617278 -3.4551118656020385 -9.5190507971746374 3.9262161997292653 -2.3457710901801367 6.4242487963260606 -9.7045780361651239 0.5732254648795277 3.9741790513348896 -15.2748187480568021 -4.7990112724189897 10.3212204823860727 11.0113586294118626 8.8898957364374418 -1.2460666638561464 -10.9398043630855621 -5.3882903737627519 4.7465203972535415 -2.6020533513326272 5.7569623460140349 6.8120772003364092 -3.6553801881441661 5.2485267177046389 -2.4470316105032568 -13.1327932373247052 3.4255560107346064 -1.2223514306817020 4.8716115257726464 -6.6228149510593042 -0.3799038786974295 -9.0834051269076710 -0.8021063508939820 11.2403635158524686 10.9803629732211334 18.7901063028455262 -20.0037980820693626 3.9505393818391705 -13.7020777751290517 15.1680443591981984 -3.4704886986665984 7.6997321191377415
401.0000000000000000 0.4070778665530237 6.0000000000000000 10.0000000000000000 1.0876739272761344 -2.5290929506011675 5.4447867966274863 5.8246037007282370 2.5058087798713680 16.2642950102192891 2.4407005389367735 -3.9233023585031286 11.3686509085279877 5.2952249794843977 -9.4347877606593578 -6.9326861081158597 -2.9979650196206427 5.7110314394332073 11.6794931840774563 -0.1535909658255734 -2.3932865581047214 2.5593668487115493 -5.9471803919837303 -0.2161695341807029 4.5270539855237848 12.9857698436851479 -23.2986687867433773 -8.6738032706945258 10.4154721600302356 14.3743509788696660 -2.2738770112307645 0.2992113579271947 16.3611091935004893 -0.9029875666135684 -19.0150879581071344 -0.3619738192760752 0.3510395986433663 -0.1917359908440976 1.5986609372344618 0.9453873237630344 -9.9450145064585413 7.0785132055048905 3.9817639192109469 0.0515744884045808 -1.8365800732643285 -3.0176341534758837 -8.5669873621895398 4.6958269995910085 -2.1427247738430535 6.5828492737910862 -9.0111704774850470 0.6227402175618288 4.1843288373790912 -15.2866859622932783 -4.1984662758004498 10.8621838050197344 10.8912982539512093 8.6772420718202721 -1.1172992854670523 -11.1149954657917061 -6.2169311008373720 4.8005840091803309 -1.8281657252482271 5.4151408633522440 6.6100611471402617 -3.3260442030433000 5.3550412739558491 -2.3017675200601690 -13.1183354953607729 3.7004303098972988 -1.0059169648866302 5.0231472328193840 -6.1053654150746315 -0.2056807397219753 -8.8789666030943195 -1.0136709486254059 10.0180700898259634 10.1519758627465588 18.7867657985335264 -19.9364283205018644 4.0023772083430247 -12.6778855434458766 14.6622837615060941 -4.2312134640787464 7.0535458003348888
402.0000000000000000 0.4070011243629741 6.0000000000000000 10.0000000000000000 0.5325907894573224 -3.0870340184243008 5.1912225306193722 5.7919978011485682 1.9128264603739016 16.8042692621363692 2.1658014991880319 -3.9070664414040119 11.0725864316124163 5.7668483351211393 -9.8895395181810990 -7.2949019439769671 -2.8212720186920803 5.3904819632061489 11.8506314100508323 0.4452352568357211 -2.7663658341415709 3.0270380989983221 -6.2555322882880189 -0.2904862789550665 4.5284989833694089 13.0251863107911863 -22.9363015313171736 -8.4045256661695209 10.3455282040551886 14.6766963559828874 -1.7764732384533637 0.5321361075446986 16.1694135675171786 -0.5491575148165744 -19.1521632079021558 -0.2382714763277002 0.4502020410477357 0.2606301389404390 1.6398728697351439 1.5081035820006816 -9.8057169906803932 7.1631193153450816 4.4006186221985395 -1.0620027327175845 -1.8522180956720256 -3.4943936013372583 -9.4009831461126065 4.9350368633538331 -2.9648062740680015 7.1704529336406377 -9.0476140356635533 0.1254041903913221 4.6206822238846659 -15.3646781949624085 -4.6647383743266460 11.0197360519157996 10.9743432933368581 8.4639419461505518 -0.7466098227227296 -11.2494294372176391 -5.6684435359741849 4.5897992162959236 -1.9096897040343703 5.8131195111984422 6.6137456724757824 -3.4244914201087382 4.7069287929537413 -2.0309173858874012 -13.2191144670639851 3.3351240395952884 -1.3415342920103783 4.7603007993700697 -6.2978771672098866 -0.4879777396528459 -8.4975935781539640 -0.9308913033256931 10.1270089105499146 9.9413580368663705 18.8679245936715319 -20.2944826384345092 4.9900744706566398 -13.0727387631152876 14.5237817940116667 -4.2802135536675907 7.3085584045541010
403.0000000000000000 0.4069924994051242 6.0000000000000000 10.0000000000000000 1.2191343818863327 -2.9389645189760438 4.7996461929947012 5.4711311318099041 1.6074917885329221 16.8334469041426793 2.2614131309135215 -4.0202596137529456 10.5142301179589808 5.2893605392604996 -8.9590008978659341 -6.7479534977242945 -2.8582727578131122 5.5527983377480483 11.7039973549265710 0.2769105448184495 -3.1231365120763490 2.4144100390491507 -5.6981858727792778 -0.3750754898341956 4.2531721249593426 12.5118794312083157 -23.0828365132570816 -8.3785796076151371 10.1936966070133774 14.7078451134960861 -1.2655555588271008 0.9749108785520643 16.1996146698198373 -1.0109672187335434 -19.3895234390268847 0.2561156764339866 0.0988828563469590 -0.2054940538852927 1.8074901716822496 1.8254049524190030 -9.6126124683762413 6.9829541133796340 3.9685389015574488 -0.2429584027546755 -1.2140165824340547 -3.5113227196649235 -9.0838350422792384 4.5265422572884493 -2.4766583400610163 6.6661113396941234 -9.3116321535351521 0.8593541371515822 4.6025940542965911 -14.9274443538251766 -4.1214501745193814 10.6266758339026364 10.3254649620408099 8.2707884636107352 -0.7143257469140354 -11.4015040267051759 -5.4135106595286153 4.6970210154261514 -2.5727279633886146 5.7798322867405600 6.1487631619294438 -3.3306332945554864 5.4684336219178027 -1.4769311943854231 -13.3458198640405055 3.2478637859602792 -0.8730777189635959 4.8994736510468853 -6.0379100741951417 -0.8912435740198331 -8.1503146930034074 -0.7138048346534493 10.1080302514895148 10.8706342646599445 18.9100107924901089 -20.0940622066193235 4.6564771218324275 -13.3505796339153289 14.8163024040766587 -4.1484162598195571 7.1892068116093881
404.0000000000000000 0.4073169814462126 6.0000000000000000 10.0000000000000000 1.0934470746254803 -2.5714554033137542 4.9432141082362850 5.7238831177209395 1.9994845923022946 16.5722210772197904 2.2839397878673493 -3.8024508504378547 11.1357191998389151 5.2501638228783669 -9.4192803353594936 -6.8466193466936227 -2.7917152797447069 6.1305533788818458 11.7775587500555385 0.2142289166855192 -2.9482618574906714 2.3916199515534649 -6.3709243437688823 -0.7608354822116051 4.4363690518070085 13.2500144182636443 -23.5319458194045623 -8.4550912831222007 10.0950301453453655 14.7298326653587708 -1.4588991842163579 0.2114720538590503 16.6699009942596135 -1.1571237755919201 -19.6011022472805365 0.0670917731821208 0.4824957822124541 -0.5455601336826295 1.5181413744052501 1.2069846333387109 -9.6888115383798894 6.4716356600717422 4.0489279204907849 -0.7989788043857171 -1.4732762919057150 -3.4064163488080674 -9.2459615702581619 4.5226637454073026 -2.0338581411455152 6.8125034024465414 -8.6288800565211616 0.1961785652532214 4.8419464777248420 -14.7307038208482712 -4.8496218642605227 10.7954533144465294 10.9276184570435593 8.2629311784181159 -0.9505822846951040 -11.7116379197978002 -5.3315984641302734 4.9770809069678563 -2.2602593116243326 5.8803811380828268 6.9287418317871037 -3.6579596375200607 5.3245799567821113 -2.5303011487173404 -13.2354914330714593 3.6930599010532945 -1.7482551491312717 4.7987452806971715 -6.5736235491029422 -0.3610602753082455 -9.0839361229201181 -0.8774005966555477 11.3470550993190518 10.9492739004294197 18.6889836701092342 -20.3507338286586723 4.1372874732529619 -12.8648981708979164 15.0982477667748238 -4.0273410376564511 7.4901081125844913
405.0000000000000000 0.4074028244445433 6.0000000000000000 10.0000000000000000 1.3702922179847183 -3.3939248590668649 5.0205548323791698 5.5690832878439487 1.8560228181406189 16.4115574507281323 2.6056283524560846 -3.8702764071970295 10.7018087827312858 5.2779768059892618 -9.1700228917358757 -7.0266346617708937 -2.8166861001494432 5.9114059246100279 11.9364869781005627 0.3929303517670279 -2.8787521488677528 3.0805204368930821 -6.5183913896119865 -0.7564531606077038 4.3522140772586679 13.0928351540106345 -22.6727013131862662 -8.9232081783959920 10.6814360454155164 14.6201651362583291 -1.1624117510968037 0.8007266986132641 16.9735250170057093 -1.8024323304622323 -19.5957846160204561 0.3670400303302075 0.5149152766298933 -0.3933911912791894 1.8051001309494550 1.5459883380524244 -9.4879356654284290 7.0452336973026242 4.0105023660277554 -0.4430982396603298 -1.7611842065857752 -3.3431043811158743 -9.0825375816829634 5.1668682282509835 -2.2014834776176153 6.6939444587860626 -9.0979453854896928 0.0711349545446271 4.6379164746608641 -14.8667901677575731 -4.5390899225975012 10.3074362576053939 10.5541094791540448 8.2248571590123056 -1.0768308807660416 -11.2489978940926481 -5.1743099847066905 4.5841188654988017 -2.3467480290979363 6.0522895633927218 6.7071069345892180 -3.6274573770213312 4.8431916226881304 -1.7346855342012306 -13.3993023018239725 3.5824566583022013 -1.0622567801073335 5.5533307938046637 -6.0340705595182627 -0.4112024707624475 -8.8856311188179067 -1.5305695473476317 10.1888170537491440 10.5730574736535008 18.6302559918805315 -20.3813874647482649 4.5767736210628946 -12.8612980395407828 15.1497162797622948 -3.9694275367917951 7.2451498411115889
406.0000000000000000 0.4071485708702074 6.0000000000000000 10.0000000000000000 1.5104997587355200 -2.3458972338818467 5.1195506576465650 5.7414673507045126 1.7963587737314564 16.9249857274923023 2.4612565825757851 -3.7155921843384059 11.1025207171585176 5.1598182413305409 -9.1230206531308191 -7.0164496277775577 -2.8503281023789544 6.2583043152790099 11.6586908353713987 0.3771469429370246 -2.5232896226497674 3.3664735095050604 -6.3143569777910553 -0.3087897503202159 4.1882239995365147 13.3663806927564988 -22.9807409865857508 -8.0596983869430989 9.9126641113003284 14.6683180031474496 -1.5407161795894846 0.3702798523049677 16.5306654977992658 -1.9446352908609337 -19.5222688501595734 0.1698808727151566 0.2906231616632858 -0.6203953427632747 1.4647157706177325 1.5775437730465836 -9.7457309471405082 6.7873651221612663 4.1274882933590407 -0.9299224577958406 -2.3166913858625153 -3.4060280547369977 -9.3385358640136076 4.7659600609083688 -2.1079834027857745 6.9274916953037167 -9.1315556010334067 0.3730668961375332 4.4879679955447820 -15.5881329056560087 -4.0542377418940969 10.8034702524329642 10.6100656175673702 8.7513326358791890 -1.2693019364888898 -10.5809968474884499 -5.6763143371127001 4.7714153161980528 -2.2872761890966311 5.9335656087843409 6.6018932244554502 -3.3337449267440928 5.3324590775039535 -2.0795489692113942 -13.0852950579681266 3.5482405218865138 -1.2313744823871777 4.3782272464035801 -6.0516642656278101 -0.1478670939206768 -8.3185407927841784 -1.2526201609611687 10.9879440877515595 10.9066843830924771 18.6705560284054535 -20.1333540144574634 4.0703725058069473 -12.9308512462829164 14.8617402007909956 -3.4920335236494817 7.0670089000085037
407.0000000000000000 0.4064813718085667 6.0000000000000000 10.0000000000000000 1.4536497682345324 -2.9310111226503994 4.9983702991271990 5.3185001161097922 1.8088728102922953 16.8544162180020329 2.3065590640964344 -3.7685072607206282 11.1524051887859521 5.0535652272431575 -9.7462877088515008 -7.2506761375413697 -2.9201767032024297 5.1352682134185894 11.6652981475932105 1.1307505220107918 -2.7800685038787609 2.5744051838957005 -6.3243212604590644 -0.8867227301839959 4.3309143571621016 13.3294634253894699 -23.1952575229777267 -8.4879865347053371 9.7323430807587155 15.3330970216724261 -1.5541124761044887 0.8453264709950641 16.2697362935672203 -1.4129590706002237 -19.5622476347071768 0.4288395300392861 0.7016799302904507 -0.3203852357151892 1.6350003026093831 1.4754996292273554 -9.5670142699568359 7.3329582499698969 4.1389287326342075 -0.4558127409822315 -1.9369856867584436 -3.5799047530840080 -9.3812175343174449 4.8648937723590118 -1.7018708188654323 6.8633948370628035 -9.3444930296588673 0.3470959899689353 5.0866484886511776 -15.5376650475880851 -4.3888650279626926 10.8846818497873254 10.8371124578760121 8.7134993271203243 -1.0195187130668839 -11.5306933666182108 -5.3783746496800227 4.8439913457423147 -2.1281479850875233 5.6134376641493580 6.2355788588407837 -3.6621534085909202 4.5388995317066660 -1.8897011213339636 -13.0223684983404002 3.6517632118006960 -1.0564725378443449 5.1177907082933585 -6.0314097647755300 -0.6282745366022304 -8.4517392957848276 -1.2594919238350148 10.7191653294862608 10.8862716626073581 18.5998514674217184 -19.8253744462885777 3.6462270226038660 -13.3299773197897320 15.2137000133009916 -3.4967060127675440 7.2895200514806238
408.0000000000000000 0.4071004729868591 6.0000000000000000 10.0000000000000000 0.7740864953410559 -2.3912777868577235 4.8827117179504791 5.4125758490810307 1.4939625575418956 16.1920955267502258 2.1845557065377683 -3.5759329701548270 10.9268419146159790 5.0134009745590848 -8.8626953693629815 -6.7809839440235482 -3.1846417188378373 5.6073668465815150 11.3833774019956273 0.7179605031161049 -3.4475706219952382 2.3932875359554036 -6.1284253994906086 -0.7603381997736038 4.4061599135133882 13.3775511053971208 -22.8658255550555012 -8.1725251167655095 10.2809284889602104 14.7851502486003135 -1.2462196081924706 0.4358373785014414 16.5536902170421776 -1.4627029507677942 -18.7337991272458595 0.5250425180857587 0.5615333687543472 -0.4071624161078480 1.7750820560817302 1.2504367936981784 -9.2638589610243365 7.1593245150020790 4.3962556419522576 -0.8342592234207413 -1.7107372531029656 -3.7849296651802562 -9.0423455530184480 4.1326803544687687 -2.4293745176296926 6.9625780749389854 -9.1925930406062957 0.2196235988816078 4.4230881051750739 -14.9593805708334511 -4.2254571437049382 10.2049858748117490 10.6773676657139927 8.3307855885141713 -0.9789601485507773 -11.1853172895994266 -5.6341977725317758 4.6603896413545511 -2.3821893117753592 5.2160656237259406 6.1552753366988817 -3.6891086499572463 5.2311744143878629 -2.3184955085839971 -12.9819226304908710 3.2734633241924227 -0.9360832683677833 4.7151449632422020 -6.1209508441312090 -0.7401075380983526 -8.6146419573814335 -1.0129650092052243 10.8499438971786422 10.1502898155873140 18.5906110598115575 -19.7063786371268037 4.1968623794064026 -13.5156926032757720 14.8196823441732199 -4.0583508702146398 6.9181198551710690
409.0000000000000000 0.4091757339784500 6.0000000000000000 10.0000000000000000 1.2322783202754333 -1.3780116930709378 4.6711886348135350 5.6334812884161805 2.3889856113513277 15.8830186790119487 1.8317278812209523 -4.6401912150529938 10.6201811547269944 4.9097812798918063 -8.5847718904851718 -6.5885995037474885 -2.7970559664702108 6.5458280772933790 10.5086853865811491 1.4637868996579249 -4.0539123371959347 2.9668577573246373 -6.4224963653628029 -1.6221014817663750 4.2667610759995496 13.8415775178066855 -22.4380350023167132 -7.6006664864996845 10.7686134405682381 14.9568506038625220 -2.1505356374458628 0.9086485661897574 16.6984592849706885 -1.2657011559919900 -18.9304332573642071 -0.2926312654614543 0.1594746839249989 -0.2216014785911818 1.8101387067937076 1.0760391145505852 -9.5384906036662098 7.6977162764670410 4.7573661360113579 -0.5420286332169364 -2.0566202781469127 -3.2584482083092317 -9.5497996770405571 4.5260574269588298 -1.4950639209814558 6.8936440501164320 -8.7815055302205103 0.0624085980506981 4.3549368189694695 -15.5816358722594845 -3.9267434924078701 10.1097104223343752 11.2111794604391992 7.6018569189979237 -0.3706357021263483 -11.3984875464239028 -4.6363489812167202 4.8725353302699359 -1.8753320838099965 5.0350666820464864 5.5906230949361291 -3.4623138062637926 6.0015353378110294 -1.9932149483604888 -12.2394008108738710 3.1795888643600265 -0.0814991478289681 4.1938712447840611 -6.7403545837271670 -0.2738365974510094 -8.8965986254990881 -0.6317136727944235 11.2496744854491286 10.3336870523885622 17.8910711797052429 -19.2274785171382518 3.7222190888430378 -12.9127860965566708 14.6569497609292085 -3.5370209586524748 6.6834409489981983
410.0000000000000000 0.4122242255282050 6.0000000000000000 10.0000000000000000 0.8271271630507130 -2.5871977046892507 5.6027695742458929 5.7692601209320165 1.6252916543288884 16.3321691801844864 3.4566102616882786 -4.0002130239324973 9.9866924071755054 4.8263509861638854 -8.8841242782216554 -6.9183237742778800 -3.2916454654067491 4.4797462070368752 10.9189555499001738 1.2343677991004267 -3.9741958383561808 3.1572529066956636 -6.1699728784862238 -1.2827624770960619 5.1791078128847134 13.2961653180851425 -22.6020416170131959 -8.1604251308366713 9.5486137026256532 14.7180148883540785 -0.6872356520389282 0.4948894342752240 16.5566917476315396 -1.3292650478879808 -18.5322112585001726 0.5707151840355993 0.7991306971721092 -0.1922858783694600 1.6118552579227290 1.4167594607217686 -9.2507073511011253 7.9300965480034149 4.4730249532358073 -0.1524355996413675 -2.1876918821529658 -3.8720022860113836 -8.7275476624840138 4.1555918997729977 -2.8847314998241922 6.8118952136214537 -9.2171171587583878 0.6633658847391753 4.3435526491440326 -15.3076585516342494 -4.5143849572047712 9.4578395904617114 10.7738485536906285 8.6206049557922224 -0.2472465269311952 -11.2085601982759044 -5.7616370001617163 4.6659130824661723 -2.4978649537367148 4.9860843783288971 6.1118152046500622 -3.4769520818988431 4.7572345791584212 -1.9615419480075285 -12.2913280738400168 3.0028858117651169 -0.2665048900866838 5.1977331696879165 -6.2457161040216373 -1.1668056084987088 -8.5578502681165780 -0.5388806467803788 11.2794755772387791 10.0306733695479018 18.2341124801082550 -19.2679265483259634 3.7153078144409242 -13.3249408231343729 14.6803789728653804 -3.9719387476756549 7.1984675271849987
411.0000000000000000 0.4093490860973871 6.0000000000000000 10.0000000000000000 0.2564269432134382 -2.1063350424957590 5.1908919331396746 5.7290631564792402 1.7089919856613891 17.2613043324306510 3.3989355018607248 -4.0283900834931057 10.0027747955296142 5.4636053959610518 -9.0037704738423745 -7.0084902105871691 -3.3910083025501261 5.0543754955567559 11.0281571210961502 1.9627996816047797 -4.1287210566538306 2.2404612187887070 -6.1404206774832799 -1.5429296449473191 5.9152301442539192 12.5621668730005975 -21.9526645002727641 -8.5647367243343346 10.0149447400202494 14.8995090596990813 -0.8030086381446303 0.8639648418230068 17.4622052584174021 -1.9079249603640474 -18.2052465450061334 0.4866360069071696 0.4987043461735763 0.3968190069782284 1.5611104632190473 0.9901866046556467 -8.6891850291428661 8.7257632639759812 3.7639549730319155 0.0047308326874171 -2.3805588176852308 -3.9096294304798809 -9.1818600140844762 4.8149971136896328 -3.2177986971813577 7.4328943975144872 -9.4711475766359587 0.8362608521704176 4.3883054826069428 -14.9450961802403945 -4.8902846619196989 9.7862394548769895 10.0381498231914161 9.4395045641074198 0.0478948374966015 -11.3370186142859009 -5.1267656092475136 3.1098301477562353 -2.2264542855009286 5.3073449607106502 6.1006964167177715 -3.0613659529094908 4.8048252801231008 -2.2890343772117987 -12.2762547072525621 2.7736655508927930 -0.5635955026690895 5.2887918315800393 -6.3008181164499639 -1.8832034679935861 -9.3034374218817000 -0.5682635625516983 10.7831288468723727 9.7304982991564124 18.9363076336703173 -18.8258170551534612 3.7612380506980214 -13.4863522752814475 15.0575341408136030 -4.0954962392854917 6.6616535535352881
412.0000000000000000 0.4127934876759559 6.0000000000000000 10.0000000000000000 0.9907748430267895 -3.1343400881893757 5.6635076158336801 6.0659667592393873 1.4741858657002684 16.4759182757501641 4.4371012606867302 -4.1918455227543596 8.5994680760092095 5.2965263798672728 -8.0901726741233588 -7.2565442381026850 -3.1260985023731500 4.9040464932331291 10.2332401863545819 1.3141458363177887 -4.3507829164089786 3.4275815974814670 -6.6194255069857872 -1.6702188645854608 5.2434812053187230 12.8945609355172923 -22.3884663684713203 -8.8686113746170605 9.4623483791407565 15.1192377541024179 -0.7245958793027035 0.9300742708758303 16.5238525330913859 -1.6876884623213535 -17.9334864696931113 0.0196562137125934 1.2113428505900790 -0.1266501051556352 2.1867140864516950 2.2298606528425711 -9.1273250704996958 7.4154822677699235 3.6660245399000662 -0.8057393988299537 -2.2778717496565206 -4.4423608037079116 -8.6465240024414474 3.8550302282923790 -2.4895086658463939 7.3948752907618642 -10.1734298020938674 0.4660368200841426 4.4571272426513593 -14.9532036310271135 -4.2916324334917961 10.1720123372530207 11.3200186583119695 8.3871166691891830 0.5921492349461819 -10.5134518224781282 -5.9287662674721640 4.5168841971736740 -1.0566144196566727 4.8138606029366580 6.4004368598116308 -3.4919999428563111 4.6328125928269390 -1.3543953242935356 -12.2005159730068744 1.8404145211258029 -1.2371624485595725 5.8081470969547713 -6.5588293439046810 -1.6921380288974677 -8.0812681154301291 -0.6358584581995006 10.7853759965468310 10.0804163895639292 18.0108159187952666 -19.6411238584566341 3.6306057803276399 -12.9184001264780619 14.9175791870702241 -3.7213898729852697 7.3696345397284055
413.0000000000000000 0.4091911718679674 6.0000000000000000 10.0000000000000000 1.1304547740659665 -2.2246978956431227 4.7757177788466247 5.6445661964381406 0.9998231061402124 16.3720735426769011 2.4963695910725070 -4.4419049595008140 9.9304538094517785 4.7387655314095740 -8.8348558376932402 -7.6769431332666702 -3.4217663659885922 4.7067278257973362 10.3597156028477073 1.6817769251162615 -3.4891762319332278 3.1680826749897530 -6.0490247764466449 -0.8012975170179562 5.7074140667525386 12.9249832038718306 -22.3320944608107368 -8.4720723800919693 9.7302331135270048 15.1105081264529382 -0.5073340416252504 0.7014779632512012 16.1101444341838160 -1.2035405739652201 -17.7678673115807086 -0.3161839807212360 1.0791507065961967 -0.1009887244449924 1.9276877359998177 1.2335237172220499 -9.4881652823247986 7.7542707574537131 3.4397225460619576 -0.3987205362071913 -2.1108824135930591 -3.6480544691278576 -8.8889524547310650 3.9744998386695558 -3.4342444816193711 7.7591749901320242 -10.1661577401799992 0.4625385970976460 4.1115204847074276 -14.9761770367864830 -4.2732233368506849 9.9239977596602085 10.3821206211732147 8.3375674164030045 -0.0775740366090510 -12.0198310047832422 -5.4571346613343286 4.6292833698745968 -1.1628809612521400 4.6248458296021040 6.5834209570369753 -2.7399731425524911 4.8818283807516405 -2.1214560018487734 -11.9575553487793140 3.3496099270820507 0.2374189983874778 5.2716171922742481 -5.8397632929921537 -0.8890362337417310 -7.7542440529741787 -0.3655445370014936 11.3937119831233868 9.9105731723721373 18.1483328344680217 -19.3656275441551280 4.8568246889841511 -14.0376486062145602 14.5661844638165299 -4.2808507000889557 6.6482503867867981
414.0000000000000000 0.4103278089220602 6.0000000000000000 20.0000000000000000 0.9725173508738004 -2.2684683025970007 4.7997534828721209 5.3747113878427575 0.9182458515979810 16.9551975341776746 3.3568411454301437 -4.9599755137498605 9.3183851734799852 5.1354805164137556 0.5648330168007090 -0.9423736488700123 0.0161658395519068 -0.7089435194147751 0.3024514688348838 0.8145909337907641 0.2077119305646998 0.2766620179543784 -0.5649975851661925 -0.4826037736435010 -8.9123443756833947 -7.9042585598737674 -2.5461990431310686 5.2882696988910665 10.6971106669934688 1.8104338233609545 -2.5885044442147493 3.3743962912129470 -5.7308152801649168 -1.4515487290579516 0.6849985017361498 0.2127022224681607 0.1136441247672928 0.0400869832987288 -0.5336209202383345 1.1619004113461950 0.8667913796387069 0.5199252652747082 0.0158236768843691 0.2807486093727308 5.5989672596464359 13.8628146544778783 -22.4219035038898618 -7.9770256102600534 9.4244337284599400 16.6235054581204302 -1.2250958665078833 -0.2341863883729617 16.2920964258092198 -1.7078915968594341 -0.5429287116137045 0.6564093641672041 -0.3565317891697782 -0.3861161296439267 0.5760654518383213 -0.9711345508680018 -0.3360904538362888 0.3781577125063452 -0.9882492078769515 0.5724890881801882 -18.3686344614319097 0.1480808091544973 0.7974440917478570 -0.0776976639765731 1.2250105033877841 1.5198353333688897 -9.4775703972207559 7.4461413125125606 3.7810772972306177 -0.3001925308787052 -0.0218450408625037 -1.1712320452002614 -0.0850445320460004 0.4927118915075711 -0.0076644260515407 0.6021466009823309 -0.1591673650066082 0.7110489434666003 -0.8257930341769389 -0.7175807805593100 -2.3456989150118135 -3.4977148116988195 -8.7886178085067179 3.5402946151887185 -3.0064948308409152 7.3074101979402224 -9.9598393955840248 1.6952368273510428 4.3964502570962036 -14.8506424533759365 0.5433197098794275 0.4797563540096019 -0.2690834732469657 -0.0871674291886654 -0.7202670722278138 -0.4705938768197699 0.1187321983400526 -0.6542032483525908 -0.1346641636016611 -0.0108121977400654 -3.9815515949312164 9.7320584882879437 10.3632784837482017 8.3710419701954546 -0.1097009182728442 -11.5027399684223450 -5.6973862725046551 3.9755669468230543 -1.7361447589481243 4.1309526974818160 -0.1942250508620984 0.1507623133936548 -0.3459479042631186 -0.4520862883208662 -0.4857236385708339 -0.1656212678265578 -0.3067642880846105 0.1639338353680595 -0.5042859313806916 -0.2422919704047353 6.5016632780210868 -2.5550218614965172 4.2259762581178961 -1.5979950831668459 -11.6528693859315560 3.5397618309692294 0.3490976531686623 4.7342794409428199 -6.5449503461395420 -1.0337682140625684 -0.6854271614254388 -0.0453832519565061 -0.0180534537513479 -0.5272202135021266 -0.2740140652703917 -0.2285567892867668 -0.4206689313760158 1.1068242365324310 0.6306928211831272 -0.6197400278517277 -7.9953437626658523 -0.8448403960704138 11.8211179692502064 10.4283255169845432 18.6949812352031373 -19.5297243050153781 4.7480651404940568 -13.0884975889364252 15.0865812576655163 -3.6158369794776553 0.1468745726894253 -0.1995742822066786 -0.6322207112783735 -1.3282222455364461 0.0749143675698494 0.4682839150648197 0.0152765670215455 -0.1679895189283667 0.1771050909133894 0.2313388200133647 6.0497639529231373
415.0000000000000000 0.4117357899570129 6.0000000000000000 20.0000000000000000 1.5240602754184354 -2.5563549945259121 5.2176378436921409 5.4236007898719594 0.6080393752594473 16.7576144564621963 2.6755063357275350 -4.3170267969336713 9.7947443044411067 4.3151958491090578 0.7572485829298433 0.0069129680270822 0.6270719696621030 0.3824134603448229 0.2432141459280224 0.1800509411132439 0.0821455217782392 0.2220723629556794 -0.0992545213364267 -0.8550312023475622 -8.5317464602653388 -8.0317200607498087 -3.0154844076099470 4.4208151504544366 9.8897266668837709 1.9010735528051097 -3.3637033695093326 2.6850585359204153 -6.9282132707781576 -1.1743362592767039 -0.1923423379573008 -1.0558770351331899 -0.0797215369620102 -0.7372127581679018 -0.7129637318002986 0.7540433132191562 0.3405676246380132 -0.0659717656399395 -0.1464294298704109 -0.4169988475177633 6.0418774493139686 12.8523797713777501 -21.5558350170675084 -7.8650157083365073 9.7160087308323249 15.7838974773519443 -1.5587837366681883 1.0571562370304706 16.2330639113095785 -0.4019013754908768 -0.1648200679739276 0.1501801159751350 -0.0148726037191428 -0.4143885003050796 0.6344702578473285 -0.9011162261053988 -0.6945464979900056 -0.2719394251244157 0.1012140808665901 -0.6150068834165119 -17.4557374548895083 -0.5699108241903973 1.4382274550161573 0.1838136925189879 1.7301323787247893 1.5576512540895568 -9.4227066789532739 7.4983786265262538 4.0422208092730516 -0.9109015920332095 0.4676414331392077 -0.6999403109897302 -0.3240589781807977 -0.2675680565863216 0.9162042869606418 0.6711314802308752 -0.0580220116748593 0.4705008254905195 -0.6447207117947088 -1.0985951226686794 -1.4784023534071293 -3.7216164886319829 -8.8420323197778323 3.4188427305287479 -3.3168664676816793 7.9029695702038740 -10.6291296682798606 1.4779846912664485 4.1628652091736642 -14.8149137983266890 -0.2658395129564425 -0.5045804107219349 -0.0665601966593902 -0.7475106877083388 1.1071815821819160 0.4965372969157504 -0.1125523121611569 -0.3742210234667035 0.0978251285950434 0.3640799268645353 -4.1959935395352650 9.7404269059844193 10.8391044978132314 8.2350522304345120 0.7059889919642346 -12.1633222703017658 -5.6475597787791258 4.8689586167619128 -0.4466266098021925 4.3713238206978167 -0.4706462594236313 -0.5945954048748283 0.2062275539534812 -1.0868831436457325 -0.3663938665231518 0.2448206993382175 0.3166766105649476 0.0314174763132984 -0.5471711826660529 -0.8967354652398677 6.9378489855504117 -3.8619091363397891 4.7571640920735883 -1.6001023884531320 -11.3397651179154675 4.0094456067453867 -0.6975019703053458 5.1922196344574694 -4.6899393974772252 -0.3975807022297473 -0.2137600199594568 -0.0779710071086316 -0.6509648731943316 -0.2209210531729507 -0.4036493505616643 -0.9314901805691238 -0.4795011907329836 0.6072155443464760 0.0847712857148808 0.7481291612932210 -7.6354074191911172 -0.7334676729531043 11.2300155211536481 9.7889481239042713 17.5254156527978964 -19.1093249083167827 4.5791200355964188 -14.7371597701514006 14.9406373306433515 -3.9454047636118714 0.0608127505596806 0.8271153972095252 0.5594570517652282 -1.2654886760325486 0.5252896866304998 0.4120711792563564 -0.2959719326825012 0.6032775761852708 0.5575035735717608 0.3353911237282959 6.6441468083495261
416.0000000000000000 0.4109547905857028 6.0000000000000000 20.0000000000000000 0.8508902977293440 -1.9214712335263151 5.3927826365152765 5.6360887997233702 1.2568389171143592 18.0248699067613778 3.5471474706071793 -4.8469093630506510 9.5007975174112627 4.8386553210997540 -0.3830011217828523 0.4759641421997616 -1.3433110405167381 0.4141861239948113 0.9761816457248090 0.4831787344887599 0.1867326407829487 -0.7341895562906661 0.2443506009185058 -0.7317202159433897 -8.4116161901810784 -8.4872375054908851 -3.1413231723816351 5.0472432513733034 9.4582326822477008 2.3788520177140429 -2.5546991864954993 2.9330211277157017 -5.9036724958470783 -0.7031124209007589 0.0788315364725710 -0.2606291260971514 0.4183041569620412 0.2697153694494656 0.2395805254672199 0.8703677204503096 0.1287526875486569 0.4734508383106749 0.0102092400920126 0.0046271868963106 5.3787095053498257 13.3705591824436940 -22.3252594410711218 -8.8815078929000109 9.1971314805733524 15.5023777455171512 -0.4217047465515961 1.3953539227172276 15.4329568700388204 -1.1364338993502092 0.1450689957664903 0.7745725937612605 0.2819899512643219 -0.8814639317474573 -0.0608221633272706 -0.7188685559888206 0.6425237575106453 -0.5242240484413910 1.3478759129096589 -0.6041161923345471 -17.6905006515754941 -1.0631587920929413 1.6156344336225097 0.6366002528239576 2.4874903583953323 1.0825455782152855 -10.1492802575075203 8.1004894578310260 3.2479966853073972 -0.6872607929450582 -0.8088308402656169 0.0136252414479220 -0.2408743759642649 0.8607123638744301 0.8361816302844908 -0.2992523925067193 -0.1509422343242517 0.3173271264005039 -1.0886212656651340 -0.3749831555538092 -3.3073806481098869 -3.4157104429499507 -8.9216814063732386 3.4347026055048326 -3.8940327981324860 7.4396689066054336 -10.4116751972539063 0.7525586531034321 4.3376701679521812 -14.7115289719452047 0.0215989731443128 -0.1182038405228619 -0.0541608829832110 -0.1465382219894860 1.4979472043937023 -0.2485445171308883 -0.2469780986830299 -0.4166076723114134 0.6662232320441945 -0.4951151054170853 -3.9324310175036792 9.6646694974069209 10.7916075232728570 8.1530280079748589 0.2353022100251365 -12.4878347821037892 -5.7602527626150888 4.5725422986695765 -0.8741037978407713 5.6206681183091138 -0.1932319155799971 -1.1959001993307783 0.4883165928509398 0.0359918346932780 0.4735377215201638 0.3820824503686947 -0.0140041466999203 0.1415089744204525 0.4065785459212710 -0.0592200123323060 7.0073071514766543 -2.1861664916579406 4.5563354132958240 -2.5448947827770749 -11.6287462266733357 3.2073545386247986 0.1305789941750633 5.5119797758652487 -5.7639100689799614 -0.2038146309400837 0.0458506499748079 0.2691575202196036 -0.5958349522630995 -0.5340382226996985 -0.2192383898946400 -0.1044073845289017 0.3120745374929761 0.5935372117251984 0.4422734066153609 0.0308464409323762 -8.1812807026334990 -0.7322449114179456 11.8546158658487855 9.5167227022295435 17.9566025220122505 -20.0234525910576941 4.5477448554355062 -14.4688581307073036 14.0436785870282907 -2.9857664127994852 0.0104149829060270 0.0014402337440849 0.3344537545261250 -0.8874435121817648 0.7618060111820711 0.1739793966344240 -0.6581528722451249 -0.0961656444244872 0.4699327293555667 0.7816291382450381 6.7129373102542678
417.0000000000000000 0.4114891346129791 6.0000000000000000 20.0000000000000000 0.8636804638415805 -1.3914668340382557 5.3955879619859441 5.2909179370161104 -0.1115030547104428 16.2416237800585925 2.6687387793213668 -4.8210651805369347 9.1711325309671174 5.3798064364742171 0.2179141605348547 -0.0531792402436865 -0.4532182465235087 -0.0351331598052729 0.3609239755401665 0.2369219818617220 0.4002759180099073 -0.2924563554536436 0.0374088841926759 -0.3584060249766798 -8.8823840448379787 -7.5146296498571719 -3.3835874516153246 4.9976612895856896 10.7050577272154808 1.0252251781830308 -3.7006769989563275 3.3866067216478357 -5.1499253465919370 -1.3880640954573866 -0.1244775941158604 -0.7901109393582046 0.5775706479684762 -0.0885538053924906 -0.6086657903364107 1.0877002958521438 -0.2085294642592182 -0.5744926097186467 -0.0317203183084262 0.2119230122020013 6.2913630158872511 13.0675644054861717 -22.0581360056456468 -8.0197595940583550 9.3818722965633636 15.1016111227579835 -1.2714232422911063 0.5052092824010838 16.1268829227277095 -1.3532608928871404 -0.3670747190870718 0.2003419019386772 -0.3936737717725685 0.3851457486660667 0.0712877713340412 0.1859009737696046 -0.4636578171574162 -0.7312202665749900 0.1394111929734897 -0.0987072068563008 -18.1965175197648605 -0.1811344597128399 1.5446709655643738 0.4778254584394878 1.7421200863215058 1.7040388393073391 -10.5636027284202498 7.2979722940935217 3.7435037807119222 -0.0535796527975965 -1.1933894445980688 -0.1808416535356683 -0.9102179313790808 0.1639519123704117 0.2795425931025615 -0.1210489883189858 -0.0770274953181049 -0.1035562909562160 -1.6040747091511891 -0.5190839372606135 -2.5242263736868353 -3.5954361767860394 -9.7174005427006502 3.4227041883624940 -2.9829558292675240 7.5198563945800565 -10.2676197913019625 0.3424019099372468 4.7651964644385023 -15.0426220531582242 0.0731657364692639 0.5423916181331846 0.1802954269250675 0.4309437989682097 1.3639800693647326 -0.4559438275975385 0.4461097586295880 0.0719223502962374 0.8304663191863405 0.1220756511597404 -4.2853081123603305 10.0057300711230361 10.9506723862470050 8.7104959438610248 -0.6902744672688311 -12.2460120859303156 -5.6241253352428862 4.6128356184711921 -0.5637368909706023 4.7869605952080851 0.6245158061274958 -0.4043450767565350 -0.6549662183081650 -0.4937743467384065 0.4841818361315336 0.4754912455165819 0.5920051508624362 0.6828529547052204 0.8268860313162473 1.2012557950194216 6.1987442725563167 -2.7093145261264420 4.4096777652374284 -2.2613334773733218 -11.7300069468803443 3.5762065669365741 0.7507369505557773 5.1890977399479539 -5.4444598056760869 -1.2236090283813952 -0.2088818635744187 -0.7498166630856917 -0.3050647450245977 -0.0176682734222548 0.1109380272688214 0.4453268226385244 -0.5032854029937668 0.6490475183906503 0.3211995018492830 0.1795403398145524 -8.0695771652348078 -0.7020302501123082 11.3751599144967503 10.4128800704788667 18.1571367091895546 -19.6351534701919519 3.9963494221346361 -14.2071645245810689 15.4210196765556642 -2.9847027793518515 0.5085052091794703 -0.0009876490216558 0.6226179621128184 -0.0380453275205065 0.0756532027603278 -0.6800943313372777 -0.0278562674945672 -0.7517439383391107 0.8512727048476090 0.0146862792771694 6.5042748242806994
